k,silhouette,davies_bouldin,calinski_harabasz,inertia
2,0.2799822986125946,1.3483563082913683,402.7053182365364,10609.818359375
