k,silhouette,davies_bouldin,calinski_harabasz
2,0.2621951103210449,1.4105592029484524,356.75235462684157
