k,consensus_cdf_area,delta_area
2,0.47901033325097736,0.47901033325097736
3,0.6614605926722572,0.3808900283695656
4,0.7475775575159505,0.1301921320751496
5,0.7943106079323324,0.06251264493769247
6,0.8260105803188628,0.039908786399124686
7,0.8519713401252782,0.03142908871263352
8,0.8696278285639543,0.020724275110099086
9,0.8830699347450114,0.015457309137926882
10,0.894367680613891,0.012793715904439564
