k,silhouette,davies_bouldin,calinski_harabasz,min_cluster_frac,norm_entropy
2,0.2838246524333954,1.3291591418565925,401.4655574908766,0.3650602409638554,0.9468035624931832
3,0.16433650255203247,1.8685609896400586,268.29891039414247,0.22048192771084338,0.9661334397719201
4,0.1501770317554474,1.8646150949409075,222.32063765266378,0.2421686746987952,0.999879807724589
5,0.1549370139837265,1.8214574651458704,187.32954790318544,0.1614457831325301,0.986478686824074
6,0.11881671845912933,1.9640773398498652,160.4435152135057,0.14457831325301204,0.9985757128695096
