cluster,n_terms,share_of_terms
1,90,0.10625737898465171
2,46,0.05430932703659976
3,40,0.047225501770956316
4,58,0.06847697756788666
5,152,0.179456906729634
6,25,0.0295159386068477
7,436,0.5147579693034239
