,SAX,eSAX,TDA
Silhouette (KMeans),0.2756016843173083,0.2316944422103551,0.1309685212308107
DBI (KMeans),1.013723788097532,1.144122397056737,1.5545181925050728
Silhouette (Hierarchical),0.2618258168862201,0.28186110215759036,0.49990658227615314
DBI (Hierarchical),0.926490098102294,0.9208878306794915,0.5193839218487445
