predictors,horizon_days,train_n,test_n,oos_r2,oos_rmse,oos_corr,model,benchmark_oos_r2,benchmark_oos_rmse,incremental_oos_r2,rmse_improvement
sp500_realized_volatility_7d,1,770,331,0.8622202109272811,0.002039422520701198,0.9287371436577275,vol_persistence,0.8622202109272811,0.002039422520701198,0.0,0.0
cluster_2_index,1,770,331,0.13722591075890445,0.005103439843999302,0.5430981089913159,cluster2_only,0.8622202109272811,0.002039422520701198,-0.7249943001683766,-0.0030640173232981045
sp500_realized_volatility_7d+cluster_2_index,1,770,331,0.8647444070968741,0.0020206545319876286,0.9301625174899741,vol_persistence_plus_cluster2,0.8622202109272811,0.002039422520701198,0.002524196169592985,1.876798871356918e-05
sp500_realized_volatility_7d,7,766,329,0.13381755471359957,0.005121769656053282,0.38220189981022573,vol_persistence,0.13381755471359957,0.005121769656053282,0.0,0.0
cluster_2_index,7,766,329,0.14420490360336846,0.005090966635265298,0.5477928030663142,cluster2_only,0.13381755471359957,0.005121769656053282,0.010387348889768888,3.080302078798357e-05
sp500_realized_volatility_7d+cluster_2_index,7,766,329,0.19623938352242032,0.004933767900896734,0.44973666557077663,vol_persistence_plus_cluster2,0.13381755471359957,0.005121769656053282,0.062421828808820745,0.00018800175515654768
