k,silhouette,davies_bouldin,calinski_harabasz,inertia
2,0.7225404381752014,0.4667169115291878,172.77142126471747,10548.6123046875
