k,silhouette,davies_bouldin,calinski_harabasz
2,0.6984818577766418,0.3999527568409428,143.85716982109784
