k,consensus_cdf_area,delta_area
2,0.43335029866147345,0.43335029866147345
3,0.4582365602336972,0.05742758606395815
4,0.6488171697647042,0.4159000526579815
5,0.7205384190562009,0.11054154025779969
6,0.7703156946240933,0.06908344406269601
7,0.8136298632406586,0.056229113490543804
8,0.8343193134419462,0.025428577705939055
9,0.8535907102475039,0.023098346754139496
10,0.8654095949540017,0.013846079349985985
