,cluster_1_index,cluster_2_index,cluster_3_index,cluster_4_index,cluster_5_index,cluster_6_index,cluster_7_index,cluster_8_index,cluster_9_index,cluster_10_index
2022-01-01,-2.9865381857120683,-2.1849889280289374,-0.2929134675281305,27.008702998566367,4.684560893018526,2.4988403996296187,-7.31078468647942,0.32629021874468467,-2.5980600441452077,0.013528358727110557
2022-01-02,-2.3931126754951686,-1.2938018962775444,-0.40980903342416103,16.48318624048575,3.9290777831135872,1.5513784486690005,-7.052078558248448,0.35504805216765073,-1.187571155665942,-0.14075787708349347
2022-01-03,-1.899638018878689,-0.6220597643437319,-0.4248098122525358,8.647714323418613,3.307086659701417,0.8308510607268896,-6.699522604006833,0.39172325022171267,-0.1643067358830303,-0.19917052472631483
2022-01-04,-1.5926985470103765,-0.17511070369382786,-0.33892147156551566,3.448631728793583,2.803629223790541,0.34739104638160534,-6.097631329038616,0.4119306248815429,0.5034077334842046,-0.17187546093905237
2022-01-05,-1.4549418131798726,0.0657331453234854,-0.14088515716330313,0.7877352657743028,2.4355347566563337,0.07571137525053222,-5.077485114358543,0.43169037350551664,0.7849185317505218,-0.046268505115443344
2022-01-06,-1.752499485862573,-0.09726111260185671,-0.06538672663074563,0.3384496602614279,2.2673571633534784,0.21504782388958948,-2.362320917377844,0.322629651969029,0.3959874706703596,0.13314312834066896
2022-01-07,-1.9912671946969627,-0.3910022256705283,1.100821696870466,3.404547566354878,1.8541203681806013,0.284347441520704,-1.7273322440008503,0.3185580099159507,-0.12143625576207687,0.4869507672075219
2022-01-08,-2.0123645382984066,-0.4687747644966598,1.3059092791133644,9.33376586674857,1.5998168614961212,0.04595663475203564,-3.319979539002878,0.08669012084265976,-0.40974594843416456,0.6954299434418526
2022-01-09,-1.7664299417637042,-0.4168058106590262,1.7017177542756925,13.191402819574133,1.6136436427427374,0.03858781198761648,-2.385323926107462,0.171777329756215,-0.4798721529710001,1.226000138075676
2022-01-10,-1.2043943389664356,-0.02920023324421376,1.83023680931418,14.492683796869702,1.8158408295209034,0.26959469010433956,-1.5155581849438449,0.49776452860621306,-0.1850444818446168,1.8616494666351173
2022-01-11,-1.0234964003379874,0.4456133257851435,1.4120794962293275,11.75972110603986,0.7718135968567615,-0.8894446133860946,-1.8256787197760402,0.11194295506867892,0.08078458493823328,1.4727299034920092
2022-01-12,-0.741540285018079,0.6843451805991094,1.1874401716567657,6.491879383329223,0.3243357523198234,-1.21818803544877,-2.242992859737764,0.085926245346024,0.3310478174476704,1.1442567423770957
2022-01-13,-0.8684835996787024,0.58811403744159,0.7252222793665957,3.9810580455085645,0.4153678545877517,-0.8889770364936407,-0.937121039472689,0.29562645448358904,-0.10447611281603424,0.9924639547450659
2022-01-14,-0.8997672341520733,-0.1228361573447562,0.352019098099421,6.093686336376708,0.7403792562014933,-0.7812801352189228,0.26765127606910544,0.6543385016018479,-1.0511709774570779,0.3153228034943874
2022-01-15,-0.9034285268014869,-0.5807858128857601,0.40469982987455067,8.99394860504702,0.6337721419860458,-0.02487594718817584,-2.04770719905921,1.182603843751259,-1.4758397718258487,-0.5435160054887156
2022-01-16,-0.8258500782973037,-1.0147619278040119,-0.17844512272374943,12.293060068131535,0.33738487843622067,1.0063970185396445,-4.528763718116213,1.5756639789391704,-1.63407022351069,-0.8072601452085791
2022-01-17,-0.8701394049449245,-1.0871119428321396,-0.5938166384566768,11.856589115152127,-0.08355664798590778,1.8520020867013745,-3.936122671579948,1.5605889233467636,-1.7388737307099202,-0.968972027471672
2022-01-18,-0.5812742718512455,-0.47954570599987967,-0.9099400613705149,8.459243219574189,-0.29499908208687087,2.1577335530230752,-4.705374632460695,2.2632332780187703,-0.6762666078933192,-0.7937422691457772
2022-01-19,-0.8803328906849274,-0.0002976929500900348,-0.7847176636087344,1.4214149999948615,-0.18916507340214672,1.8815546463289787,-2.8855199108598595,3.204455700359619,0.5184489638636502,-0.7511713471095429
2022-01-20,-1.4215454202767543,-0.04938195861506496,-0.2973410620209512,2.694436519846054,0.6204004011660031,2.0837494130359095,0.7045186016106132,4.2510649289888915,0.5423729700930066,-0.8470936545545759
2022-01-21,-0.6404850816760146,0.1841789458539193,0.37896352339655764,10.143609276993823,1.732730592242624,2.2197203552208156,2.9903248968987923,5.414359461865681,1.5804377012714244,-0.2007365895086327
2022-01-22,0.7821721440842442,-0.005186206303785931,0.41320835792339256,15.387005487573928,2.2936938201963475,1.2573789977704535,3.0750640024181566,5.636710352356088,2.3111896282679325,-0.07698643435156562
2022-01-23,1.9637285894845924,0.47544788012016903,0.21831376741311037,17.857749037563643,2.0424662716720405,0.8229032974605494,2.5422072940818974,4.948551391216384,2.7762616580812005,-0.10895482075150041
2022-01-24,2.70913143139388,0.41188675396596325,-0.4422643449041953,16.707034027489115,1.129048676498659,0.12726736034287403,1.510870897816082,3.4441420076547105,2.832973940167077,0.11793545584171056
2022-01-25,2.9014319412782803,0.669415329120339,-0.47335888814330424,12.288479484657346,-0.08250983365550336,-0.7515861632301534,-2.064478784140083,1.582136698320978,2.7962336998712796,-0.05417167555626854
2022-01-26,2.6290693688986897,0.7686808544633967,-0.26893495578656557,3.9090893130220348,-0.7856638382027331,-1.5060168686021005,-2.663577841239493,0.6445356341192333,2.798470926667356,-0.03574610774025451
2022-01-27,2.8183525189671763,0.2663431145496522,1.0859957886587073,-1.636171722814639,-0.4371768321415062,-1.092775189799492,1.545363718178031,0.4911013016155551,1.7002438634191717,0.46152270152320624
2022-01-28,2.9774809577524817,-0.34591747971611797,1.5626959040472013,5.073304358013681,-0.09457539989858672,-0.5815593509440574,3.097213017874987,0.6982936310415239,0.11845357391198105,0.38172801710088655
2022-01-29,4.484078996795733,-0.49981090595412253,1.7896587332519676,10.603794297404175,0.6010221653158117,0.21719070614980093,1.1594430580126005,1.5122301185613176,0.17119428068358233,0.7531897309317329
2022-01-30,5.409397633253994,-0.6259965499819501,1.6134245344156177,12.78826662725365,0.7031179396956211,0.29406017963085446,2.540107633913933,1.631273277320932,0.02075077937049924,0.45032148577107134
2022-01-31,5.6278198427717,-0.2989900633025503,1.0374493407119298,12.768810986285887,0.3592638448066083,-0.07681747829630461,3.3969682342048726,1.3852853541443397,0.1720682586745853,0.3587912865983829
2022-02-01,5.225592140417783,-0.2946437806615387,0.06595651120482915,10.50750104586062,-0.2859124731358403,-0.7394065275287135,0.8086558970705141,1.956150141888609,0.9380411826168722,0.05638851279268984
2022-02-02,3.397352198370458,-0.13938141133144977,-0.3194284557204609,6.082778794796338,-0.5957722084861552,-1.1338429548511302,-1.2632143922047485,3.2715645876300363,1.6148013631867866,-0.49790875368404724
2022-02-03,3.231238542560515,-0.37965549150386596,-0.4323391801986567,0.7242201071814593,-0.07727756512662966,-0.6920852549982092,3.0348539893726287,4.494691033788434,1.1972850361194929,-0.8549570016479584
2022-02-04,4.539012246290884,-0.5751662205214908,-0.20785691588856978,-0.9295733029961013,0.5291675032135862,0.07385562337603375,5.496225169067493,5.3182356823580665,0.5168249064008588,-0.981939042262611
2022-02-05,5.360077606579515,-0.5127849320376369,-0.666511273902994,0.5932429353816925,0.7855744906677051,0.41107599630353964,3.3088831504116114,5.817507304431249,0.2551687216645866,-1.1252656070184697
2022-02-06,5.752264562970309,0.03478790751254234,-0.818236449403081,0.4717076121783776,0.893165031257583,0.46950535139157196,2.408078683519838,5.706031087281721,0.025281716153957433,-0.993458476159036
2022-02-07,5.203614240991758,0.34178080705868435,-0.6064480682541026,0.3737215655352736,0.38780659200737855,-0.18136580942507666,4.114901227558088,4.484143452743845,-0.21416097051238406,-1.245299287404878
2022-02-08,4.384727128252276,0.7113868384166634,-0.2218440960151189,0.2681077749892591,-0.33807167400700633,-0.7238525548855934,0.35338523525622684,3.0505183772645057,0.18770614783749554,-1.063477733903603
2022-02-09,2.6201860991476473,0.7365790708592567,0.3129439290729755,-0.3720576630732034,-0.5866468146676549,-0.8833335681730906,-0.8467554984301877,2.57063802944794,0.6294177679101843,-0.9710169495279211
2022-02-10,1.044821088651913,0.3245742109129645,1.4174444404547448,-0.6090390351433813,-0.25854629542530233,-0.040158803142957555,1.3999979069406647,2.1391218753179553,0.14963300505780378,-0.8300683074937467
2022-02-11,2.500217119617514,-0.2237800068243672,1.6130885609747196,2.346311735249156,0.14629607660100982,0.9828775269520367,2.8645116639074,2.904367867259394,-0.5545713204345041,-1.1102573590348837
2022-02-12,3.820278434665284,-0.4894087425637564,1.3083355621903072,4.409421086639022,0.2878705076513764,1.7248286483500344,0.45234771964169623,3.6536170614010137,-0.6995059245382457,-0.6901940324635983
2022-02-13,4.728284622914799,-0.337680736467069,0.8639491737688612,5.551267304841044,0.20543047088644092,1.9034948298742642,-2.34546680691245,4.012738150322511,-0.598123886746945,-0.3563563855322607
2022-02-14,5.17555198672515,0.2875061921257237,0.6741203399196002,5.677548143274717,-0.10229571941880196,1.6538027538697004,-1.7395781419382328,4.156331823868929,-0.34271413906352177,-0.12776541581391251
2022-02-15,4.987998151163583,0.7301622842265584,0.34690053919596436,4.611901731720022,-0.8175655817054512,0.821991324401251,-5.026159873554411,3.706261367665889,0.2543964014823293,-0.41456634059513264
2022-02-16,4.274519679476812,1.052612509223416,0.10280151418105758,2.7167240949924203,-0.9717778824383557,0.501258555724892,-4.9689226577668535,3.13907010585324,0.7760035078492264,-0.33735856720421104
2022-02-17,2.2259889626709493,0.8451957791698517,-0.49300079491131577,0.08666893269083918,-0.2586894489931033,0.7844183736551361,1.4495899767290732,2.402862580726604,0.4852622159985778,-0.032733878523519215
2022-02-18,1.1405807801478622,0.42363731527852877,0.033592882500081356,-1.5998311702310377,0.6526476909665265,1.5629262702468487,5.043097403185658,1.9174805995717297,-0.32018365728937814,0.8705512717828678
2022-02-19,1.076248482291511,0.18938103752194438,-0.6579115977867993,-0.5313268148668383,1.0707053829872362,1.8079866008532073,5.242835999449057,2.490278002452592,-0.45958205585916956,1.8023308547974246
2022-02-20,0.9929852549095828,0.1163315681716683,-1.2581859738567336,-0.5630799384389273,1.1591661178129344,1.8586110602014358,5.096235727556148,2.5366140206644396,-0.6379333845552211,1.5964615487983336
2022-02-21,1.1304954125592377,0.4701353477754638,-1.9473595928996736,-0.613103624274862,0.7409246699257717,1.2480606362630324,4.2534467744529385,2.2183576590826877,0.2077567963973474,3.76587642809853
2022-02-22,1.403160538398511,0.9166589506514555,-2.0248879175844974,-0.6408788404298419,-0.07295854548461125,0.3704416003907071,0.9543228276033937,1.6489804471042355,1.491769283663824,6.530832257333997
2022-02-23,1.5637740029948233,1.1299127331413845,-1.8786442303307234,-0.7045498224361499,-0.7050224787790371,-0.3692560709129434,-2.331915300288469,0.9267114979812122,2.4027687271915408,9.363935124925753
2022-02-24,1.15281499668248,0.8990057864623922,-1.1085089987447128,-0.7487512757498263,-0.564009421637619,-0.3767846594822334,1.596571729618654,0.2339767602139694,2.0456605063810436,11.698227348982346
2022-02-25,0.6086722608353672,0.5683240501211444,-0.5078803214679477,-0.7596168827847489,-0.16439254948705442,-0.025911552183020915,3.666934766519114,-0.0283470372967032,1.4883162980774653,13.407304722806758
2022-02-26,0.3827244008398502,0.24695121913758336,0.6248325497864748,-0.8294796859859138,0.23803112091536377,0.33197762733694514,2.7270082275166643,0.2942062046273994,0.8780995983698783,12.720651699801545
2022-02-27,0.4591517064998921,2.847704994269478,1.0803047214005306,-0.8172789130545483,0.4140669218979011,0.5029628077429751,2.074466441642821,0.4540442221098948,0.6147281758731892,12.32860503863585
2022-02-28,0.8026995363382774,4.984014048169386,0.9381854997175798,-0.7722379140110576,0.3207458438973192,0.4735174548715421,2.817785173110177,0.6128644781336705,0.19614647960605688,10.3155067084367
2022-03-01,1.263215868169222,6.394195027068332,0.5440547593589528,-0.7731767341193142,-0.20792728343856476,-0.04677627516241402,-0.328403242825723,0.6881408657420992,0.9741234392256414,10.287350000094843
2022-03-02,1.450828426091369,6.485198185096208,0.06448641825374972,-0.7201662262055635,-0.61200824328517,-0.4724167464066492,-0.9817106714486933,0.7092584757612678,1.3506947613859912,9.406588010804526
2022-03-03,0.9883249442837273,5.127636409862289,0.6246424942880707,-0.6648251991035883,-0.3354543039155132,-0.20025934868021053,3.8796107501307806,0.6460653304795575,0.6058555236703597,8.732557501137979
2022-03-04,0.46155008395288105,3.058429384577454,1.2277077171282964,-0.79704723682337,0.2189434124813495,0.39570768376025756,7.890165897845623,0.5833520967685895,-0.2762886453073304,7.977483160513869
2022-03-05,0.33569924018725944,0.3791503801086204,1.263818114149121,-0.5561093050587465,0.47186436770646484,0.7354556683802942,7.089482851931125,0.5186323897737828,-0.08262501197294765,6.6479422181828225
2022-03-06,0.5368582413992399,-2.048599374255973,1.0884761833986443,-0.07163070916651731,0.5080512259258754,0.8451439122167143,3.959960533975453,0.5317221432516813,0.34922134029054963,4.69100199344671
2022-03-07,0.8762742006833447,0.889191898596653,0.5294560944561253,0.354946657510119,0.41423988366754044,0.7799700826936266,1.2058726378374929,0.9261020948561199,0.9894979014455154,4.959045949881599
2022-03-08,1.1744389112379818,3.0482981664786117,0.19974422845555412,0.6793602221705378,-0.005874202096763099,0.3372614403794108,-0.11392948730958231,1.240374804585223,1.781127572290107,5.138895456838018
2022-03-09,0.9199842478701252,4.169774586044319,-0.24428309850819283,1.15907362647254,-0.3882006797129918,-0.07580995895091812,-0.5457445235932922,1.6141864303785718,2.2259355034974115,5.054590941924557
2022-03-10,2.0866029636871715,4.016639711512858,-0.03780717144309008,1.443230888038061,-0.11964096213535264,0.3309576368891467,10.308679821358918,2.0506860292086544,1.4246702128576596,6.288128244371316
2022-03-11,2.867120561125619,3.004501139586897,0.6899034259108892,1.6132880975235802,0.3635698626058908,0.8786104044076767,25.151539099083504,2.3737496360055372,0.3710518421777502,9.260598454820135
2022-03-12,3.5440727575937876,1.6271474814821254,0.6235180554944237,1.5243048471598868,0.5874200690870622,1.1154846226319903,32.63936621689129,2.5995486744648506,-0.19783624028759025,12.307156895954204
2022-03-13,4.380730541218758,-0.28331946648343803,0.43752749662946055,1.9710219408098204,0.6097237482979015,1.086138610666811,32.854855562808254,2.2082679650929156,-0.1078925369456774,14.793364579392813
2022-03-14,4.565799884447585,-1.9027640817254214,0.6138203672221816,2.241788747524576,0.3624718596084695,0.6880147266571193,30.142352315336275,1.653644935051639,0.11779990027240508,17.191105446038538
2022-03-15,4.373260632475274,-0.9081699510031294,0.009421777371288608,4.246197292576762,0.038617251533942035,0.1740513352643251,33.14945567624301,1.7730790374566365,0.7804870514470111,18.667135771328244
2022-03-16,3.266072155643702,-0.6442097682259443,-0.04057619353302876,6.361642119853405,-0.1566592576359989,-0.24370546513630242,38.777823655278304,1.9796094802127697,1.193481209437435,19.1406757857743
2022-03-17,1.2790243476866268,-0.9764737878733799,-0.3187188226264354,7.730575660213013,0.3284351424744491,0.04576732850437461,51.093647507637385,2.337085876193214,0.6520511136782561,19.45435095593238
2022-03-18,0.9488298152102611,-1.4299402434403432,-0.26578570678671576,8.05682870940376,0.9256285100170584,0.6219365122616504,70.18694155379717,2.6748176126297176,-0.10949238283947971,18.873468896929236
2022-03-19,0.16251747430449887,-1.6584479373638497,-0.42410115152160044,7.330610143453225,1.2350260067788332,0.7652072866373778,78.11671116646241,2.880105930844963,-0.37509693485719836,17.263024617741834
2022-03-20,-0.3390533593402339,-1.549785457320406,-0.930303838909488,5.8826455735410885,1.208550557821827,0.7510259428802282,68.848653129853,2.6916149659421977,-0.46024927966913326,13.903897573072243
2022-03-21,-0.5626544417990477,-1.4200137731951576,-0.9826359518899862,4.003014240145186,0.9462013869248307,0.6776672492918105,45.72626912404687,2.0769944879627236,-0.2738145569926774,10.370550780366917
2022-03-22,-0.039341272438160775,-0.6410327453434804,-0.9394744262028618,2.1082700829917926,0.19810886674061787,0.02232339024827626,26.687242249569426,1.3292577668650003,0.26397716059313525,7.175822667993702
2022-03-23,0.5748678903231313,-0.27972936752609484,-1.3984919524864383,2.186968922453666,-0.27658520451264773,-0.3898625314629534,23.153130022314755,1.0896833258271599,0.6344251400004797,4.8121136471965835
2022-03-24,0.18869524600040669,-0.4480069207897268,-0.6521713717093778,2.17033610231145,-0.0030526647729154487,0.1108503659940832,33.300781310794775,1.0886340328074624,0.17085371474498368,4.022830877597755
2022-03-25,-0.14543808129715013,-0.6074429670404119,-0.17464990347675055,1.7405590951667178,0.4740261604053766,0.21034020790600408,46.640792068318135,1.2953146673517477,-0.4515999400612322,4.745108842273878
2022-03-26,0.6611659853053398,-0.401805844854552,-0.31181297680655806,1.40877600103402,0.5540714338905679,-0.19315967203388568,57.692415220294066,1.3825757470410691,-0.6125078573071867,4.908016965443486
2022-03-27,0.9316352138046641,-0.38771330789998976,-0.14236153795395617,0.9881586968378337,0.49588180016196265,0.11267379412783948,54.954165196856074,1.2868778103624252,-0.5173518472448531,4.647623911861119
2022-03-28,1.4066203793483836,-0.19628903640929174,-0.31761300476881427,0.7768522517944662,0.19425518717265658,0.6940627390359536,40.85184376022543,1.0110526532839879,-0.35277560320476176,3.946371613722984
2022-03-29,2.0942920186749263,0.22530297137140326,-0.4297042730403181,0.5320351892337384,-0.3571381954946344,1.3077372922516393,16.750033344352826,0.8203663087140505,0.1494023106132638,3.2472901822533875
2022-03-30,2.8562867425677996,0.6297097223994972,-0.9085229595645631,0.5167449179529815,-0.7282954348590998,2.062638691182017,3.035299805521942,0.6919184154293488,0.48760398103931507,2.8130549257619335
2022-03-31,1.956660434729159,-0.09545691089082764,-0.3525920530350459,0.537671093099242,-0.23105613966424368,3.656658544691973,8.151973487458454,0.6355322018385205,0.008334283081973638,3.1366499691960033
2022-04-01,0.6774187155421273,-0.6922004388133602,0.39154666719164644,0.5076150536996468,0.46409531046053776,4.8438773059066635,19.542090241424,0.6599448964949043,-0.5905587769165663,4.046416187750139
2022-04-02,0.2017858435876679,-1.2629762549871846,0.06412298260253788,0.3622421010210876,0.7083611613191865,4.254296948162642,28.826345016495775,0.7373622842994539,-0.8818156858072266,5.02214173271151
2022-04-03,0.7681856753663786,0.25196253165269533,-0.3154706121835432,0.2717688907019732,0.6333307613924338,3.0656286586953696,31.90145206505697,0.765255536045239,-0.8902589855203681,4.9974919715707165
2022-04-04,0.8500950754954893,1.4241604836901114,-0.7246725142856024,0.16850111408005694,0.31716156950557234,2.4872677700758414,28.827028802421253,0.8520697920861225,-0.6771384344692447,6.510189311048375
2022-04-05,1.943178157318648,2.766760046011306,-1.3228116505298662,-0.00864755180890153,-0.34596686533991994,1.7340410626301719,20.671770989239885,1.1169517940786613,-0.23928002503024892,8.674824628853589
2022-04-06,2.7442895186599,3.0061778208966765,-1.8040605219891694,-0.03869413684802014,-0.7852978595660498,0.8648168201078995,8.009632632703804,1.5441430007594072,0.05878205167937832,10.673079624209265
2022-04-07,1.8988715270860848,2.4541708490098086,-1.2606383252071438,0.10312250359295917,-0.40277518953581737,1.2517720284615956,0.4225225442627478,2.077525870907654,-0.3450494788870769,15.930730083604635
2022-04-08,0.7003680597540259,1.8557417671605811,-0.04527528681699983,0.1703373037882224,0.26816330405349953,1.7617641769462236,-0.21494301137929217,2.4339938473956284,-0.7879268803023152,19.450007553274965
2022-04-09,0.3145868777167757,0.9821281238355304,0.00800588799329573,0.13871463302096307,0.6158284452456387,1.5989888529222565,-2.95842272887479,2.576184549136305,-0.810591339131492,19.530173029561038
2022-04-10,0.3434444688469596,0.03829748050531332,-0.1264954133208335,0.0655777148101871,0.6098123679612089,1.554574754519893,-0.5438510083174691,2.295224644559518,-0.7579494275296964,16.684326339902906
2022-04-11,1.0628067443737743,0.797151159265524,-0.2302095925170861,0.04677876877441372,0.3326464109268583,1.8554507127144848,-0.5530597645777386,1.939438298848575,-0.46351373492641257,11.119924957636515
2022-04-12,1.916768105098058,0.759990202841771,-1.3289144480719368,-0.038914901734793325,-0.050327547715279954,2.045006609558034,-0.7490845056294152,1.6143652958208226,-0.08615814919943954,6.824384431248751
2022-04-13,2.479014727700057,0.21616581334063917,-2.5435906141190903,-0.14130643505918072,-0.37766414166697415,1.9936836683341361,-0.843991188320214,1.4796264586497367,0.0680230745761651,2.3333193184416214
2022-04-14,1.4691167397518448,-1.4057016310227872,-0.9102908840544106,0.0065772285456768,0.2834883929971632,2.5369768976462717,-0.7627668797075816,1.6741399267710193,-0.5390776776723747,2.792964827884653
2022-04-15,0.4091147868399228,-2.2211347568503625,0.9573122111666208,0.11859781118114739,1.0250964612094606,3.0279133240153926,-0.6278415021661117,1.97139975161315,-1.2006651768084502,6.343986646305635
2022-04-16,0.2562293513510778,-2.11591834889137,2.6591913372243754,0.13041689884964358,1.3357618892984033,2.243740917153586,-0.5590803949895276,2.1563756858138357,-1.5798553215233637,7.691307073968978
2022-04-17,0.3787355123311284,-2.0420226549640903,3.2657139383401157,0.10762079821500745,1.1466323338469584,1.3299574894835358,-0.44191752661637224,2.4644796833104277,-1.0399704340550593,7.238648783662347
2022-04-18,0.8337607136137122,-1.2419469071860545,4.093393678817924,0.058582074013240275,0.5202398436262768,1.098063302674861,-0.4285476526759371,2.4896125609668323,0.04505941416822931,5.857525482389071
2022-04-19,1.984434030148616,0.005348045003181563,3.6499542282241904,-0.015665951942754268,-0.3739239764600672,0.6692155787372689,-0.472388046849445,2.6659618004623162,1.4736031420627518,3.3414783293980377
2022-04-20,2.209174517079511,-1.2162133493754292,2.483587047485085,-0.07620796586377204,-0.9426617958216893,0.48254201249038015,-0.6155494560832776,2.896130452108922,2.3438569891952947,1.0455067467947028
2022-04-21,1.056211764564071,1.1409301015182927,3.3484927634791424,-0.11352062213489057,-0.7938968922101465,1.0396754705279458,-0.654842824690954,3.179851670477641,2.0367702588882692,-0.8757925856340645
2022-04-22,-0.06995987298544265,3.3497202072543293,5.48694250952189,-0.0574668246853519,-0.08745191443459756,1.6252766341594527,-0.6001807798953076,3.3451578006004286,1.3762795740280875,0.19904655717897368
2022-04-23,-0.21155126974542637,4.948147453634059,6.334747470044801,-0.03424178065888419,0.21948027275048515,1.4412043931658935,-0.585904246169845,3.3865806348428626,0.8512199180934401,0.5639314810281975
2022-04-24,0.15876679834988944,5.729697498714148,6.749129407148343,-0.06395636066851565,0.23750442179963505,0.7492967900397826,-0.6131894570619252,3.1244836002448255,0.3097938543686062,0.6920495061582062
2022-04-25,0.7699680582438515,5.714927357336005,5.991951477251645,-0.316674374251445,-0.08647808036769855,0.45445985338715067,-0.6242834782324678,3.0864262306500563,0.5385588607676829,0.7126191703481789
2022-04-26,2.0080276927420537,5.002374333580176,4.955837250215936,-0.11121897676077035,-0.725498618915896,0.13722787289901678,-0.6871633427847849,2.6952595995559046,1.319091970849371,0.7127662703240338
2022-04-27,2.8641423323826634,2.7593216704021306,2.653617789159923,1.1075567876722503,-1.2019484069569597,-0.09662035876841273,-0.7192526419396423,2.2170631815316337,1.832474198294305,0.42429555509710665
2022-04-28,1.938816466794693,-1.4119696656968903,2.491071829732824,2.2707968780389254,-0.8211047445245788,0.5498070884423168,-0.6667987452742268,2.0747896664574106,1.2786188048544955,0.712119421658757
2022-04-29,0.6107849573782299,-1.6587106392924802,2.66180797670574,2.9474462233879875,-0.19372894019568115,1.3552245717337843,-0.5571757623730019,1.8489659613735108,0.5369083460233115,1.154375274416848
2022-04-30,0.08376276154349334,-2.0363999826042014,1.7279276979258207,3.0952706327618906,0.10580360690395642,0.9949114210377015,-0.42003231212201797,1.6914289376826592,0.21238020991414827,0.8776811720297648
2022-05-01,0.16948369088185392,1.0377922783187636,2.3207370466404145,2.7191849564621817,0.10948340674334395,0.48362101951070074,-0.34895692949581636,1.775579451897845,0.03191946094092151,1.920498475343352
2022-05-02,0.6316063549862554,3.676824888361837,2.9749439207866155,1.8094334390170397,-0.11564839096126904,0.8010312199827316,-0.3041136476775903,2.0118221307332482,-0.00444517366513861,2.658324122686454
2022-05-03,1.8790770893207112,5.747015108027392,2.2590154887635063,0.4971198211761987,-0.6524939575868305,1.0128563785236258,-0.32728386554470895,3.1587728942403563,0.9309777775528537,3.2702664186866497
2022-05-04,2.714420123971552,6.401560247983728,2.2481409473765597,-0.1552609425534664,-0.9422031260360078,1.2327473485808937,-0.4411234918765832,4.8305651815233706,1.7554626341835744,3.1047426002046206
2022-05-05,1.7849809567061614,4.264801003297684,4.398966916788077,0.1286468565582011,-0.49065114052780956,2.278106345543749,-0.4309654745647336,7.115028951462585,2.261403702079722,3.89700835946806
2022-05-06,0.5507272806532036,3.9931089074125565,6.7871919259844375,0.20533424015999618,0.1487258862945061,2.926247041195187,-0.4080201419740868,8.41566487497578,2.6294560206403763,3.7408154263075475
2022-05-07,0.013026956097732363,3.4151561124810637,7.77512052804923,0.19287607644768007,0.4061918676556644,2.6761592451528933,-0.28083823632142946,8.561749864719033,3.178160041785916,3.2568371370167295
2022-05-08,-0.11642627063483837,4.862204162386166,7.770272633137049,0.08361244227554016,0.2822741202968249,1.219673083842531,-0.19921710420748806,8.541775269051184,3.3387815571825223,2.5851535991364405
2022-05-09,0.3273075545248391,8.204471598742055,8.286495519128446,0.01051284474433915,-0.06411414366106621,-0.16295565599244988,-0.1224829183593812,7.770258678299416,3.519587606466231,3.257367159211246
2022-05-10,1.5526099873937018,9.04663941319484,7.287397236720911,0.28754786120191533,-0.7334597729617908,-1.069601736608659,-0.16183620171114593,6.218926983920072,3.7664919598232554,2.5473254603512774
2022-05-11,2.4864194249832625,7.766668978902494,6.822352532697866,0.5327358503231806,-1.158002506194626,-1.8297860249414,-0.2527483804402607,5.30380211891927,3.8595383804048753,1.8825542560987236
2022-05-12,1.6500430060867437,4.266064916757784,8.923048965829791,0.7448006235309547,-0.6258117180267403,-0.9295492537262238,-0.21986797204424513,5.388229263052252,2.5511901911105945,1.7203169944091579
2022-05-13,0.4298903899971625,-0.6566330989080941,13.927004597450473,0.8504349015436122,0.043516522644571655,0.3292421582053623,-0.10608918808078728,5.480965123998313,1.600490853485034,3.0253113988552385
2022-05-14,0.02375523409801025,-3.4553936379025507,14.192303789482114,0.8111744647736132,0.34279019901649976,0.8705136804902402,-0.049827547932973906,5.024029019055191,0.8660265301853075,2.879450803272697
2022-05-15,-0.0439527280653197,1.5314825474536586,13.940274196497802,0.6501682339113979,0.4076589359672896,0.7591206817884883,0.023750915166182652,4.670219387496338,0.3528188424159313,3.3703940520981632
2022-05-16,0.30122552502243066,7.731435849840134,12.127054895809916,0.3692493725578204,0.1484830906156977,0.42760297831277666,-0.02069117070324243,4.733555926281146,0.38774914855288223,3.3579863669074594
2022-05-17,1.4098203885091762,11.88283682031311,8.738374595349924,0.1343210176173756,-0.3755437112940195,-0.39973301798599714,-0.003728179407407124,4.078854903699207,1.4140022915521127,3.324871302174529
2022-05-18,2.2975122399331633,13.825546421837467,5.773222992525173,0.20427811064924886,-0.7718476382794855,-1.23037962038882,-0.044483346624683576,3.278726963990333,2.129246678549852,2.300359251371233
2022-05-19,1.546746870787285,12.460543585539838,6.581349088387699,0.17099242080614727,-0.40182848093572543,-0.6808963223213761,0.12639685956689056,3.0317692034992914,1.614008988867607,2.011599604059482
2022-05-20,0.44955717787555527,8.117460365928789,8.801081392231614,0.10971436209375394,0.10926863766736512,0.5395020889001149,0.3944141050528204,2.1979970406105074,0.8221315352618918,1.5381388916545544
2022-05-21,0.14136383854568518,1.2757138623560849,11.402563813055929,0.03012239471654677,0.46046462092687235,0.9088879277989529,0.6069718361572188,2.1199711869413362,0.5207194968243763,1.4224487483509316
2022-05-22,0.11905058960943762,0.30577812430249907,11.46295980173982,-0.0007061343766144178,0.47153764384445473,1.2874677934560255,0.6894932913228815,4.313585747719954,0.20243385262092523,1.6211717529557588
2022-05-23,0.42747797973809754,5.807183101445778,10.788420560310524,0.008771950781182765,0.15835181873447615,0.4579149599780643,0.6346316875810135,6.21829700990464,0.21489502765955304,1.7158751977755031
2022-05-24,1.1312080133139504,7.9460358762137595,10.06254965811405,0.026485318219408922,-0.3819276392875812,1.8247015661988857,0.4361824121916301,8.758076389847842,0.8250431410531222,1.6222751675366303
2022-05-25,1.9716794403864102,8.347084917675561,8.943401303885176,-0.01167382279855537,-0.7093062852736713,6.355286304014874,0.34732191823912123,11.270263283107887,1.2896928773283411,1.081603251407675
2022-05-26,1.6293839897630642,6.862063104301126,7.703020427144345,-0.034471629203910024,-0.5234795888721426,14.29586522279792,0.1950843663769959,12.915098484285362,0.7549784002776926,1.4001699728952794
2022-05-27,0.9570660055617588,3.3623842057000006,9.330597033758803,-0.08491696113378583,0.5777236446976061,24.029107794218113,0.6575742444981743,12.939034498942704,-0.5104817687765907,1.3995067490093787
2022-05-28,0.8266811216609248,-1.0390956333692838,9.377118789047849,-0.19228818208903814,1.3188253224544675,31.599669655555893,0.9576889634993374,10.439312744213945,-1.0410190313844372,0.9782206546084008
2022-05-29,0.8638542157522641,-4.786534849792355,7.783248294769936,-0.2574948114212204,1.8323301494030053,34.67613995467933,1.1225693775420582,9.742935558454942,-1.158618650328694,0.9419258983708684
2022-05-30,0.9284809412045937,-2.8861597461957014,5.412567976273033,-0.22811768776944075,1.6033735360309427,32.87387189139479,1.0138371049765547,10.198395893699121,-1.03166827214675,1.4259666466618617
2022-05-31,1.2201246025591979,-2.3349938423921293,4.885769145524117,-0.17939308112736935,0.955855217412461,25.312850110550592,0.915233225652227,9.265526645512175,-0.3741310249249664,0.7768175438590421
2022-06-01,1.2194386192606868,-2.2240940712718387,4.472432150641344,-0.13582622543854905,0.31659551498233196,18.550994570420748,0.7060999549830045,8.903581960127593,0.21677836587162466,2.08135300887788
2022-06-02,0.653167868967676,-2.531853598852063,5.592509485224338,-0.15297191323195836,0.21651611498258722,15.27118308699906,0.8295458155304211,8.845467620608641,-0.13193857012819413,2.8994066444441797
2022-06-03,-0.055110059148811556,-3.0617319696484797,7.1966900592480245,-0.11606933281073599,0.22803906478389047,13.615333788690872,1.042713024419805,7.850926278980317,-0.49959969681757915,4.099928985660668
2022-06-04,-0.22568765773408453,-4.392836998554151,9.497227837304322,-0.07106895770188797,0.6439142021157377,13.67097650415783,1.6756125491057199,5.973636876790111,-0.8353209372645936,3.9606960742044333
2022-06-05,-0.1730462508065157,-0.7186626362233506,9.22184818541631,0.11531354125559233,0.6955685555723233,13.285656017787232,1.760669168239749,3.9546593480895966,-0.6865746486032631,3.3080590284956943
2022-06-06,-1.3577197941987478,2.771108026038888,9.012204141916822,0.3841657315130712,0.5141421130104931,11.72055329991347,1.571434227324459,3.9141489543807526,-0.4861746040499762,2.834589020372553
2022-06-07,1.1023269835516996,5.391597235937945,7.202656864838097,0.5627499491666907,0.023071024241981486,9.774699988106587,1.1305687330325849,4.680493192068315,0.2022193447171455,2.022443538867845
2022-06-08,3.4643481880511855,6.6241932272599575,9.279482938963072,0.5903146835555372,-0.2681291449686149,8.44002552831874,0.772424224377354,5.461130103160329,0.7076968577367152,0.3851412605477041
2022-06-09,4.441868143572275,5.7589279655122265,11.00864453865093,0.5422642916490765,0.09651324971847393,10.827225027229307,0.42692234044745425,6.535160100448866,-0.061811280597340874,0.6283517138918326
2022-06-10,4.527256532862099,3.458829868595798,10.666069677889627,0.2997182799815641,0.597828230721048,13.96912695166389,0.3685584956699529,7.7684532739421535,-0.32669150033573385,0.4932525734465907
2022-06-11,4.146710515219109,-0.3519143542081501,13.241229268503426,0.06984189031893265,0.7659067357614899,15.601590028533664,0.5598423933817399,8.533165022019416,0.28014182913693564,-0.830658913808714
2022-06-12,3.1411776033005996,-2.059203932346629,11.647835163192333,-0.07732998965034978,0.6371442199212057,15.904963196445957,0.6560930626496609,8.517963274823561,1.19179162606624,-0.4034268401072341
2022-06-13,1.4975720992408779,0.6766089763584493,8.400983128916916,-0.04620304362817775,0.44155051985509197,14.200211885932598,0.4407708681306234,8.470187725638965,2.239999774862982,1.2256458770200376
2022-06-14,-0.8786180481804462,1.8178008829278627,11.332977886925288,-0.04309099633330512,0.15884467557481094,10.342171435737091,0.3471112119668976,8.07020790162474,3.2302750867655794,2.880283898400008
2022-06-15,0.1922167198194432,2.0487680298509683,10.607147921045541,-0.03672165872988541,0.12672832188271974,7.061385118866819,0.28323705877721506,7.9413451869717715,3.8500170796927944,3.0988292335932965
2022-06-16,0.16780891098424747,1.5231668418822202,12.824039809568356,-0.011067126715249266,0.568322099530201,6.740007378817898,0.22073445848200204,7.99456913830135,3.1555617379112935,3.146206906424751
2022-06-17,-0.20370315591325852,0.20038251286676959,12.688644991861999,-0.018024786851846476,1.2082471929789491,7.867076906541844,0.17781595871992362,7.846706252038228,1.5863600112881204,3.313417593178913
2022-06-18,-0.3526830502129773,-1.2568556406352622,10.286651727192236,-0.029254542510835348,1.4780543381762288,7.911735659785558,0.1754064369944439,7.185474574551304,1.0278092066267386,2.3239272922834115
2022-06-19,-0.3237791273436412,-1.766695523626857,8.755867304990172,0.01030055141396748,1.435128659842331,7.7353893580886055,0.35164416196497894,6.608470275496587,0.7858295143801853,0.7861007850717212
2022-06-20,-0.1540603899590678,-0.6648846020725786,5.900763498892936,0.04739984718822909,1.1754699953132062,6.982267499171864,0.30725876995152307,6.16794218034456,0.7461905496998823,0.908228513841658
2022-06-21,0.11389876412698806,0.2397042639631097,2.87439310723291,0.006808726373538866,0.6694225969397758,4.964789181000242,0.48286669712537306,5.7309740123472706,1.2302328346189795,1.4455716242721801
2022-06-22,0.21945577271590447,0.7359481956472009,6.332642474557626,-0.11894319846978825,0.23244374520806574,2.6544843521914068,0.6857239963239259,5.177613357943031,1.3882523065747026,0.9515021970718792
2022-06-23,0.04002914335011375,0.8322089501763191,5.579388798935682,-0.11176548410488978,0.330469109818075,2.426991461227249,0.8118615530656282,4.906773309974587,0.727567064349801,0.5197038755758452
2022-06-24,-0.16258995246194347,0.5394801406209496,8.625987771313222,-0.13838111571814854,0.5309297627086421,3.426025045863038,0.6921726563183305,5.125597060969632,0.1079282840278149,1.4731261708777905
2022-06-25,-0.29885277297357554,-0.3756112769507003,8.775573862428981,-0.16132447309146783,0.5959829288184602,3.772523313570756,0.42856049592457807,4.73774252911969,-0.334294722891515,1.9403764819230118
2022-06-26,-0.2971453627434425,2.1880261400167207,8.315854090922068,-0.02467830039641949,0.5655292952301183,3.3560734572071538,0.19124910646529095,3.647037800557315,-0.4098503873852536,2.609291752595653
2022-06-27,-0.21056992407858954,4.886167840830472,5.855983076437146,0.0869560503066789,0.4040149659848874,1.16761378259857,-0.06943116610448188,2.8779673821534644,-0.15892778855781464,2.822971516929973
2022-06-28,-0.011620599222882022,5.5996315263267284,4.737064163556963,0.13882245231166446,0.1687349215722633,2.2435025016552164,-0.23929150117664164,2.478726960776545,0.4999791606495522,2.3669769598611383
2022-06-29,0.005619473786437368,5.420883574099492,2.0397865311537005,0.049441436319802315,0.026306804184145174,5.897789152434989,-0.05870350904698752,1.8701257907240196,0.937365710810637,1.7928369513738402
2022-06-30,-0.14891898413710536,4.0581703460111465,1.4967936873715522,-0.05600107252103295,0.18248023945888678,10.237534540319558,-0.06540300557016505,1.5855232703011952,0.6972934826329511,0.47585671698860776
2022-07-01,-0.4905148114043917,1.792159972639123,-0.04957770827045221,-0.0752468818042343,1.036677583649311,15.246930450321063,-0.020095381430037085,1.577314735057666,-0.27660920232289427,0.18599065036503185
2022-07-02,-0.5558936258644324,-0.9359271619526901,1.3571047080290777,-0.38328247480695943,1.4865895677241256,17.465115932250992,-0.0519417641699094,1.6683077623543983,-0.6211943851340476,0.7788083124019248
2022-07-03,-0.5115516940865817,-3.1983811641421336,1.2070587739293643,-0.23650656962497524,1.5897046671926942,16.551638125195378,-0.08855316912135405,1.5122307230295347,-0.7748612511613114,0.5702156590019661
2022-07-04,-0.352889191418433,-1.9551111380087678,0.79057925192918,0.1309588261437149,1.5429871818889005,12.15570118991236,-0.08642079406094987,1.2715245167136788,-0.6672718380376921,0.7834609787029199
2022-07-05,-0.1493848789628916,-1.5735243092391236,0.6236590872289701,0.43286713823553136,1.257315491598917,5.217107811340705,-0.12370907848592204,1.7179440770322265,-0.030121632172647697,0.8306549530928361
2022-07-06,0.00016569553140857762,-1.5884045597819945,0.6536602519882337,0.6848556180383889,1.0259844742095716,2.2825308034683625,-0.0805742757636012,2.6555531632028875,0.4856827354576598,1.3768420212738568
2022-07-07,-0.12921268125803895,-1.544215870994361,0.6667513734946817,0.7430224799264366,1.0357947959673806,1.9235651608547548,-0.0020296489933270445,4.1022514391115275,0.17858639304755777,1.7950087338825065
2022-07-08,-0.16903715645137599,-1.6494695326220608,0.9199739116016327,0.6731430908874848,0.9211311006061617,1.7330396790607243,-0.03554768008160977,5.2156649152630825,-0.07075338309237598,1.6744063436677763
2022-07-09,-0.28294274888271376,-1.7104721816195774,1.061777516769958,0.44983488281576944,2.977444310793769,2.3921067477309506,-0.043806076044279114,5.491614777839565,-0.5559395562541452,1.8213853028024034
2022-07-10,-0.23599499306072674,-1.5359881333742316,1.155101448626508,-0.0032173568971480214,5.454822865323227,2.0217705545430587,-0.06453758739439948,5.198789346858862,-0.5366721314079622,1.865259058718838
2022-07-11,-0.08921581291554728,-1.7396498925714772,1.2036133219687328,-0.029899830014249625,7.162885545402594,1.3481851550755743,-0.10172250487974663,4.175664118138941,-0.27359258010580356,1.565202947849516
2022-07-12,0.0590037656530632,-1.8022364150795414,1.141259975923721,-0.09348384956825134,7.505713700073853,0.1435713679447574,-0.09067124360359215,2.747379287632745,0.2982537682431373,1.128879031847685
2022-07-13,0.06982018454545688,-1.8694919471370268,1.076623605051836,-0.20583195589383385,6.7475823414126985,-0.8562613336850825,-0.14397803976179216,1.7734290916776398,0.7964403652530638,1.0500269093052321
2022-07-14,-0.13623936579955878,-1.976553369279197,0.9551081020859058,-0.23647122054831768,5.367206362899964,-0.06864811674557741,-0.07954150640479404,1.8033764591062826,0.38515549065693894,1.3739074866953418
2022-07-15,-0.39385194383894595,-2.077796901372842,0.6458390277192902,-0.3204851375738438,3.184545068884198,1.061887775112943,-0.03605596022247684,2.117135576678324,-0.1589242768386399,1.3173784172420464
2022-07-16,-0.4128304343841288,-2.3228767661136898,0.5926198486984806,-0.33271601001674433,0.773056852059578,1.8033548521883804,-0.03455338481478845,2.306175822376029,-0.20206131690035667,1.0057784764123725
2022-07-17,-0.3780045860088145,-1.5415783638355607,0.32996159168304756,-0.3281074093990805,0.26103865256502706,1.909773879503143,-0.04126353311420772,2.1705917463121187,0.08214627094498184,0.738171929276092
2022-07-18,-0.26048954179860656,-0.7913418014347863,0.3079572851849452,-0.24745309162843868,0.35292489331936866,1.4027597879837392,-0.04228752968903974,1.6669453676049577,0.5679247107313218,0.3957125827472771
2022-07-19,-0.04689376350494083,-0.19295036751493325,0.39790608211351897,-0.10625813978541108,0.1018730427409752,0.2604406271832441,-0.07620396379114051,1.2526055579835593,1.3028665821929877,0.684292065911674
2022-07-20,-0.02466016521423693,-0.05802815726510296,0.503565153743906,-0.06506236849155528,-0.3035234805240694,-0.9780438493521236,-0.07101869186757698,0.5960618315902546,1.6497898315078232,0.9468106827517473
2022-07-21,-0.24882979619519996,-0.08869851983169812,0.568888548112012,-0.04773315279038386,-0.1961720503452186,-0.8022378564239603,-0.11643206906190551,1.2585518466027545,1.039822825442257,1.1414433692701205
2022-07-22,-0.4669739126347485,-0.4445927087609281,0.5993144392965828,-0.05754180638071045,0.16740666959872164,0.13546395097072617,-0.05562180708306205,2.2403909339540546,0.10766655171939898,0.8885500028275317
2022-07-23,-0.5394228445990734,-0.9100201471978235,0.4604856153638236,-0.14520728226438478,0.35610122553321405,0.5635755768535344,-0.04273614585819604,2.9131487336899404,-0.3545551255478245,0.3239017808567914
2022-07-24,-0.4754356583727249,-1.1578742254746217,0.3153978189375418,-0.06311407933240862,0.3688528800756704,0.6671624494541204,-0.012602580415636855,3.389963042819074,-0.43195224767453644,0.15969117171449962
2022-07-25,-0.3375314843240486,-0.7345503129791492,0.1756660826759921,0.0641414025043666,0.09329568051188614,0.3458803004467154,-0.02925458950916228,3.2576985547199393,0.043296625993794025,-0.14394030039396394
2022-07-26,-0.09269879793689101,-0.725286710050731,0.2004488586435608,0.2108545993507963,-0.2584046899915319,-0.43615665158644895,-0.04070014809123067,2.4056692620639475,0.9704145991035642,0.44217492810263526
2022-07-27,-0.003082504940171687,-0.4847176325594443,0.1906075067653316,0.3148953300331071,-0.5738346998831254,-1.2721099179684578,-0.11373346664891607,1.9065235473589495,1.570881988381574,0.48687605399088424
2022-07-28,-0.17025859677162103,-1.0247198727845361,0.19524614322058714,0.18713445649307972,-0.2796702095049406,-1.0450300619135184,-0.13200016018598956,1.5484960890190207,1.2090511227658698,0.4128022063350631
2022-07-29,-0.4105198885275976,-1.8555173748333542,0.16564215811820654,0.3838529520166498,0.24319893177978427,-0.33028087278968843,-0.18815925427039343,1.8551530059062105,0.5519800770286126,0.0755766227128932
2022-07-30,-0.43812559557098163,-4.64920938139337,0.11633086307291166,0.5836492708074646,0.5643078278100288,-0.038489998401790335,-0.09474123646537454,1.8233734968634743,0.14027315901856863,-0.6898105790309501
2022-07-31,-0.35212544937961815,2.005159246698679,0.020924669806988486,0.7085081904311251,0.7124441902661551,0.04050807205645031,0.025396225701132,1.6962282914318914,-0.08243981970208607,-0.9516597134587303
2022-08-01,-0.18755977356486345,7.919558194537514,-0.1120764142697737,0.8798342366710291,0.5783410806019703,-0.3236168332555111,0.12008463145789763,1.4918015129401005,-0.033582690491872236,-0.36623232829259506
2022-08-02,0.05845814971088721,13.254466729145982,-0.13707421991100924,1.0287985403446762,0.19227793057098594,-0.9839998045131052,0.17047626832093737,1.1038384537131312,0.5395579356132129,0.19403785836891163
2022-08-03,0.18799022698169632,15.589068042103749,-0.15266372680321277,0.9855446786017121,0.03245123265782372,-1.4431116795431127,0.1081303915116337,0.741705747897903,0.9606507183380106,1.0332165976460503
2022-08-04,-0.023655908600566673,15.305882095737731,-0.13952777209800643,0.8467214687474051,0.18271266019340116,-1.0345154176550158,0.0009701887783102325,1.0493869825652644,0.4329272854478869,0.9282345710206343
2022-08-05,-0.29252368022481723,11.268046636824321,-0.10555744440127648,0.47407151257358987,0.6995622539746219,-0.11905373483869745,0.00721601180278073,1.3548641222678122,-0.09660954065996635,0.28519806681702536
2022-08-06,-0.3812429029731086,4.736716376555085,-0.09362665936752593,0.4215442612571357,1.320860691849146,0.2967602647350586,0.04135033008524289,1.472959036742693,-0.2912259467371164,0.34019120934675107
2022-08-07,-0.2992296973649963,-0.18143399525240383,-0.09394030350405491,0.26910076628930235,1.5839331008142825,0.3603913614775066,0.09996582939963179,1.4453991591430615,-0.29039009702822494,0.38673019443583967
2022-08-08,-0.10614997713831988,3.408130344484401,-0.07055409293363826,-0.0023274388057747913,1.5271192743122006,0.05878732713308958,0.14689351453068997,1.429779103881928,-0.03464008774274829,0.7227389903275024
2022-08-09,0.2049866627132241,4.082871769925335,-0.09135914021424174,-0.43502202038458426,1.0690799209877613,-0.7060159043678421,0.22617353917692742,1.187233783029061,0.5896782116978163,1.1948368869460102
2022-08-10,0.4809410702076389,5.290158170470462,-0.11087479528131708,0.2317496641936928,0.5399203644828907,-1.3318234332075023,0.18935252046190906,0.7725004504802684,1.0157300215935527,2.4015733906539407
2022-08-11,0.20465150005290728,5.0936737061662924,-0.06309462395631146,1.6536960946888446,0.5850698102155313,-0.9288692995522029,0.08177089678122564,0.7065860057547826,0.5227072128897514,2.320879163997523
2022-08-12,-0.10790869792653615,4.09671199135125,-0.04461336645163132,2.7543808659018088,0.6367662381235087,-0.2291612650076012,0.012241160484531667,0.8093889637090553,-0.08321173051886857,2.811181844456544
2022-08-13,-0.20631107901824744,1.411834134664477,-0.07563648553562362,3.240449430656886,0.6628032169391631,0.11907603827798223,0.010247164668498948,0.7762017370177532,-0.24210396532252554,2.5008948930680974
2022-08-14,-0.06081463658697189,2.4401635189779696,-0.0632388440137787,2.8989489380405664,0.8394518824367417,0.2866029899546424,0.007289463937165084,0.7849864634309943,-0.28527003944919976,2.448572460258477
2022-08-15,0.21977154937684829,5.096744653365695,-0.035034464610362054,2.2819404031762978,0.6431946141555293,0.142847165600648,-0.03493780867866527,0.7944570901585896,-0.15467327854481658,2.265962844812287
2022-08-16,0.8277910155398146,6.320809550026648,-0.011892862162090545,1.1890040885266742,0.18798722239339213,-0.3709938332867784,-0.0488744379826306,0.7407622631735803,0.37411025491373956,1.4380497738175984
2022-08-17,1.212203114426963,6.0350800287200865,-0.051975262371081375,0.199898738279623,-0.16500283736288743,-0.7067271596465395,-0.004383528529807454,0.32280099230516884,0.6835211490227546,1.1572668742001413
2022-08-18,0.7515893585072776,5.0296209209617855,-0.02879488097997589,0.8286281063986227,0.1838556948737053,-0.04254879129408197,0.011977786914910821,0.3194745565068266,0.22823714738308543,1.219563544222568
2022-08-19,0.18986199273900056,2.9449093279409984,-0.023704674377795762,1.7270105848613087,0.7173557633728168,0.7176053469511812,0.02048546740300301,0.9888214765658195,-0.3902161307978933,0.6630472712343344
2022-08-20,-0.05676806152143947,0.3414473653371129,-0.08841746853435899,2.0053511512456157,0.9071174830446002,1.0269864595653495,0.06226965453026909,1.4777945673022646,-0.5390717471299517,2.3477127339999124
2022-08-21,-0.044123392080792564,0.9374650383928396,-0.14970546386440842,1.8124861374921037,0.8001889277200317,1.186778459305308,0.005026812447185427,2.2411768829391767,-0.5098743471749229,4.599111742517719
2022-08-22,0.2603963044106985,4.272666122131898,-0.15503345363170215,0.899666372179205,0.44171736494999203,0.9463726636685937,-0.02571540811344474,2.837473891478433,-0.3544328452377012,6.268585692292513
2022-08-23,1.1919216669897885,5.758451191820434,-0.15528938402050885,-0.21004235336306254,-0.28166311555820395,0.11501232044957317,-0.08143285603481033,2.7793862983857496,0.15646038572568774,7.232142386057789
2022-08-24,1.82393741750614,6.062289935733187,-0.16968002147151018,-0.5206326400431762,-0.7631874221230461,-0.4017047557125541,-0.16189798536991518,2.30666494873411,0.5676006729158996,6.962280458443919
2022-08-25,1.300767734914686,4.872519989859572,-0.1344841153987924,0.5140809962144287,-0.4679712936436491,0.3841391382369364,-0.1634843245282698,1.5406832693840105,0.15348277324804369,6.897811552847805
2022-08-26,0.5328890256724258,2.872337585618546,-0.07514586248263959,1.7567271550558141,0.06874176074232054,1.434751465306167,-0.11552072955057577,1.3089942127080854,-0.3037966436611064,5.6662740379886065
2022-08-27,0.1894047111489416,0.12380637416393368,-0.11432660882057759,2.5685669722197084,0.2825634867915986,1.6205985279722128,-0.09361736982019572,1.32190052587455,-0.3908460292855741,3.887864174030102
2022-08-28,0.10394227311092004,-2.1389822983348763,-0.15336428386985201,2.9119531403570904,0.34721474035811567,1.574855460759303,-0.0897637108631669,1.0985995032725129,-0.3368490112895859,3.002090366567323
2022-08-29,0.20035575873192257,-0.758672360476816,-0.16803793456626254,2.3950550211637247,0.12478037006910474,0.9384686079052139,-0.13667726377526412,1.0524036846527574,-0.14101164213345635,2.5218618165308624
2022-08-30,0.979494590821502,-0.30376420870049364,-0.19025404379290795,0.18550801910282794,-0.3661372837144205,-0.30903062371433954,-0.15484087409655728,0.8693948152052078,0.3022069137997211,1.725573297497889
2022-08-31,2.2328323870437754,-0.20744673142882847,-0.21268986976509777,-0.8452588791359628,-0.8328995431049075,-1.1455470200649915,-0.17879866559649518,0.4274012444585352,0.6144284589430776,0.3783014108300483
2022-09-01,2.3865170521833177,-0.17794127385272004,-0.19617286858133742,2.3238927050577156,-0.5979101814106131,-0.6710108066436323,0.009170531900773599,0.17835907376203414,0.22387309468825398,-0.4162943086340446
2022-09-02,1.6020368865094834,-0.3583545516263424,-0.1385758478166613,6.389522849336774,0.8677744012307569,1.384357382052765,0.16955207520724008,0.6264477483373238,-0.7568462475314959,-0.040816605140468615
2022-09-03,1.3815394585255658,-0.5050433268567068,-0.11654182607997485,10.96031167000062,1.8694857315148437,2.6958124165605852,0.25894065050372694,1.2901686812435105,-1.147070549776289,1.3156086156635411
2022-09-04,1.4392432708640361,-0.17763334595587182,-0.14397982033726361,13.04528924302514,2.3713096529307696,3.259546998295378,0.28766630961589795,1.872530264033803,-1.1402809231289355,2.2390128577971278
2022-09-05,1.7197537335948876,-0.011892213928532205,-0.19358757682306293,11.767607301535897,2.2419345143321796,2.8739779485550323,0.21068108325588375,2.0521360334965704,-0.9093858439711114,3.032749911079336
2022-09-06,2.5938142879524033,0.6337082656991844,-0.22453598856191648,7.583188720262553,1.4335967931346307,1.4118714801408037,0.03342294190660221,1.9203727528833132,-0.21393418944049486,2.9738277903202457
2022-09-07,2.809939684339925,0.6751499406124405,-0.267040260087105,3.848635977196848,0.42811969682640105,-0.14717206919176112,-0.11146774553602383,1.757555155482091,0.3234571582950545,2.2734839418417363
2022-09-08,2.3791682352081303,0.022742942749925662,-0.26169989515876685,7.152735668226564,-0.3462631967447353,-0.5295873886762977,-0.06046018874535035,2.0031559116377506,0.151623509247357,1.796790245560409
2022-09-09,1.7143517093576517,-0.6098243622913742,-0.25406431357212667,11.984097472192033,-0.535643207643373,-0.5705047679576054,0.11240059167877288,2.2525850540242893,-0.2610085468284046,1.5448379126916423
2022-09-10,0.9543977888927099,-1.170671939810209,-0.25403573833407245,14.948548815162425,-0.029554845318191286,-0.03629783159419482,0.11747146139259472,2.80896064005514,-0.5872854353708342,1.1941231475491805
2022-09-11,0.9551932904372904,-0.8882972449031634,-0.19243806006375094,16.357849856728848,0.11384218413259692,0.14370664668593838,0.10217457389267132,2.9732947221322235,-0.24041179445505123,2.2454730133796503
2022-09-12,1.26820367180075,-0.1819149863781604,-0.1552545625185763,12.851641541845543,0.0749471817438096,-0.06890599344552725,0.05037734259595586,2.7071907764002723,0.33717667665854645,2.6311015832301097
2022-09-13,2.839198845670383,0.5105942193556207,-0.1569834484159469,4.469792266411805,0.10899433587127405,-0.8035873129577435,-0.09811446167068631,1.9313895462153647,1.171085886108822,2.0976089813452066
2022-09-14,3.7592378196015144,0.7987456459555569,-0.15459795483798813,-2.8229574986600205,0.48192975580261366,-1.263826806243599,-0.20819198624153887,1.2573770554466293,1.6334005317586235,1.3702774635304786
2022-09-15,2.6000994258002557,0.23152171238789315,-0.12658214376824267,-0.5770527828110088,1.2523337850278629,-0.7222791685134227,-0.11986397832509335,1.0690979463773793,1.0810508927253724,1.023156942287905
2022-09-16,1.3460652001408462,-0.5788961515997766,-0.14542881115564418,6.340210980715343,1.7923909463326284,0.07257067513032678,-0.031042817534663245,1.2840333733402616,0.3245572628172047,2.0673890075058874
2022-09-17,0.732245776604497,-0.5515002812779415,-0.20976585571346926,11.084257717165611,1.9599560126597266,0.3719803597676317,-0.046348108969047994,1.3539721979698194,-0.2601745438479583,2.62948236973774
2022-09-18,0.38095894401862934,-0.08945860487324359,-0.31190869803287347,12.538698675588826,0.5184151823493882,0.350641828257612,-0.047539926429977106,1.5643831846130078,-0.37178288932252834,2.303862323811081
2022-09-19,0.623867875910402,0.8457046860022066,-0.26628932868888494,9.98448070897814,-0.44002423190897955,0.10002848418598449,-0.05804444280606382,2.296641791010071,-0.15178939635806182,2.952788790088158
2022-09-20,1.7750755442973194,1.7196177274773345,-0.16395712211302205,3.6056880169759653,1.8469853753171175,-0.6362965093304593,-0.1512591426447056,3.012328420562545,0.6459060586154368,2.5096959890137343
2022-09-21,2.8072467968432124,1.9382093518694241,-0.09647414012126374,-2.315623946096124,5.164233546696298,-1.139891723705632,-0.16879441681841795,5.352573718169173,1.2790268014171056,1.6602268528676505
2022-09-22,2.1038158264592304,1.3211174950857738,-0.014892435747065664,-0.07442778950511933,8.412983017321238,-0.5313006784456729,-0.00656056513071217,9.039406578434654,0.8637193526952975,2.310014561194632
2022-09-23,0.9967859503858462,0.36157704542701624,0.07834987087505921,6.694297190077409,10.174804058204023,0.2519638238100749,0.1533370188124975,12.970706102626421,0.2657597969277771,3.778246976742805
2022-09-24,0.48694550759531674,-0.14296712654892216,0.16807404199118192,10.646251974367747,10.013495875850372,0.587490044935541,0.14785825668011643,16.55246713223767,0.04916979452527229,4.733644346088564
2022-09-25,0.23460900989391914,-0.017517084305074603,0.16683630163121874,11.49019607716647,7.743985545493475,0.5332231904266284,0.11461974449900567,20.625868321681303,-0.03343750119700263,4.387301142250919
2022-09-26,0.30638266353231663,0.004496238388019954,0.04673987645504608,8.202257049246757,3.3509713921514805,0.2083639937835741,0.11541625784861495,24.23323429002042,0.16405996820297922,2.9795151137651406
2022-09-27,1.2555139197423861,0.07679799201265913,0.007363168623320987,1.5609616637261041,-0.07671903643151645,-0.46811150033512083,-0.053107467037931906,25.763002360222682,0.7611179323477187,1.545369196477194
2022-09-28,1.8007946553961889,-0.1592686927079103,-0.017137230991839007,-5.210903187178448,-0.21263144270866066,-0.9861550145797878,-0.1591858947002123,24.96769116744639,1.3318255932053709,-0.4143888854023656
2022-09-29,0.562314621400226,-1.0056997606197495,-0.04437871484277921,-1.6570401052235406,0.3387235506445091,-0.5082675112674508,-0.16415382864462644,23.47775900984352,0.840534073804322,-1.176702958423865
2022-09-30,-0.2709752455166926,-1.5115360842438055,-0.09805941479574612,4.971201906914114,0.9133819965765366,0.18422613542566738,-0.133238026595364,20.5925427465245,0.09256937383887945,-0.048761241505778624
2022-10-01,-0.40009839630018135,-1.5527746642445657,0.016940300851907196,9.130672729033131,1.0494683082902272,0.4611610876423005,-0.14414672232831924,16.48889637077221,-0.13972765928070835,0.8460097487837573
2022-10-02,-0.07281101257199898,-1.1913251944354408,0.13806526480114503,10.070343236923883,1.0040786983829362,0.506946907634293,-0.17329799277943836,12.6277595752628,-0.13158036253091365,1.017149347000477
2022-10-03,0.5574237655791374,-0.7978030714684989,0.33392632967173186,6.902449699147508,0.6332171205227213,0.2897670169835695,-0.21041370841833323,10.28677028119415,0.03405684831173704,1.2578650203600867
2022-10-04,1.774281145079972,-0.26069261760168994,0.35842764098552216,-0.24124760953586624,0.13487088405701386,-0.21067514341295182,-0.326677737947041,8.669948120320676,0.690949522350434,0.7797806941786157
2022-10-05,2.4089809064845795,-0.16942642549642964,0.38868302110172137,-7.522393468037391,-0.1214528097571819,-0.44640494909614226,-0.21502015649269626,7.04957513477136,1.1482538950555152,-0.17980466613131918
2022-10-06,1.3507054023050569,-0.6237166783953149,0.29549107468692754,-5.848702067997754,0.23778327350256212,0.07685161527751563,-0.04599068395403082,6.12324626098335,0.6644035927953663,-0.10717314725772474
2022-10-07,-0.2969475647822616,-0.9982707168281151,0.12469581489801913,1.8166705218095225,0.6198741754448733,0.871511986044557,0.043403202812807795,5.727120389556055,-0.037894230786554295,0.24497363084295223
2022-10-08,-0.40209583035251234,-0.8163999298300186,-0.18425331691257704,6.108854764761217,1.2888501877560876,1.0470120269553786,0.07922823859887763,5.283084830593535,-0.2871074424753142,1.3281934138391511
2022-10-09,-0.10451686150998175,-0.6000482482439133,-0.1992747096602198,7.7086293243758295,2.158917603956996,0.9319170524254003,0.13007500263820243,4.878035692984908,-0.3502317299369488,1.9742594495678853
2022-10-10,0.5732105805591273,-0.2153423279901634,4.847974780537445e-05,5.675428588143349,2.834579002228663,0.536939618730308,0.053373658461389153,4.6557362711097285,-0.03933958298496525,1.9482318489316361
2022-10-11,1.7982288082039637,0.42204589086991046,0.1827579524003315,-1.2576957918556315,2.8617245362574373,-0.13849231747627683,-0.1130773649397219,4.165676897432099,0.6480413524241626,1.5778376876855653
2022-10-12,2.2991187704974703,0.8522171188129694,0.5438694342126431,-7.401288009526693,2.515134140845477,-0.5860213665956231,-0.2333711898739274,3.7862123090732926,1.206297054559026,0.47284466420519755
2022-10-13,1.4191176639731915,0.39081085427764234,0.8801703981682376,-5.273493929676636,2.2200082573758726,-0.2518208061403445,-0.13885435693520243,3.8269063333505935,0.7726674928050226,0.8103111090945763
2022-10-14,0.36075867608586176,-0.061170507019746315,0.5781889122364956,2.761214807056536,1.5861544394638125,0.23547692229968323,-0.05710901046773862,3.9908512897308444,0.11547760781374919,1.7819315143767946
2022-10-15,-0.24987591504660436,-0.10641753234454403,-0.09387902709647906,7.110352576752995,0.533348830307688,0.5126494507463921,-0.019639280276673735,4.1535298588413845,-0.11168748204849004,2.02468332181082
2022-10-16,0.06474724178890158,0.2546676026532989,0.25551015844543135,8.253164888411238,0.07745149881209276,0.5067811509147955,0.12120165071478615,4.094818233363875,-0.09579974609112564,2.4292506373685843
2022-10-17,0.5154553716999482,0.6893493614017248,1.0387139411117268,5.618435884524249,-0.12827700263205072,0.19467730387661294,0.2622318766613192,3.868525901597752,0.15365935611715975,2.6849065138238615
2022-10-18,1.663887554231064,1.3043579517729638,1.5766179188765281,-1.8869388922933032,-0.381688693571985,-0.3704676427470319,0.13070194258349482,3.347459609884819,0.7698618240728555,1.428571225366927
2022-10-19,2.072060948106829,1.6947568847739176,2.518385061478108,-8.058466620337525,-0.6022526660273957,-0.6946494576929159,0.07215949828235352,2.6060174683128885,1.8572676326646116,0.8513569056576802
2022-10-20,1.0077909844548427,1.335565103589395,3.7476189142943825,-6.080729802822761,-0.3465391050382977,-0.24499274987685124,-0.001819366733279596,2.2796136406540435,1.9953023896660729,0.8101783348199533
2022-10-21,0.13831947789407026,0.7722975557083593,3.9619236119617987,1.024000213572539,-0.03606692897045788,0.3195733879607435,-0.18834087284633036,2.605019418616784,1.6575537684506914,2.14175361005308
2022-10-22,-0.03575754064799357,0.6423559210122157,2.9594422784564802,4.83403106318081,0.045951352111459766,0.4821324935066353,-0.28601725986020005,2.723936177465555,1.368808106012099,2.5829569993408517
2022-10-23,0.25749592398505133,1.0599043746935393,2.135759459362123,5.578601048965023,0.016010560712113788,0.4267242984751573,-0.37025470575755337,2.6371102724601165,1.1041881247617076,3.0522605871521473
2022-10-24,0.9171106519736294,1.8441448451610958,2.131881126582863,2.926168250908481,-0.06062412027242524,0.2154981890506839,-0.41260462715151575,2.566548545061362,0.9132697036539865,3.138369777944261
2022-10-25,2.202729405571062,2.943104060530162,2.004729199487411,-3.35174985074499,-0.3376372910008786,-0.3834687766321747,-0.5666048069113361,2.1854296088804914,1.1460430155961687,2.300107886345056
2022-10-26,2.9159130988313624,3.5450647911759856,1.643684136702524,-9.981013263346354,-0.5001685161485137,-0.7518436372653513,-0.5116836773648764,1.5990196445387725,1.7871304905147345,0.8808766954990509
2022-10-27,2.124130716373588,3.3706944576678852,2.1455422355771634,-7.273932922837894,-0.17694724254294758,-0.35637101587800907,-0.2582403102987334,1.3303271582063139,2.568422754116403,1.7347219685926654
2022-10-28,1.2607910564496316,3.1152373685651678,2.221778975699632,-1.1618697706318732,0.14853362150264682,0.29184150500761386,-0.08773570185065044,1.380407073552993,2.984305334171227,2.1383784589299597
2022-10-29,1.0335409030410707,3.4090243795613033,1.6408437497315542,3.337011286913693,-0.05035345541955165,0.5450967982045223,-0.032831822966510986,1.806009546167629,3.318873918769026,2.07716881883149
2022-10-30,1.294701515171335,3.9016235250623796,1.103912994006981,5.01797307771163,-0.3120259134147197,0.4965348926263169,-0.09211086498480238,1.9411618396015162,3.4262826402022477,2.1870264549584846
2022-10-31,1.9431765440085151,4.752638656692872,1.0138585952680497,3.4928523158384395,-0.602722198577215,0.17334531289989016,0.05266808512008286,2.1350973258121906,3.2933163979603215,2.36062057597561
2022-11-01,3.1220943230740197,6.0294862611007405,0.6348122751084498,-1.8142719541865444,-1.0155253201620849,-0.37256903880932923,0.15639609746522878,2.250849195337827,3.1742384879462544,2.0679010591840625
2022-11-02,3.4104618991608886,6.672814071382033,0.8496899384917549,-8.081961720533402,-1.0264428870206503,-0.7023453594538636,0.11033519856643123,1.8988852755426764,2.97398514970208,2.1668765507411476
2022-11-03,4.210720508543205,5.678645636569843,1.4039108637034177,-3.5937077539337845,-0.38995191901385595,-0.2495898884081888,-0.108513428349268,2.00046017855575,2.376573239468774,3.903881523633767
2022-11-04,5.304910409656313,2.085386330366643,1.3602615052635327,3.9082881862361383,0.45679303086465733,0.3535189122153849,-0.6115399639327667,1.8370261233516731,1.6679903710983102,5.733294253595286
2022-11-05,5.872530260365941,-5.48933377046174,1.2056014612925783,8.209938498120932,0.7624145508739603,0.6543162617627749,0.9259856249402258,2.187180544738037,1.295810284306064,3.7617592893211236
2022-11-06,5.68570368198453,23.197445896367398,0.5808680073710731,9.58099226066232,0.27034484391221875,0.44364497668954395,1.739307196103867,3.5482041850859387,1.0827089255462143,6.8607288848885135
2022-11-07,5.05879552819922,50.31135789675124,0.12611227298172228,7.266718940811909,-0.2813408742659276,-0.1017634764779874,1.9215423895997614,4.86273057987372,1.2646226118312158,12.87966793200146
2022-11-08,5.614884251553569,69.0653721916065,-0.6155172452215353,0.6272084849388553,-0.7862461618676719,-0.7789373215714188,2.074052174483324,6.586929267110267,1.988994732836285,17.27769028232498
2022-11-09,5.057229954930782,77.5932885494959,-0.7849698191156177,-6.276125176232721,-1.325337437771775,-1.1467486827438909,3.915131237857212,8.548905549206783,3.0224811525162254,19.6668474539911
2022-11-10,2.925876435375454,75.61681321410217,-0.18595677070854522,-6.129413487286841,-0.8224278396669339,-0.6282004086764535,4.726468003204007,10.260325967523512,3.315497693615416,21.59166283650096
2022-11-11,2.6475438832489617,60.49333936251322,0.3001369311170662,1.9063267897632703,2.3864376657498707,0.08148578374696136,3.58935496153806,11.24180889284184,3.090853444774591,20.764649833524246
2022-11-12,2.6878239376461415,34.04208235946049,0.2955447693465262,5.782678813680532,5.000940237121036,0.4312459153897569,2.133737645363018,10.400833596451397,3.276454581569788,16.105262885638346
2022-11-13,2.102141359938509,8.777897147537903,0.5106150210727446,6.554653548638091,6.251617790265532,0.44984710196888844,4.320252055687369,9.194203195856177,3.3689914818572855,9.376215062267194
2022-11-14,1.4724187763976229,16.92489514656822,0.4270828171467663,4.128463304128015,5.980239018482651,-0.011934699479637392,4.271165166523947,7.863209579135837,3.2193354306663067,7.741521909558099
2022-11-15,1.6556778105302246,16.060153231295875,0.10740789633628374,-1.5215738375979964,4.676782414525399,-0.6870389608369128,2.5869506847523893,5.645992512249399,3.227948456265188,7.075729995258633
2022-11-16,2.5979845221739124,12.985043949121632,-0.1055849995290548,-6.708846353467248,2.91898949602485,-0.9453474787723378,3.3594491616520306,3.838836065980217,3.0515185497331205,5.480779847667705
2022-11-17,1.5632488298446003,9.33814193762347,0.1894716481415628,-4.680610914314625,1.1333376517273122,-0.49553535244110164,5.455797043410079,3.6673112722778733,2.3010310431037047,4.586045627982468
2022-11-18,0.4263252032286595,7.002047063891815,0.30423315368263937,0.9424827729704343,0.6271687226914565,0.05104545945120588,6.000957030469103,4.36869688354718,1.235924994541471,4.8663835441333
2022-11-19,-0.0479477018535261,3.952537281659021,0.2507741528822659,4.097913505850488,1.9338663411805372,0.25966880163951617,4.97196281904328,4.930828321701793,0.4725935483671516,3.8416403160968313
2022-11-20,-0.5032025172044626,1.3718081311743933,0.071835991256149,4.161869289060968,2.205281964747263,0.3135139769356692,4.505601996030447,5.333614232798913,0.5377823051952919,3.3867665136051386
2022-11-21,-1.0081547598740155,0.9118394554043868,0.21122438191682277,3.222386925350763,2.045902698161677,0.1146382765936214,5.778213208235397,5.431589073765222,0.3245108519584763,3.2812086212261007
2022-11-22,-1.2068170330225643,0.6140955604693564,-0.0409732567290831,-1.772376693678053,3.6740340586757676,-0.09064434993243038,5.711133829138692,5.302355311146006,0.4721194709124625,2.3303372223076613
2022-11-23,-1.272286051802533,0.2775369534821085,-0.17752669558234302,-3.4043813215821968,5.075775391193419,-0.35204434014571984,6.087382912925075,4.904690157129398,0.6685428732841247,1.2213574086650434
2022-11-24,-2.0503476317095286,-0.34655824937070084,0.25755488724547004,1.7567656158745333,6.301515617927146,0.09458064916129268,8.2276006059295,4.5039992981335075,0.24785530758452215,1.4055960950063582
2022-11-25,-2.559936756894761,-0.8552854691171775,0.19580459256557975,9.642303664447574,7.512765618570327,0.45185112946662487,8.71062522814699,4.316951212708164,-0.21650476131534557,1.6606741492594994
2022-11-26,-2.0250324366521917,-0.8614980448470204,-0.03448258496832986,13.389154267094328,7.75105466590043,0.381045783087275,7.343991843497499,4.332121138003829,-0.2802888788080905,3.445019554119426
2022-11-27,-1.0349040609204698,-0.35902545976692357,-0.3839463238486734,13.099076293975715,6.17772850412989,0.02771581764379416,4.387457916233451,4.511755119624184,-0.004421664001058155,4.380709982099943
2022-11-28,0.07368634219223998,0.09149347258282657,-0.8856833820988911,8.548315892172555,3.59748541482245,-0.4307325376619895,3.2105029929046105,4.604414182048567,0.6464724357755117,4.825021869012473
2022-11-29,1.305661944987589,0.6955077226329882,-0.5941765568605863,2.130495166751097,1.013097019720524,-1.0587442956365798,2.010385059052907,4.414862224221494,1.0553198896943594,3.623020692469423
2022-11-30,1.6062320096704852,0.8269040208305698,-0.24381565628779728,-7.005907856631013,0.6583874691965693,-1.2670219818355766,1.367952625511129,4.417923023113051,1.3713432625721644,2.3133659184530333
2022-12-01,0.7759982495972382,0.5355806660750605,0.8198835595816926,-3.164579271278142,0.6981360778946364,-0.9765814467014303,3.0441488098899274,4.2567276474831495,0.9640578839057186,1.5783191757800388
2022-12-02,0.00831404464122117,-0.01997365912135065,1.3355998211881155,4.495535739502796,0.992193538902458,-0.4713129253133565,4.075062951461762,3.9985459230158833,0.3937983427450013,1.5039169888750337
2022-12-03,-0.25331150007159586,-0.6291049476568363,1.4129699200628134,10.131705857903224,1.724291431534234,-0.42358812657322087,3.644956628736316,3.256557689348756,0.11473802634455765,0.6077145150401226
2022-12-04,-0.20797875377923786,0.920354105710623,1.01869964747208,12.143507166667765,2.0927045992953506,-0.48382762185128864,1.9771600176342112,3.53460458544826,-0.03833989041614731,1.2942147754119662
2022-12-05,0.17771357386814654,2.3783967380030835,0.6714710418049188,10.688733962272952,1.8966843258199282,-0.7117564529924778,0.6798312994562674,3.4584516481985945,0.17008847880398764,1.4374717778950583
2022-12-06,1.3017226723664832,3.5553875944928928,-0.48793187324821535,7.066781984355765,1.24411256939457,-1.208241432108435,-1.1267916957049255,3.247079536274556,0.7260975229894483,0.7473341506622746
2022-12-07,1.907508057460981,4.00187175536886,-0.8247910082924734,-0.12553709281782843,0.8451458953501185,-1.524760021383599,-1.62722707176758,3.18568530410585,1.0557658229819489,0.4335567242507387
2022-12-08,1.0655710821634388,3.1774795186172797,-0.03860328582504564,-4.3692453342753845,1.1535600658173286,-1.1032436769958913,0.8942416899746124,2.9730879661858443,0.6093026738447193,0.5626871894228421
2022-12-09,0.19780192028203242,1.9370231406812952,0.35275388071053587,-0.3334676754995697,2.0031209118227262,-0.48191759127116063,3.185833898146319,2.657953217421547,0.027723526635865223,0.7585189116328853
2022-12-10,-0.0720393293028214,0.4142649570398584,0.04337247933914933,2.0235316905228333,1.900630615863245,-0.28168977604930895,3.5551536795818497,2.6391334893345655,-0.1820187317801725,0.5834002134292834
2022-12-11,-0.0144284623800177,-0.9407981935388412,0.19695702488335337,2.616564717669223,2.507479906453506,-0.4097926547243169,2.6466282312864284,2.90363364441954,-0.1891430301450427,0.38217362607863625
2022-12-12,0.3570813118438563,-0.16507757288007055,-0.042441316578505084,1.4594923226308762,3.3784674014455836,-0.7069510728018709,1.855397119726371,3.5539264280624976,0.049672602739448214,-0.15542753380596366
2022-12-13,1.2840575871893496,0.31029111955215954,-0.09507661050768226,-1.05310038702678,3.6789648486522046,-1.1848723530591447,-0.7698554390368619,3.4520678652261125,0.6996417151807768,0.37122426169211326
2022-12-14,1.8030471616282453,0.6994219056761871,-0.5163776066331934,-3.6249005642146814,3.9382622730868744,-1.519354044485087,-2.8847639897500392,3.176584424207148,1.13125843590293,0.477657934147163
2022-12-15,0.9634325572863954,0.3374004744546078,-0.19836211276603316,-3.453111041356651,4.380853634037671,-1.3090498929436127,-0.9936544210675815,4.219771638961839,0.6288204281482305,1.0674890877103809
2022-12-16,-0.13688231055008215,-0.17351266472048205,0.17810270920116894,0.13099806193391733,4.859498361003405,-0.7068593635882362,1.3440425162255192,4.719795602888576,-0.023210818333064393,1.0889779372846131
2022-12-17,-0.6423078024859176,-0.3754316810048537,-0.050801957383870625,3.8342166071310437,4.935037791424419,-0.26973859304623204,1.0259911572468305,4.8593964238333305,-0.38360831408144397,0.6297566848684624
2022-12-18,-1.0882503312908152,-0.5421573354460566,-0.4315048837951023,5.331566607352742,4.2024459035784805,-0.061354245233103434,0.7046542033938517,4.799763812828441,-0.555029317214674,0.4836855514910736
2022-12-19,-1.0103934241584844,-0.6164437850198432,-0.20378573264733393,4.683784801222809,4.091115056459933,-0.09709997365858491,0.7089218841291447,4.368762808932639,-0.5098393345449027,0.1781147383277832
2022-12-20,-0.8786069668566446,-0.6095774356160196,-0.41170298758486135,1.5801582978229702,3.945897259992014,0.08045874598565757,-0.11448358955712643,3.561338892159515,-0.054154291721002154,-0.1683412301353293
2022-12-21,-0.5175319856047839,-0.666057473033744,-0.6111414268595075,-1.5171287451396893,3.761191989336398,0.20039387777417256,-2.6557495500363744,2.370812003707262,0.29870691100421204,0.17216033633175676
2022-12-22,-0.9082670180887892,-0.863587633207916,-0.2564409378507427,-1.3460505164004557,4.2149018820986095,0.736065336045773,-3.4937461401248937,1.0262767579112508,-0.04904274805683536,0.08521578751308605
2022-12-23,-1.5704318791406298,-1.2309795069515883,0.8519817227079992,2.7438789167513753,5.21446607158524,1.6283707965418963,-4.189830988407925,1.2003021981684507,-0.8147209245655563,-0.1288082275124638
2022-12-24,-2.021374427867832,-1.3033451727541043,0.9104092403661335,5.610016857694516,6.025188914492265,2.8352527355256596,-5.963077485872084,1.2631781022235593,-1.0507344228058608,-0.285666741415872
2022-12-25,-2.328107768693276,-1.2598671473463743,1.2477947591295453,6.740424736780413,6.198660228799642,3.871921152236536,-8.106195330410737,1.424904741386807,-0.98592424667617,-0.6285290463471689
2022-12-26,-2.5910764512070106,-1.269053412423142,1.548560538280591,5.626642976520199,5.686016251708075,4.451962444503961,-7.345831093236668,1.5904432462288172,-0.7035678125480228,-0.44552763173825477
2022-12-27,-2.5407540785348846,-1.1264005335783838,1.6278221970686502,1.985571764301371,4.391034089320748,4.4425177687037785,-6.315201077617583,1.6549963212020329,-0.05746831422736919,-0.2141644700644776
2022-12-28,-2.8111932701324935,-0.9769901680172615,1.2489633998529226,-0.5606283529993812,2.9449561553088666,4.193614286838495,-3.5012050851474443,1.9047615641669404,0.4297286600768793,0.41331410218068165
2022-12-29,-2.7445179910335686,-0.9545406644284704,0.7069202669750767,4.590516234986705,1.7441458941149497,3.6077221933859533,-1.4406698911773819,1.9025737475077593,0.11504744025169387,0.6102688418955878
2022-12-30,-2.7739143326310858,-1.045296040624971,0.3976103647409549,11.255039119697738,1.8238413729358212,3.3471111627574905,-0.9420486051045717,1.8677355928265842,-0.5484149460557645,0.9556271020156409
2022-12-31,-2.7006741180624814,-0.9821021386236353,0.5527837211421458,18.41526091696315,2.207772171254426,2.881179965815352,-1.8781738033669,1.848736694780649,-1.0617018221793437,1.1450680034770762
2023-01-01,-2.370862918019258,-0.7335941037597606,-0.09698148592957886,20.970883867915177,2.1780040455564396,2.550017857327934,-2.946519690879404,1.9183646833265244,-1.1502324255887897,1.2741773333479551
2023-01-02,-1.8340031171848223,-0.32871226907742246,0.060148427865226006,18.941443522776332,1.806322251072785,2.0124651251020707,-3.9297626192788577,1.9089406051937672,-0.9571928289417863,1.3514146587312432
2023-01-03,-0.9326119703710204,0.143379140337711,0.05803301229971754,12.95506849791423,0.9425828893864868,1.2043141367412544,-4.032060103789094,1.6514631246147864,-0.3522878787163169,1.2203085039262982
2023-01-04,-0.4318657897647649,0.8015867068586927,0.04338587375752897,3.176692344520462,0.13176212681113153,0.7023665567569497,-3.1789611599139147,1.3341326519873045,0.17232538287367818,1.2168954526887346
2023-01-05,-0.5277397528653376,1.000388176690639,0.4742739434931509,-0.18943216913742816,-0.19585450728256612,0.8746533385137344,1.0093561318758477,1.258225611733636,-0.04424807319607262,1.842987809523034
2023-01-06,-0.3800389232937987,0.9292873825754222,0.4213900953992654,3.662558515830113,-0.30742186231470786,1.1716194291816293,2.6260912612087277,1.020035871624256,-0.3829773594013797,1.7502645560535244
2023-01-07,-0.2483689172213059,0.5955844412534895,-0.04890699963815604,6.914084422274026,0.33512493941533616,1.5735676809937207,1.861034780855973,0.6766366417358873,-0.5734563499590155,1.6791283502754732
2023-01-08,0.008153967199006632,0.32051367513357887,-0.10333421313925228,10.970848251872393,0.43481375218891855,1.549237135958617,0.8978490599608341,0.9345218189601349,-0.5841655240927257,1.446020205435222
2023-01-09,0.45386172415146847,0.1943282637938541,-0.5449954343289781,11.217632175640707,0.13729166261659786,1.274425333942168,0.32452963493985665,1.301197938837631,-0.35963591976984,1.1081139008186582
2023-01-10,1.3579380320323586,0.29840620132994566,-0.43892435404902963,8.641033497164985,-0.5497423572927441,0.4609252373291769,-2.066782831763845,1.5429172844981003,0.14234921785147095,0.9242237197007807
2023-01-11,1.8156204856815117,0.3204376029928306,-0.49456364766192557,3.6476458437543573,-1.0182640591011334,-0.16342064144701532,-2.6606683574806254,1.8953183843743033,0.6764450145600134,0.72786633631505
2023-01-12,1.3136420327583884,0.20413717867747955,-0.12288803203307905,1.0922796763239555,-0.9545528029742282,-0.003895629954422919,-0.10777633460899186,2.0794238242359597,0.4686492581340141,0.7334046363600666
2023-01-13,-0.08388696740159302,-0.3226648767138307,0.6245226233589823,3.6466135098190957,-0.23735311415626276,0.8539848351928725,2.636921986797932,2.45442238889679,-0.21918705558683108,0.949695611464847
2023-01-14,-0.6514811095710367,-0.6600597500384593,0.6550958061923321,8.714061814174409,0.1286260127304772,1.1501608417141223,1.9399662204958201,2.591945407024599,-0.4608911301485833,0.7066471838621454
2023-01-15,-0.7507513665331333,-0.7621765343668606,0.03935606161092693,12.070308350892903,0.23177303044288436,1.0807843837233144,1.4419519777426337,2.2187789823235837,-0.5847595701962334,0.3115011020234358
2023-01-16,-0.39171386967135313,-0.6776606206499285,-0.3785863957525493,12.129432743391414,-0.031283559008398604,0.8366581415028207,1.1986718890439096,2.397201940544875,-0.4799120966199361,0.3333622579750234
2023-01-17,0.5836714607350281,-0.21786010746383297,-0.663694171866506,9.278375225916818,-0.772815734324113,0.06868344798159821,-0.4732726394534852,2.157517544964609,0.1608234618894392,0.6513018773688397
2023-01-18,1.6868291874162393,0.16463536784428048,-0.2890786384002801,3.4950917135038377,-1.2959724420959815,-0.6370608729310062,-1.0487513875536016,1.76181340170915,0.6975282501863175,0.8951725988049376
2023-01-19,1.7852071086283499,0.09309347034344585,-0.0981869119416092,2.2688264754574266,-1.0983078764465903,-0.4489384471378016,1.5618198406012451,1.4414542652721953,0.5830794526278378,1.0042000467293926
2023-01-20,1.7796657249440997,-0.09957877472234604,0.27246488676667974,6.0411577121137805,-0.790507840512667,-0.1283037195585023,3.149064389839176,1.0194292447627347,-0.002319124251485763,0.7546794104403858
2023-01-21,1.5282912116543426,-0.2545137566547891,0.44614332270760615,9.006320673772041,-0.3381658657112985,0.2820979249036593,2.9704579923635106,1.1459554761787665,-0.0018173691883540323,0.5512335993015145
2023-01-22,1.7485793274216777,-0.23728841390895902,0.15466127589377746,11.15793190312403,-0.3792242507718431,0.32136423309073586,0.9805130739934327,1.2797413540523268,0.4702709848176022,0.16069752769969303
2023-01-23,1.9683026337469,-0.0011855056764065743,-0.2460007986897883,10.30723747287289,-0.6364686606443914,0.09283007106565005,0.62732891472374,1.3926839085293277,1.059226372536479,-0.28465962748268986
2023-01-24,2.6588513111429046,0.3547538698868831,-0.5624692638983506,7.19228900514515,-1.198975947563376,-0.591747913915855,-2.080397394703962,1.5140931616694906,1.8734512441057787,0.05983597113550654
2023-01-25,2.7209857757066804,0.5615599785839152,-0.2204196932893523,1.4414840412438679,-1.547516637495079,-1.0588387466502094,-2.573204121923226,1.4114448867113334,2.5142238576203657,0.1955595475124148
2023-01-26,1.7537198916381862,0.2932484082211135,0.7804998067489393,-1.5086865785938546,-1.138162231792056,-0.6879912861005709,1.5299472727215353,1.2051371701541407,2.2734043112859856,0.19763844020958246
2023-01-27,1.9078950258742382,-0.16467429205750464,0.8641836994183756,2.5822666855644005,-0.5920593093393012,-0.1827567442288769,3.6387488657065292,1.3332584708899902,1.475803719246554,0.05686151100231512
2023-01-28,2.6653884882655303,-0.40904960565810056,0.8169895592484311,5.898568284459429,-0.2795285173230203,0.053576182533502784,3.0298994520724793,1.5341458258316452,0.675869493163674,-0.19461368118555544
2023-01-29,3.9233849769814624,-0.38257079048068554,0.09691733929787234,6.931740745583946,-0.19379280123137008,0.07192095268585225,2.2639439750558936,1.344554845470641,0.4959895206679798,-0.5832017370239642
2023-01-30,4.87082873669826,-0.14615921353715725,-0.4879220905515448,6.59747678395924,-0.3483443347467166,-0.15195938726620978,0.8247860855253603,1.9580258453132993,0.6479852823663279,-0.7723883806072925
2023-01-31,6.1497401919261065,0.42847660767044515,-0.875169783328578,4.991945210792236,-0.7539570473358861,-0.6528311995100031,-2.5099676018126047,2.3869086722604664,1.3008165743814655,-0.30566093236444325
2023-02-01,6.071329086721481,0.7071672159960126,-1.3986468319341019,2.2218892388920812,-0.9469762431677053,-1.0595969296872194,-3.594494635461425,2.5713084217578737,2.4857721637601062,0.3439238364147765
2023-02-02,5.843044638441452,0.5568666560495491,-0.7531300968720014,-0.9930375750510976,-0.3232931871348634,-0.40469252170249137,1.3806394564421418,2.5730638115657474,3.0810809552618923,2.1929763680493206
2023-02-03,5.316486323514651,0.254775891694387,-0.04033170061183989,-1.2624765433654113,0.28650039830765867,0.3000419806813145,5.221265180751299,2.5664033423986248,3.2700260104844525,4.07134424108256
2023-02-04,5.882863720021028,0.11462795729801348,0.1617838098515699,-0.39525037504130384,0.9350331404423847,0.4888733080092907,5.243189569611551,2.5904144536788323,3.2271606751936868,5.416928127562344
2023-02-05,5.924828264762217,0.20593200794795133,0.3285830866836058,-0.47102274295966284,1.5481024578553042,0.3763239713223229,4.3215898270633755,2.2114342063243653,2.7816177595674336,5.783827387938144
2023-02-06,5.949962299967775,0.4196421393389588,1.3523470726776785,-0.6162156165962618,2.0006277875633276,-0.09493829992043101,2.9477364790886282,1.2177537255957342,2.07739253871052,5.342210275932467
2023-02-07,6.033261145342058,0.7992375910057825,2.1137843553790856,-0.6277990432571985,2.200490653665829,-0.9156483752495295,-1.6954796687972407,0.7518359445087741,1.5975240668580617,4.332337076703231
2023-02-08,4.91490762217146,0.9641225943204141,2.6230911483931654,-0.8994392520671624,2.826875029051008,-1.3450951928418917,-4.56699568911733,0.23058021739426723,1.1200844606723197,3.2911348871465065
2023-02-09,2.7346085301268226,0.5314777742383457,3.4069560855997523,-0.9686565726973396,4.069532823837876,-0.86336272396589,-1.3824056272887668,-0.1139438647754468,0.6636609723687347,2.3759257012691246
2023-02-10,5.1699915907214145,-0.10943700786397727,3.4434163646306346,-0.14599099025045467,5.069646828084922,-0.19312320315139214,1.9818971552100744,-0.03669103904564631,0.0464763378827504,2.6189350655130452
2023-02-11,7.319789892949215,-0.47417194125837014,2.3625087743013813,0.44738527640873527,5.149844529550688,0.041591851868259595,2.0015566854167464,0.19066661531330742,-0.2659849584068995,2.367483903712868
2023-02-12,9.165249133456564,-0.4267726577868073,1.3050771211722654,0.7770779854558318,4.848209616784514,0.12346370765794104,1.1678776027063458,0.35973443815763073,-0.3581866229632736,1.878611025676974
2023-02-13,10.289388222069523,-0.07162797935763815,0.1570702913512832,0.833759811851203,3.8895956167560004,-0.12462129731885933,0.20542864714444423,0.450999866451669,-0.27951537463125387,1.6004813826023487
2023-02-14,10.758357503218114,0.7032542465608603,-0.030655070085613294,0.6225937161033781,2.4795003000207614,-0.679780257502006,-2.701181131056213,0.29428209439886716,0.24484909084426618,1.4929858902233912
2023-02-15,9.82728294469866,1.2064031718888848,-0.789286824404889,0.19372284930896347,1.4964532304532498,-1.0028758043817196,-4.496058972387769,0.042850399672318726,0.5978684981123212,1.4318422951808067
2023-02-16,6.076058865970717,1.0261294795304088,-1.02837504511947,-0.4576817961172676,1.812033158384708,-0.3984708757129506,0.3118644665864766,0.06100814748629988,0.32747454128385567,1.350285497170342
2023-02-17,2.4509899138409215,0.5557472088781689,-0.3917403469306057,-0.8146204232425308,2.7185869757059935,0.6338800985638692,3.7439256317358485,0.44643922079656984,-0.1128731371856298,1.4504271553815247
2023-02-18,2.0153492743965016,0.03927792846363896,-1.0731064690047118,-0.540400815673722,3.19150768200908,0.9949644446872015,3.7722676199741056,0.8325487867639779,-0.33884127148123355,1.2817013180120187
2023-02-19,1.2970309959061852,-0.0004609698282029598,-1.6807297603145002,-0.5597562498911796,3.1621286159360396,1.058958365768549,3.033665186190619,1.0781856783729808,-0.30555457258929203,1.3591086997150608
2023-02-20,1.3387983738360485,0.1559512778056959,-2.4943270089210037,-0.6108974602304312,2.612056483804219,0.8353914286545343,2.913189096758683,1.0619459896792913,-0.07326189296492742,1.2491695340425688
2023-02-21,2.1446470627460905,0.2522054993038613,-2.6662434827208052,-0.695196021801382,1.4749802391938345,0.1373253711333179,-0.41109609228709004,0.825477721586358,0.4472589337575599,1.2436115971769686
2023-02-22,2.82350247163136,0.9106124532491691,-2.468374779436343,-0.6418809840597957,0.5901453140249049,-0.34598951540300554,-2.2029420510941002,0.43068234184085674,0.8501676574028608,0.8881041566392344
2023-02-23,2.1475471761254576,1.5397996968798555,-1.1635944480534977,-0.5256854626515659,0.8605553272333871,0.08965113705030556,2.059127487044832,0.07702944608786347,0.4639157169692223,0.8941781265691898
2023-02-24,1.3031424683816284,2.111376239112026,0.2503775561715214,-0.31351532592770537,1.4257642760114002,0.6998257741430768,6.125220989932676,0.1422985255687131,0.037587240994385145,0.9366583356393566
2023-02-25,0.4811200668378356,2.475885682130041,1.3208062820311346,-0.15100978700530326,1.7810528063891218,1.0602756241076878,5.611593213273912,0.6058924250622262,-0.33535134910589687,1.1979369911428777
2023-02-26,0.4312629968494914,2.7477455739576326,1.6607424135931717,-0.04262718014343118,1.747652578728021,0.983679906336595,4.3493007515929065,1.0437582338417903,-0.41892332789992054,1.4166032641540989
2023-02-27,0.9745530859957175,2.724605686087592,2.0616904211461846,-0.06128797670637101,1.319604120959493,0.5659325356590925,3.706959132111457,1.6114674916303386,-0.25182414149330484,1.8593121418563863
2023-02-28,1.9646725192075136,2.416130604930796,1.377307264219667,-0.0915579024071381,0.42479814075875155,-0.3131971510115075,1.8070706889123014,1.7779119441337337,0.20968318982348916,1.871838146297825
2023-03-01,2.6048924536449585,1.4110508236904902,1.638131163276403,-0.12291646005149946,-0.29430890510540003,-0.9730847661954588,-1.1159578255136422,1.6218600060040917,0.49013170057751726,1.4685125020680923
2023-03-02,1.8437841117446923,0.47946743453630025,3.058584637511747,-0.054612396242608253,0.03708167347845427,-0.5862295554542831,4.2258304491693535,1.3039278573057984,0.21016095147920455,1.4643472392389334
2023-03-03,0.8494043460614161,0.10752435317719768,5.123101625197651,-0.037923910363041276,0.81357441783189,0.17037950790906253,9.732159067008075,1.1584032382191884,-0.1260705933015306,1.9881186548584644
2023-03-04,0.6869642967464741,0.02746877872805879,5.666906158940799,0.11927224933270149,1.0938021063993273,0.5678316047783891,10.602098290600347,1.0613393993215476,-0.20319558045510808,2.643890417168684
2023-03-05,0.9648877602297967,0.11031400455919987,5.39452920079591,0.39637060768232985,1.0984518609312288,0.6421837540672485,7.83997513997302,0.9573273365715479,-0.27129200474208665,4.573556488481695
2023-03-06,1.5790037698700221,0.6004342487414177,4.295926228131886,0.3356438153394841,0.8019764920151073,0.4323693442229673,5.817264153530864,0.9604317114773253,-0.14247463744983369,6.984427375309187
2023-03-07,2.6191945669789067,1.0016417348943212,3.1667829684488753,0.5982555362269328,0.18995743068832216,-0.13923923291353651,3.634417149018812,1.4526235303308304,0.44306309616583006,8.398465988092399
2023-03-08,2.605971856137449,1.1708304451779101,0.8495122627143971,1.014487616716424,-0.3912039756765962,-0.6755690884311908,2.5139375980319776,1.7082164624225584,0.8373297091155294,9.304593263317388
2023-03-09,4.053166156902388,0.6242916064138891,0.7791461570912968,2.046507622432766,-0.23378958457935772,-0.33140898894135706,12.259817806972412,0.9939292004999031,-0.5077341084514235,10.406703524499001
2023-03-10,4.680086921626189,0.024579249503399972,1.096124794255256,3.3974754552179407,0.7161684800816807,0.6689554573696377,27.825173266007695,4.375058058869077,1.3351756989692254,13.52522226926895
2023-03-11,5.016314870931194,-0.4125703548989416,1.6212807609155924,4.539906366129308,1.3337948041433572,1.2740110975990775,35.860274761615834,7.923658837488747,3.1083075487538268,16.44058908685525
2023-03-12,5.104749504929245,-0.6307213924015637,1.4936931844494103,5.588403672188829,1.5153755912543454,1.4909767891748489,34.986239470182916,9.928168802060505,4.49569479161746,18.509470515493696
2023-03-13,4.881924468248574,-0.598655064463209,1.646803847713938,6.021806377746464,1.5012830202864802,1.327414504755167,35.67088518282354,10.836200324872577,5.223885611398419,20.951869052910293
2023-03-14,4.258546885336785,-0.16733301340018772,1.342142032878959,5.449126593244641,0.9070356396611926,0.6639977535353175,36.88782221960457,10.298117298093636,5.445488741601323,20.443453591650517
2023-03-15,2.7091333163322466,0.036152546805122136,1.2480524684376744,4.603027130860599,0.3906365144451675,0.017297171963790946,42.48611794471631,8.568265654670228,4.804745937453021,19.380146167573592
2023-03-16,-0.20897097411524157,-0.23830356444471001,1.546099991941313,3.3591853525698574,0.5576074109110992,0.0852671223438147,60.761112358613175,5.7723070633155595,2.6706243452018565,19.004547470085996
2023-03-17,-0.36015382236339255,-0.6934075186572887,2.546171560819816,2.4805190489663356,0.8857571236134265,0.43134003606696225,79.9818272913087,2.5703289246413696,-0.07386215056172178,18.127977672737543
2023-03-18,-0.7371741034499822,-0.7577455176927613,2.162459796539478,1.9083377535165384,1.2582849531496347,0.7837983806944118,86.42937004018657,3.393309792760266,0.5738291916082486,21.11228087802814
2023-03-19,-0.8837779755494451,-0.6942123206220385,1.6856816239743537,1.4416957552574763,1.1664944668567336,0.7780170329785527,74.47801225914868,3.327982624555118,0.5691367827617599,22.795821951471183
2023-03-20,-0.4333937687009372,-0.3638179288503273,1.0347579752132738,1.2310180982334646,0.7066334063667563,0.47132273237126016,48.12843170302846,2.677067649512306,0.9016134084573391,21.96723977049954
2023-03-21,0.7038453942890348,0.11992961300669686,-0.2891118803809385,1.0702220773418858,0.07458863867793071,-0.10238765436186856,28.23334332567206,2.394319743356229,1.4521381991960678,19.197962255737533
2023-03-22,1.3577832227162432,0.38603794608514524,-1.0458521446290525,0.8864990897658593,-0.578061525876731,-0.5462280517721942,17.789799394683108,2.0256459693257427,1.720813338285962,14.149074704538492
2023-03-23,0.6665906867933631,0.09575917087785593,-0.4986053322361377,0.6214298604780526,-0.2901254810189938,-0.030374007986804168,26.38422359217052,1.6206674509832726,1.1480730870197953,11.785437275955665
2023-03-24,-0.2993846524118736,-0.37528382334358484,0.3266474507596755,0.4664512367868228,0.3202004409784549,0.7296954306626613,43.69487514563402,1.641640765842659,0.4719642983609743,9.849845804801902
2023-03-25,-0.6340573840507907,-0.5787210303090321,0.2621984238804459,0.42424642789780725,0.5768088071870529,1.061019557657326,52.04185124431947,1.9973496964311583,0.09995746173223746,8.06904829506015
2023-03-26,-0.5946220076887075,-0.3935844938479881,-0.04226952779922216,0.43505432527062843,0.548368145310227,1.0469457800457402,49.48299271118681,2.3808250857734143,-0.10456808692975282,8.267744687239416
2023-03-27,-0.21777223893957223,-0.05308133575941187,-0.3538528423229842,0.43885239941954085,0.2120312706203833,0.6630593691967579,36.05809086861414,2.627698283435656,0.0006477924094543397,7.630665003368384
2023-03-28,0.6912365041563535,0.5376020401836646,-0.45839967956473043,0.3720943332302434,-0.4207563472199637,-0.06589329205176975,14.453522354838714,2.552713387361956,0.5453462188344111,8.11755935430879
2023-03-29,1.3010405168909396,0.8581267315414508,-1.1031804788077657,0.33062229809597576,-0.8234461635789802,-0.6245337829442135,3.209942689017455,2.4832090368621076,0.8749008190009283,9.922047849479208
2023-03-30,0.6214293733577549,0.6405725442809621,-0.5202770233338913,0.2816481539665968,-0.548823521194359,-0.342338816000892,9.49476532033383,2.187929714823571,0.4325832503112694,12.093832693826283
2023-03-31,-0.3461907150237736,0.022702660505509623,0.9628756049480323,0.16514789121422238,0.15128601832869434,0.3037841404768632,19.826240762300166,1.6391096377770198,-0.06072806359720939,9.017166592396789
2023-04-01,-0.7621435363157575,-0.014132216352142712,0.9276727766542793,0.16241685286340465,0.46790512019667246,0.4978237959613444,28.322205548146652,1.2768466050183338,-0.20050696742236612,17.310727552658367
2023-04-02,-0.8412619762767496,1.0216643482470316,0.838966244898746,0.17163927388858327,0.4719325111732038,0.3881270309673229,30.284351115344077,1.2956252873673972,-0.20752447636665958,33.178005881353045
2023-04-03,-0.4051267584369102,1.9997900945796436,0.3883736310015107,0.07602472727194381,0.21251623854813517,0.04731485996090152,26.575266426781738,1.2628219137715322,-0.00033921929816347197,45.1703198316127
2023-04-04,0.14710578684348005,2.632299453918186,-0.46397942140032633,-0.05784018828919849,-0.19947346292452248,-0.41960368887397487,17.108246947498543,1.2902865777403096,0.35877497861090873,51.361369563802896
2023-04-05,0.5266299738718795,2.794707090844169,-1.0002536090656333,-0.21631512227405109,-0.5327075594925855,-0.7526287992047725,4.757417733294969,1.1127361021866091,0.559466837491075,51.81423770919969
2023-04-06,-0.24275457696329117,1.8290367117279072,0.14191696962685418,-0.23957918814049434,0.0859337128767949,-0.39999108042396647,-1.9800888595175448,1.0323533955724882,0.04228783007748655,58.04467101313839
2023-04-07,-1.2283166347632934,0.6584061615041474,1.3641045200111974,-0.1451925127050146,0.862738604815235,0.28659290512532676,-1.2738312880851719,1.035940778436581,-0.5596196395664437,53.46009316069221
2023-04-08,-1.415581930608735,-0.49152347263613766,1.4143930072339335,-0.03779203705145855,1.2939957966779767,0.5806789796168434,-3.3710771851201695,0.8765110164959551,-0.640887171033915,37.41965735772131
2023-04-09,-1.0749864528633024,-0.931507457849981,0.8083391327360939,-0.006682379456099353,1.2970642310846936,0.5732065293339778,-1.329635572609561,0.7207571862114441,-0.4899596344683063,30.22964175138965
2023-04-10,-0.3504247660061334,-0.43660108925160207,0.2451015742083369,-0.04265442011881244,0.8731016146591709,0.22808720928288925,-1.2555002762503071,0.6411549673409788,-0.12860843536413818,24.74916995135969
2023-04-11,1.0241186031595673,0.06784780394469707,-1.3546438050891105,-0.15789079080296523,0.15666143529400647,-0.32672506306675403,-1.3930967424119485,0.3661045081724522,0.6626967835290662,15.299288694986815
2023-04-12,1.6427151997236351,0.13547281500632083,-2.754621426001911,-0.23251119865257755,-0.3384330221955056,-0.6316943790587292,-1.6565441143144026,0.20469009540230876,1.0339775941478961,5.653915593934666
2023-04-13,1.1609748613697175,-0.24508390504168076,-1.3530158508900836,-0.28244374624371993,-0.014098320396196122,-0.20095953444203846,-1.830445610459782,0.1955876012148705,0.6298536181725016,-1.8015145446057312
2023-04-14,0.45710600332076046,-0.7124577434476871,1.0149093641131217,-0.1832007941641773,0.6385616269158118,0.226120505674194,-1.9279435733502361,0.24008249437287704,0.08905648724576089,2.061345197440347
2023-04-15,0.5244473792166997,-0.8897734130946785,2.9277161913578698,-0.0010381115204277504,0.7749901903185692,0.4486930011926537,-2.10502914613535,0.2901686856220299,-0.15223532024932085,2.4237331840741376
2023-04-16,1.1531976257493886,-0.8107249583329741,4.989254490188943,0.17977318010516477,0.6833672940020873,0.40731700075762706,-2.0851609349359372,0.2706403443461101,-0.1433222051439069,2.1778821811494793
2023-04-17,1.863687734648334,-0.6164585798377897,6.419686699273211,0.2079934231258878,0.3326388866452116,0.10555616375199481,-2.030818114592366,0.2705372053365736,0.03537957504979391,1.9705112635680513
2023-04-18,2.7421412422443003,-0.06075692783582161,6.737822383878462,0.1250313273084834,-0.42309897976674526,-0.5241408799391899,-1.9783484144472203,0.08613865285341353,0.5189240638948593,2.2320276636035112
2023-04-19,3.003580889970154,0.31087475254671404,5.810154329153092,0.010416162142042749,-0.9198201506044127,-0.866159644206902,-2.082249693504463,-0.11625272639168507,0.9134647640065153,2.458713950221397
2023-04-20,1.6939996017149546,0.3027444427029989,8.458461532057223,-0.13180065562519228,-0.5162957797262862,-0.37923981491133785,-2.1450086305705454,-0.08137495884952907,0.5255630339369215,2.0443663231372167
2023-04-21,0.38250605812405913,0.12176895385672844,10.075554288443614,-0.18793264518981942,0.4760651175073219,0.30389788674128193,-2.164913416333022,0.04949019112312158,-0.075469511093757,1.2613893344553229
2023-04-22,-0.2115403181455437,0.48459379652021256,10.808785513424109,-0.01977533805324398,1.2315159331318246,0.4727227970826705,-2.347596679223075,0.10929192489468757,-0.3470241972922574,0.5562584763937998
2023-04-23,-0.1467921899338592,1.0741912123909736,10.123776277290181,0.05474500681571824,1.7871398156011595,0.398490215327641,-2.3193067758776134,0.387661081198397,-0.3379476327486272,0.632127431151099
2023-04-24,0.4118438867399141,1.5449547939585797,10.828398811672296,0.07003732772137523,1.8921678643675166,0.014452629219807939,-2.0041648374830046,0.6435549569935342,-0.028986529851874093,0.5989139407579551
2023-04-25,1.5195338242538872,1.8132936636441574,8.890987764809841,0.7400770892188815,1.2696222077590928,-0.7280039724562262,-1.6912190207334044,0.785676367150746,0.6255645204946055,0.4928411597856581
2023-04-26,2.313879373881292,2.0138930013583036,7.646599255173454,2.107078982113595,0.5973490628109683,-1.3206027602642405,-1.4828231156675449,0.9521855574495105,1.0767828641167343,0.677841373980097
2023-04-27,1.641062900180179,1.6425121207907851,10.402754000463966,3.26973081820221,0.5735466078377723,-0.9630601530805059,-1.2446525264218542,1.2934940046855363,0.6828258888952071,1.0278647782822181
2023-04-28,0.7270056446869455,1.2233095415048716,14.868336909886903,3.8066290867210486,0.7213908422197493,-0.32212017087758904,-0.9655749492290489,2.009105436857593,0.1301308989683281,0.7481395069600393
2023-04-29,0.40119743077702036,0.7899438416961893,15.489929772488548,3.7830009018468314,0.7073577363362985,-0.053364287580104364,-0.9106078790338011,2.390146159577985,-0.19704929988757244,0.6229281826713474
2023-04-30,0.32972867604454315,0.9182817874100379,16.44136697689082,3.1621636274156035,0.6069767106116866,-0.06530465534206206,-0.9746755260993222,2.457767115802738,-0.2457939677521079,0.4197935849472079
2023-05-01,0.6088860503587142,1.1571070460830442,14.062053167189987,1.8811797054250585,0.43225059415287126,-0.26867588265083325,-0.8619712796866266,2.374807529057852,-0.00934586258538859,0.6116578607901664
2023-05-02,1.43176709437376,1.1542855115907162,11.722912113286636,0.5149775543159975,-0.27767155650441333,-0.83874939071705,-0.6810739182232615,1.775397048566208,0.6107703310349107,0.7239385279568598
2023-05-03,2.0681543433439735,0.7608121517740402,7.640544952070712,-0.0601088831431652,-0.845302423213726,-1.313386870214211,-0.6606188337538991,1.0738069713380427,0.986982051979469,0.5079123429079203
2023-05-04,1.2791519588209153,0.2338222076665408,7.414913689990906,0.08552106003906806,-0.44217105066279755,-1.0730334190461472,-0.6264318806842674,0.9574729711435562,0.6670241323205626,0.5388476666742599
2023-05-05,0.25322324420924497,0.032581644305563894,9.002926071007492,0.1535399198635562,0.19864612059079162,-0.47605330229391596,-0.42933699778510565,1.0931871998452087,0.1652734422246716,0.37004962669285957
2023-05-06,-0.03184729676991086,0.04278698020745127,9.569984029849612,0.11032075856682036,0.49001826312159075,-0.22182275114359018,-0.35643437176743825,1.6930772219249721,-0.07614808964858398,0.6266458365239292
2023-05-07,0.08596476602291846,0.23423986387148135,9.346017599841158,0.05229632933920734,0.5388248436591351,-0.14459902709827901,-0.39693237249883767,2.027506497870329,-0.13117030146446623,0.9065309771344786
2023-05-08,0.5191258599610903,0.8337102193703292,9.726507425834347,0.01193633986847508,0.24352382312728788,-0.3545540120686631,-0.5775383106513536,2.056075877702411,0.010510142322793946,1.0561886177117854
2023-05-09,1.6079075714086828,1.3359033174575625,8.729098704115675,0.3910468336831005,-0.1544445575218069,-0.7860013509442398,-0.6727553411669386,1.7058314493247764,0.4906008493804553,1.470416563705418
2023-05-10,2.320613016727124,1.3501570945220736,9.46529212823657,0.7363855929569818,-0.30917258254773267,-1.1896800749845333,-0.743077367574462,1.0714925357159049,0.7785820117779286,1.406867758074331
2023-05-11,1.5655137744215661,1.1139440410382406,12.861035045089741,0.9591503047446526,0.29807594895335343,-0.8510466415324073,-0.6780276835750416,0.6980717116381081,0.23090775870428462,1.1580628422651016
2023-05-12,0.4894981781127236,0.991126294586211,16.29190222713214,1.0319953278912974,1.0256830489273323,-0.2830620745302328,-0.3069032907700503,0.7151595410022876,-0.27589889195868805,0.775220519422544
2023-05-13,0.11622876970633296,1.1667650143730628,15.605757093132837,0.9250567771494443,1.2810057969914037,0.04983441269552703,-0.05993634157806255,0.8324115058786685,-0.45710392383414633,0.043779856778975064
2023-05-14,0.1836667290666872,1.4882753943921398,13.72957711627844,0.6259902699794458,1.1841288116300985,0.09868834385081218,0.05002978268106924,0.9677187811818944,-0.4675087074525057,-0.037839528626164985
2023-05-15,0.6451563096355702,1.7139668820934977,10.647528488178313,0.22495414498387628,0.720101846120499,-0.11161759556484434,0.04224004532009339,1.1111453597369458,-0.18040409463065163,0.0030392082713628188
2023-05-16,1.6574181338182385,2.0144567252818715,6.456305841663768,-0.061964313981899215,-0.11249105944835598,-0.536847956030973,0.04355835254916587,1.1954762330963429,0.4642229971625437,0.13472250290446217
2023-05-17,2.3750993680922963,1.670534720212461,3.6495896909954517,0.034621735470541266,-0.5838582584887656,-0.8014784620179807,-0.04516122236361378,1.1759038652223335,0.9269171584314773,0.23887082707088572
2023-05-18,1.6178268504506743,0.6387061033506213,4.513860302548517,0.09090841623350512,-0.17223290189861318,-0.3521879933198015,0.277713989363009,1.3237903606263735,0.5165517790551866,0.22244983139542002
2023-05-19,0.5473835323197175,-0.11118796376709289,7.069584042663399,0.0999653287864946,0.42665786549517776,0.30222054969954704,0.7950699120466795,1.4446099895338163,-0.04424351849972644,0.14201499048530236
2023-05-20,0.09258856626182047,-0.6676424477695665,8.002644264517977,0.12929964265375118,0.6525457915537893,0.5789421815614864,1.3620616843404216,1.5827270432167315,-0.30789435389581626,-0.14143979432748818
2023-05-21,0.006101045624097437,-0.7801329866482282,8.82821809007958,0.1206330620977656,0.5514838175334261,0.5275859512377596,1.5098934988787196,1.7165898564759507,-0.44594555814925374,-0.36653631925874636
2023-05-22,0.26790648743872936,-0.2140405260707442,7.233984273062811,0.09981318710336949,0.24867423192640312,0.17173154426429044,1.2957147410807837,1.8115104644236801,-0.17014952193808128,-0.13909737856421212
2023-05-23,0.8555924255858051,0.47044487232126647,6.979038337390743,0.06852948525854523,-0.23830966113634322,-0.4733920010829376,0.8244610128534903,1.9627068585847882,0.5777632497105104,0.22837023850582214
2023-05-24,1.338696794916102,1.0029154875020225,3.119761788086387,0.06084591451107152,-0.511222076252011,-0.8517832615630911,1.337359553499241,2.1997277251105567,1.169940709399083,0.515580462505109
2023-05-25,0.8897489559652332,1.0040165796737077,4.122836659172829,0.09383411314241207,-0.24284269683885315,-0.7158443854774791,2.0612007686005707,2.543127902912713,1.0087967884051283,0.7425677025317221
2023-05-26,-0.18672134767059706,0.5929114819395306,6.134469319653932,0.2071500996475527,0.8859633307032381,0.18633084346249493,3.338264013833101,2.8956065753761293,0.13614446336705183,0.844636649522397
2023-05-27,-0.6349278231345689,0.26372194622791356,11.05181161339907,0.2521346797185587,1.5388330740256728,0.6503832562200055,4.575580562746198,3.331995586374134,-0.2521080164019439,0.7483152460703845
2023-05-28,-0.7373709954424744,-0.06040886581559656,13.03925754739233,0.3319711286388964,1.7237904103085846,0.8447751880955197,4.985586322142215,3.6550721507065105,-0.4730598178416082,0.4112583368795504
2023-05-29,-0.5270345271170466,-0.1078938203537031,13.056776880047309,0.34051621357569795,1.4428458520416652,0.7340366649062597,4.600180025553588,3.888917339173502,-0.45776311341097303,0.07400892937980728
2023-05-30,0.10613373537556597,0.14924899975274447,10.173966294496548,0.29868448177545104,0.8285159200229568,0.29408825197600164,3.6433327833209446,4.0389282717625825,0.30083280709119475,0.25018931793189264
2023-05-31,0.5849300606995073,0.22302460938001437,6.493267648477785,0.19260015168726122,0.28252053964728896,-0.05628328939458822,2.3649097308773164,3.9986011322818045,0.902112010694309,0.3884405875874737
2023-06-01,0.39519524974073705,0.06046910943614931,1.5294094832713534,0.13618282458758582,0.3503312035531553,0.323133202377715,2.295416709379513,4.397121745720195,0.6754539864167389,0.47659531348182027
2023-06-02,0.15247586209338368,0.003658298002546515,0.14077994328418314,0.08377822585024017,0.4632670927342294,0.7164340911662859,2.5282693488215573,5.011647448693221,0.38392359544925164,0.6574861495014843
2023-06-03,-0.14028040524246516,-0.0812676287453743,-1.1016302118515309,0.07278438923866613,0.83579517618895,1.2742065659835504,2.765293079079444,5.336301291253051,0.009533067083511523,0.8104760899426234
2023-06-04,-0.0790555252904649,0.06687986674488365,0.7421749710293044,0.028181617234793704,0.7490700570318043,1.3572433207627497,2.6954110501317725,5.686109502393274,0.08196127985559017,0.8371375092538526
2023-06-05,0.12893072806457748,0.1720536028431399,1.2683080216306448,0.011245506676384005,0.456749486892209,1.2378735374039924,2.376761401449953,5.866766818494795,0.2537906294247978,0.5458000722773607
2023-06-06,0.435896006515539,0.46150070602239845,0.8329850106484701,0.021233357783319043,-0.039522045052572716,0.7152131797987845,1.8552715165029878,5.880680321396081,0.7370586979200993,0.44280328165651217
2023-06-07,0.8153220297709758,0.6869754077334597,1.690362321688984,-0.029409550017335667,-0.3670831312376396,0.18651392149416962,1.528761062703446,5.791594048277958,0.9327124919183785,0.5743699328932866
2023-06-08,0.6137486145567166,0.5748580431323163,1.7083230120263821,0.017998806060613066,-0.08213623408091009,0.3072840557972877,1.1309684255846195,6.3488746271619805,1.0145665050026487,0.47788341065743084
2023-06-09,0.2377387660663186,0.3800139858333093,1.2321508538140165,0.0798167186555581,0.4633581069890491,0.7369806223889698,1.1619781189698515,6.802857177591209,0.8388225036634781,0.5012712227817379
2023-06-10,0.12296327956369604,0.3691298148273514,2.0652012549006566,0.08136834350613611,0.6614669497399787,0.8671583623969555,1.60872694687376,7.065152572068829,0.9431702824778049,0.9038030949286745
2023-06-11,0.131857111676739,0.5190258051941984,1.8057096219992104,0.1474187709502497,0.6107285576337964,0.9148266496070965,1.5887950114417704,6.894999830433057,1.124817021195195,1.607095340153647
2023-06-12,0.24962313067409708,0.6885288483360179,1.0982936104340917,0.22410249611883132,0.34101904612412604,0.8573962453932505,1.2355294360559097,6.516973325782634,1.3557238458601628,2.01230660909255
2023-06-13,0.43979537870240903,0.6921007739034737,1.123503696465158,0.22276976859439188,0.007629618419356493,0.603878644161543,0.862186722660972,5.829668037647216,1.6759124082831762,2.230773699809626
2023-06-14,0.4791599563794824,0.4756241678308073,0.4751932185770654,0.1851373987676571,-0.05832132296427271,0.2662654020707825,0.3744471851533931,5.241157160914399,1.6186285016145734,2.3259909287474887
2023-06-15,0.32742766723379446,0.41966824620455734,0.40828543382150845,0.13276527322877432,0.3693384776716928,0.3857139304358691,0.1990022256396653,5.765542653060184,0.6616726353161714,2.299942650116795
2023-06-16,-0.03802760892318928,0.3908599188072931,0.15984701848014712,0.12542734832440233,1.041875801775592,0.8089007284373274,0.18088934161319561,6.675779615970632,0.07346542803350199,2.081174729202227
2023-06-17,-0.23915506911765616,0.3735343087204958,-0.592422704704871,-0.00903892666935842,1.3302767572887766,0.9710177249408753,0.09501396202491431,6.571386084790161,-0.36606074622341467,2.08729540465264
2023-06-18,-0.25979421737636504,0.5088246887919311,-0.4490518449882398,-0.09696364350353755,1.3698040236586315,0.9122120520659855,0.3185501426841122,5.95827385661914,-0.533626086214385,2.1063650555233693
2023-06-19,-0.2194699424536239,0.5581563585633175,-0.24316892423102984,-0.14420965727278073,0.9722861526198388,0.6066495106350266,0.2306681450652638,4.7604807044517425,-0.4187367622151073,2.2051231630683428
2023-06-20,-0.03823129823061442,0.4609658826244036,0.6359567697360093,-0.18204159514459892,0.28519307630839463,0.1411931984538679,0.49943179799011117,3.142640261858209,0.14973142368117362,2.012760342525747
2023-06-21,0.06679266398266331,0.03418484923445873,1.4064217463577742,-0.23346579300454087,-0.1952006944122548,-0.24347758374598877,0.6061729427632359,1.4115488281984683,0.5967554136656161,2.044526780532804
2023-06-22,-0.07477031031548514,-0.6768947410853108,1.7190069809754576,-0.19891234080874615,-0.07654650795283915,-0.08856335174031563,0.8836544124543951,0.2795338430410155,0.29370147307797895,1.9619854640725345
2023-06-23,-0.23286099545862388,-0.8532826966769064,1.8721271122944743,-0.14464143999667495,0.2090078355941468,0.26999733292490796,1.0068402726823906,0.33499398832739696,-0.17486012861431452,2.0891764202789496
2023-06-24,-0.3255148904334759,-0.7450822856934269,1.6771692502694944,-0.06422720595209663,0.4897077730799334,0.7016070144556489,1.2070413103590343,0.5084340072631695,-0.4329485840278645,2.1904326316733465
2023-06-25,-0.28533739756695803,-0.47152613735834714,0.9798142882785086,-0.07227728834395203,0.5030715478580438,1.002730214301222,1.1397365239152883,0.6087133167928108,-0.36823807415056153,2.1448168188194185
2023-06-26,-0.1464984612769077,-0.1472317527209551,0.0802892333254201,-0.06974074086005186,0.46921295400448215,1.1817002966990247,0.9628642000368131,0.7093092946376416,-0.1364256203492213,1.7315331558038585
2023-06-27,-0.01611223702766835,0.06155895690196696,-0.21780185783834863,-0.15498532651113087,0.13309784628038696,1.0250542971085679,0.40615722341701255,0.6853160713063036,0.3940822318290036,1.4246714728696341
2023-06-28,0.03401714126242239,0.08284870240342794,0.45391232686720456,-0.222477450590749,-0.03444856663947123,0.820666383053594,0.2908223793613417,0.5723873052312798,0.7618349787165345,1.0146966900652612
2023-06-29,-0.1518328259676843,-0.2134096706347376,1.0019563672019263,-0.2169692160513965,0.2880006182585355,0.9498863901893755,-0.0061448289192310825,0.5278149771619614,0.34231437208238213,1.0656114824169518
2023-06-30,-0.3412781381466502,-0.5345507927902046,1.4137992696521753,-0.17522027689360015,0.7437484857406262,1.1334827375484096,-0.3058135881515631,0.5425725782977026,-0.075948865056572,1.1211646698449924
2023-07-01,-0.5427838551134292,-0.8192157872491742,1.6648748319688038,-0.14168958152432357,1.5443807652446437,1.400986676714575,-0.504701758630562,0.47798999565353245,-0.5942216907769292,1.203849383837001
2023-07-02,-0.5813970118567032,-0.8378373582403489,1.5028013228744557,-0.09809615388004571,2.0631751844126582,1.4547043285824524,-0.49805346570072523,0.38533329753349166,-0.8428470027065227,1.170721439789973
2023-07-03,-0.4993806249649942,-0.8011699643167651,1.3172064216279575,-0.12822321670956033,2.249493973025664,1.308830406985178,-0.358976433762996,0.3072970980529084,-0.7251917988686142,0.9829526514929839
2023-07-04,-0.29413556250633316,-0.6046516675699805,1.226419622679426,-0.19844033701700875,2.153005049102105,0.9936955253828469,-0.09617743536062273,0.2811703122287669,-0.21561583835094386,0.5561617955951529
2023-07-05,-0.1175777667656901,-0.49902437115494036,1.2552030480289296,-0.22346108957784896,2.0404033562951094,0.7677219999135231,-0.013430914912166308,0.28403563283408734,0.2523666851750362,0.6910787896855504
2023-07-06,-0.1363872755063182,-0.5295894761618881,2.0448843279447493,-0.1446706755743458,2.0806384205540156,0.9531844182877928,0.09251212752143352,0.5403683882193178,0.06377886445643995,0.7761951107368606
2023-07-07,-0.17666890356993115,-0.6279547792137514,2.7279342718732438,-0.05910336955575577,1.5297019641796972,1.1320101321456586,0.001610768689745179,0.8719780135146243,-0.18989589083533429,1.005684884174977
2023-07-08,-0.1502594360581135,-0.7359339180110771,3.081486881480771,-0.07419834897537819,3.140776602482737,1.0549350841390281,-0.21951691886729968,0.9000771573125682,-0.110771652215351,1.1875716862558503
2023-07-09,-0.2344569306551569,-0.7495978897315971,2.960435429031086,-0.11444292505255875,6.252316823176653,1.1115288215269352,-0.255176347443572,0.74935609509801,-0.4189704573389197,1.2371223541995473
2023-07-10,-0.1541061245366864,-0.6553744773848905,2.2862711319879305,-0.18977273564380037,8.28907900162456,0.7917193941734963,-0.37599028354130015,0.485809538563016,-0.21646443932537052,1.2903302680052873
2023-07-11,-0.0067251423353209975,-0.6340192928019219,1.53540562502717,-0.28605533135554634,8.733792946398598,0.3293196782706281,-0.2759232043085012,0.43283799999267064,0.7111178547680825,1.246013702715397
2023-07-12,0.09752939564965624,-0.6346062445299404,0.9112021898692495,-0.3572173754743056,7.987963445808625,-0.07286452289101303,-0.06607035237894554,0.2978122112735252,1.4145054999843005,0.7018691800797346
2023-07-13,0.05785888208683567,-0.7275755281195174,0.747007187746914,-0.2894645357381715,6.423422974510228,0.27113568832833834,0.029530319385798955,0.5075353214003446,1.2093164761069686,0.983692326915821
2023-07-14,0.008095386757412672,-0.7448686073484767,0.9774647148378911,-0.16166281093482204,3.820497824109711,0.825103349920705,0.06414555407208122,0.834912775943253,0.8183882280126192,1.0355758583729497
2023-07-15,-0.0021761840316580137,-0.6327891701675563,1.1531842436307245,-0.07835608315482029,0.5890780084252297,0.9752440434190384,0.0660783420302197,1.108680954923022,0.575954652017039,0.9021164985356563
2023-07-16,0.033206557756301075,-0.38056558484936215,1.263510318906553,-0.08378677924182004,-0.11783133045947713,1.0188683517929833,0.03131241817939367,0.9667652080096972,0.4447762902452562,0.7997034900969809
2023-07-17,0.07309734359465253,-0.09207540874856157,1.1308759919419233,-0.08668210081867303,0.02019101528664958,0.7846837480200264,-0.005936624764629142,1.0464557153258705,0.4613524126403738,0.7455225282967699
2023-07-18,0.1311983603844366,0.23458549644144375,0.7349555409638883,-0.1233517130902085,-0.2059478622500229,0.33171742871804366,-0.0791017635993967,0.9625636408073707,1.061998188991563,0.8826527846471328
2023-07-19,0.08726561645283973,0.23807013218195727,0.3554039545928847,-0.20111266909075168,-0.5652799824683421,-0.06562093732188912,-0.21576219317552206,1.1040188345197957,1.6126070973857323,0.8180055401572396
2023-07-20,-0.1221123680538318,0.07172638639029692,0.3144232186450865,-0.15476098825798615,-0.2933421196920546,0.09193592738933835,-0.2191665952663467,1.190034315516848,1.1365703884886098,0.4926712071436726
2023-07-21,-0.27947374539345754,-0.6209272974752004,0.26101847758325475,-0.14078871569322818,0.07285199761974881,0.5265318339515854,-0.3262694536755732,1.3988530883098713,0.4257590542396583,0.4201814429034227
2023-07-22,-0.2476172835305122,-0.09269950244617202,0.3900613056003006,-0.07211621120139176,0.2667900627337143,0.7034860409962881,-0.2688596631790835,1.2988343044586603,0.08993966374718064,0.5348626865974231
2023-07-23,-0.20454509626337983,0.8328729784435064,0.4346426492633967,-0.09331406665141698,0.2593176305800964,0.6727833802423586,-0.10992823731192067,1.2604666318660742,-0.0016094686223506926,0.7430672979177101
2023-07-24,-0.04783762119556911,1.6224216312525657,0.44099038890607334,0.1254454445955776,0.07972315814714265,0.4897919587474335,-0.07582775231923618,1.098010948568881,0.27198980615440926,1.2031489369343116
2023-07-25,0.16678569463538692,2.067606919267738,0.2680820669944305,0.46837623899333003,-0.266539120507079,-0.007298980965718116,0.020586824290805262,1.0667487071735846,0.96396012005436,1.4865495639764665
2023-07-26,0.25312524760537664,2.262410048294904,0.012468553370978594,0.684903741263576,-0.4761196342194914,-0.25214159735897257,-0.06264591835130266,0.7575878493190797,1.4127489192609883,1.959165532065093
2023-07-27,0.15409563855854602,1.753637669477376,0.013970113890678964,0.8293112220225783,-0.24343908127516192,0.009893261244654285,-0.04897462147046389,0.8391448735129605,1.016645312775721,1.8818720177425485
2023-07-28,0.03723826589882901,0.8391133437093079,0.04239513376749693,0.9268228431362797,0.15128540501480345,0.45091451125603504,-0.07009961689870715,0.8481711585652502,0.3609808645422065,1.4083320608579408
2023-07-29,0.002083065337129362,-0.4794676266120962,-0.24203188748117327,0.8184513386828355,0.30330300546509387,0.6074228819540732,-0.1310403849230818,0.909174399052141,0.022594760570311827,0.8801814071850219
2023-07-30,0.009387053023163998,-0.24378102221788572,-0.11282704846135787,0.49249191235985934,0.2899231669415656,0.5466833728299086,-0.12005534232597599,0.8913568334766125,-0.1422720799914123,0.5464789419839863
2023-07-31,-0.011350667277071813,0.2479278268581896,0.1558524290921026,0.07615507945053357,0.1527591689160228,0.2926182265711138,-0.1700191555636943,0.9430626145355667,0.07725327520202223,0.31567420849453826
2023-08-01,0.09633055671476791,0.8030203995356225,0.2925377077873455,0.1955689339187642,-0.1826424373016499,-0.1615013034894784,-0.20230284777825372,0.857949467161872,0.7259661254007802,0.34226162578314534
2023-08-02,0.13245322922830602,1.136230087086661,0.4344302678949319,0.36876508496220334,-0.3849472188480828,-0.533058721740691,-0.04420888801514014,0.5452000102513916,1.1802153996878268,0.19584764038362648
2023-08-03,-0.06656941722420723,1.1542257553736024,0.6070291509393956,0.6466335211932019,-0.012310543692160529,-0.21503852422487513,-0.004880589360324317,0.5261989953295514,0.7667448026506393,0.20028909367696854
2023-08-04,-0.24180828123796316,0.7290336578273695,0.6941467377124828,0.7772632885970198,0.4927202745461745,0.2840214857303225,0.09558220192796969,0.6999198768595132,0.19736314237714633,0.06788430194714282
2023-08-05,-0.30720132577896286,0.37476348396006803,0.5433436029692118,0.7044897174268835,0.686503797638234,0.5504536019866559,0.1866070324809376,0.791963571874363,-0.029082358194560037,0.6511243085212632
2023-08-06,-0.28288138731285684,0.9861453173893651,0.18820440118331702,0.5449863281370924,0.6634604457889218,0.5895863903955681,0.11491283430878024,1.038676852467232,-0.049120861576050806,1.2842211914758543
2023-08-07,-0.21162201324396643,1.5100165552191709,-0.13117954831721615,0.06681069089207511,0.39765493691811343,0.287320022941641,-0.011653726660872695,1.0841039144821425,0.09750040406551999,1.4828472517508338
2023-08-08,-0.002855551559285164,1.9214726058746645,-0.04843263697625377,-0.5021665683761926,0.022211765176181477,-0.13882065580381645,-0.09868001726649663,0.9374107007528019,0.6891046000113829,1.5117223262946853
2023-08-09,0.1572183634377239,1.9097280899466784,0.42142417755634726,0.25648757048284265,-0.30753015707147774,-0.4783717269545054,-0.08926028774672518,0.5918774441373305,1.080882502613366,1.3145458299255075
2023-08-10,0.03380049968989989,1.2774493312222417,1.1568404963667593,1.377503606038255,-0.037788497834584586,-0.24436630950851748,0.03234585277247597,0.3854260596869199,0.6170705896366216,1.082804786262706
2023-08-11,-0.1428720038438247,0.23862635761680237,1.6410692268228135,2.236753154734997,0.39787495105420456,0.12915880263606455,0.06387813635625725,0.30172795741050235,0.01018861897152254,0.5588080994859963
2023-08-12,-0.16159235082915852,-0.5228672128341192,1.8028294840666388,2.558170708182551,0.6317446585547413,0.2912716972478553,0.12655206063027433,0.26380775832808845,-0.2840681182601257,0.3974710470258733
2023-08-13,-0.0856062319562722,-0.7487326942961606,1.641529549691937,2.276532199883035,0.6255443327338667,0.3262764459145135,0.16635364224147028,0.3475445413728484,-0.2472468203351715,0.8136532635105674
2023-08-14,0.10557892476367424,0.18382182729193777,1.197218758681554,1.5143882095440642,0.4718153982602755,0.15593041344020805,0.0918311601060755,0.7353199575954289,0.017757399604458653,1.0262095312929813
2023-08-15,0.5506855558855832,0.7340350866741815,0.3509468763140745,0.24455080930731304,0.026931997581869576,-0.3167239019070658,-0.04148379023725613,0.9897935948561287,0.684303700341927,1.0651139296569967
2023-08-16,0.8348332419494492,0.9212284622306804,-0.17742143996078868,-0.6503324809422508,-0.24211103898504,-0.5398249253805836,-0.10014742027637132,1.253727036048183,1.176464815981482,0.6330048001657764
2023-08-17,0.4372143283901735,0.5447036137626655,-0.037744542281218395,0.3167263140932891,-0.05404100166257805,-0.18757707830470408,-0.19826335431795808,2.3703449290827807,0.8173123422260611,0.6433276146683707
2023-08-18,0.04065500940338246,0.08494012535142655,0.174626326693824,1.2491869220332878,0.35317805278958203,0.3362173994043036,-0.38898347005688116,3.500319549110285,0.33584591395966895,0.940055364230243
2023-08-19,-0.16415192255933822,-0.27554564349329763,0.2652977243738662,1.6886526001098567,0.4927310670918422,0.5024589723827859,-0.33077930026878877,4.024762282782118,0.11472770166140799,0.9549009207311429
2023-08-20,-0.1298294391154451,-0.662824057519216,0.47322338109057044,1.6851047560310568,0.4571857138376331,0.4535137896809065,-0.1603551641465901,4.106033626683607,0.1845221906609157,1.0535328444293024
2023-08-21,0.09806103436508001,0.07995726028937274,0.595133232163777,1.1609966446287983,0.23737822301025524,0.18746984605472403,-0.1294197502358071,3.685641873206027,0.5994362626921108,0.8338105396698186
2023-08-22,0.8965749552152096,1.7153137381698615,0.640553775151559,-0.19124928630792873,-0.17406048605795535,-0.3849884767159043,-0.07325078104239946,2.9179703418880902,1.2450381132734711,1.4832397850572365
2023-08-23,1.4455789832476664,3.0432845191393567,0.4908575028154982,-0.16148364383132544,-0.5422742421604354,-0.8724251023396169,-0.04147255662724982,1.7823704915994025,1.6581946601758737,1.867572388387723
2023-08-24,0.9267645558495307,3.4287433066870356,0.3611176054322033,1.1105186923071089,-0.21045216499095012,-0.5733233262484436,0.12019363257395117,0.9421692180321662,1.17580568169676,2.1150554158956294
2023-08-25,0.30610018066595096,3.4170603831844724,0.2856669855300604,2.488207221627814,0.20848295759009883,-0.0577833559680682,0.022561867921820498,2.2292255353428425,0.42080990161381276,2.7515915532370707
2023-08-26,0.02367099253700703,3.1464042696084396,0.0885618272192336,3.2333137825415514,0.35702594975979024,0.1274407218810169,-0.152625904136468,4.378539282988608,0.08776565020692886,2.872883930739432
2023-08-27,-0.022657292002322166,2.396015059494608,-0.15357106731792342,3.2537429190417275,0.277508487372915,0.14297096164743925,-0.08077452981629098,7.249629542754705,-0.0739052777940583,2.3994347714931576
2023-08-28,0.2859472042301333,1.1573752998432658,-0.2251819283142607,2.342848064227561,-0.0167229309443111,-0.022485329156660697,-0.07097566741119497,9.031606750352188,0.1061109296397486,1.6041193554047728
2023-08-29,1.1765516613191886,1.0660293068035114,-0.37114589840869616,-0.5243401231707727,-0.47159775214420496,-0.40786008021243286,-0.17452780427239506,9.251193420020186,0.6811902395953859,0.5933719586153161
2023-08-30,1.7350534961266377,0.2171007229413239,-0.47785334476798447,-0.21040182364428545,-0.7890031241006922,-0.7103118886254832,-0.10910017591003993,7.901809583481333,1.024937430912416,0.36561242269371436
2023-08-31,1.2191722873884003,0.6930372572676642,-0.3988318295564165,3.26251112269782,-0.6073891096833934,-0.6531528287056192,0.21994342723003665,5.64601919142918,0.6575012970557097,0.4141076113422945
2023-09-01,-0.2316302646851178,0.8033882994650203,-0.16041228207959807,7.122498046735565,0.506423801426164,0.1959202701193962,0.4467592712776003,3.024740587904408,-0.2575088922034472,1.018157306328809
2023-09-02,-1.025380181036801,1.011365448204521,-0.10944014131615323,11.565385954720885,1.1814295659324456,0.6631206801140571,0.5719619439375309,1.3479193749059561,-0.8179314877143664,2.290925162694332
2023-09-03,-1.2834893092427666,1.19531597536321,-0.08043254975750454,13.511266804883867,1.4205831020658968,0.7852601824008995,0.4843406981782951,0.7989725395623555,-0.9504308232549623,3.582377937154307
2023-09-04,-1.101393327819862,1.3741215855850097,-0.10553459011142259,12.24183576994735,1.2434197190731178,0.5676361053328448,0.3113488679467587,1.237476196686136,-0.765641734952332,4.145263697313019
2023-09-05,0.8441010156250336,1.4506403496326696,-0.24593414446568454,6.544063597590524,0.5693864296249077,-0.028605780187458407,0.007823614555393843,1.3636936985892623,-0.2346824381918317,4.332670868357747
2023-09-06,2.20089599655308,0.8435196649314246,-0.3745626685660773,1.5515752421229052,-0.00828686481446684,-0.5070914402961652,-0.3117862743548202,1.472302537715271,0.1965210102827195,3.622393667249987
2023-09-07,2.32675576367877,-0.5860268739866286,-0.37615973419326365,6.991868443970002,-0.18657868321913018,-0.4894913004364261,-0.16781078766480143,1.4997431039425944,0.047549140809394846,3.4735406528544774
2023-09-08,2.172784655953237,-0.2803738170419191,-0.30779674535574064,11.566420822062257,-0.18338593392472632,-0.4286632916873795,-0.012851893809957176,1.7014580879424492,-0.17054885148360535,3.484623714329322
2023-09-09,1.659042134051021,-0.4991168894263925,-0.26624058524628286,15.906662061153765,0.2105122609850856,-0.1048402224900323,-0.021039902957907492,1.6976010113351543,-0.46792286965780844,2.886281536575907
2023-09-10,1.501017559140984,-0.604746195566326,-0.3341444793365251,18.46878220478409,0.135798852347504,-0.0765271381504571,0.11633102979665225,1.5319755992183215,-0.4444620148622525,2.6477906373335967
2023-09-11,1.4344699333783408,-0.5582642818438955,-0.3840395337399445,15.9983969908734,-0.12937190016541206,-0.2754240335207675,-0.0006740871256413705,1.353075986738441,-0.21762405477333743,2.953885308562643
2023-09-12,2.1824157318236286,-0.2817891415192208,-0.47770633235516524,7.385134670521103,-0.5426746062392149,-0.732172662397045,-0.2762326018357807,1.0089203668977516,0.3004114428504361,2.0789442806572818
2023-09-13,2.965222926758407,-0.20555109098618757,-0.5845966952698178,0.01942100486508044,-0.8203920672794414,-1.031488899459661,-0.4772437252340127,1.0527677470430938,0.6322574704183335,2.0890261431991544
2023-09-14,1.8581790946513634,-0.7467593997414844,-0.515834645404358,2.5482950001305396,-0.3809932846119621,-0.674933630637665,-0.35955419566266095,1.4551681330660344,0.23496986135798836,2.98187086698906
2023-09-15,0.7735159674475277,-1.1795386103383794,-0.43225721627984964,9.888743275157053,0.31090128111638055,-0.15194478902505038,-0.08107415963318426,1.7190170082476863,-0.22580238229970506,4.543116119783651
2023-09-16,0.41404482811489335,-1.2742579352019876,-0.46343792111404475,14.334381925954851,0.675268651695196,0.11363401612849203,-0.004325649999320862,1.842897988053726,-0.4172918481658527,5.2170484086539775
2023-09-17,0.5244624950390328,-1.2483727667135782,-0.4429802136346265,16.256543794872613,0.6897647100840383,0.09518577241739164,0.02576512421651313,1.7474048518664975,-0.4850820816339501,5.3652345283938345
2023-09-18,0.9745897201338285,-0.8335187655723724,-0.4786689304738044,13.337275776407383,0.3968591554671827,-0.06160165532408311,0.04623203550294564,1.5335533228811908,-0.27624318333264924,4.647849721004204
2023-09-19,2.1611186216196785,-0.18759299301458937,-0.5509184926666523,4.837196001022783,-0.11086439230040944,-0.5002681791971006,-0.1332369343281329,1.1111830127767641,0.25729232009497854,3.7605957999644306
2023-09-20,2.7025753354889086,0.06941611400003019,-0.6257531789462474,-3.15496939293046,-0.5124513212206193,-0.7770274088667021,-0.24837167931979962,0.7079287061223298,0.6720892205581195,1.910794947858198
2023-09-21,1.8271269001182393,-0.2148490350600994,-0.436048280884184,0.6830338066247506,-0.35745867282971777,-0.40511157088943495,-0.197994042640081,0.7437528477731421,0.37477148002250404,1.8592463183363805
2023-09-22,0.976109507227532,-0.46218954611805535,-0.3618887937918436,9.226802708432356,0.09835633621807244,0.08611707978235131,-0.060730446335519744,1.0254270170063344,-0.06968122994541674,2.513773559491248
2023-09-23,0.7512636999394228,-0.4806240294099656,-0.39188053683089974,14.067552250175487,0.4329642947981778,0.31788878341301335,-0.15146791104813478,1.0504766076623695,-0.2400879297546603,2.6033021685652065
2023-09-24,0.8829330368982121,-0.5806248468416448,-0.28007888208015747,16.105930306078953,0.4754527987406251,0.33144073261575235,-0.1536014577151785,1.0078914141947064,-0.2577816020439692,2.586746081020779
2023-09-25,1.3041570983366326,0.0807364236311077,-0.026007499754634476,13.054531220617857,0.259428340146446,0.09934097936067579,-0.22262731794034424,1.0292403435973867,-0.12009243389815848,2.089270186856331
2023-09-26,2.388761072288725,0.9955183507052033,0.1690777338728368,4.666223827709997,-0.1338798321016797,-0.2809970497853145,-0.409783962984351,0.8779178845720748,0.39532341197916765,1.0896643988230077
2023-09-27,2.804805449734256,1.578789746499161,0.1494629507371673,-4.012484830373643,-0.42809186013498746,-0.5538757809687465,-0.3423961155812718,0.6212978046014384,0.7317221968623328,0.14485808860255897
2023-09-28,1.3502947800483225,1.0633835643538851,0.1810457298493277,-1.486768688668731,-0.13054187091273925,-0.20047504195865398,-0.12131787855132325,0.6017349666328973,0.35640793251107933,0.2909119893641174
2023-09-29,0.3983956951369396,0.45610066314344977,0.3651262944915472,5.458708123263635,0.29583758479173494,0.2260704817863075,0.03427452902788271,0.7001123644100483,-0.15777359112359043,1.0238712873215632
2023-09-30,0.13729478594345434,0.24458054037848795,0.8988209332579746,9.026823666140666,0.4951972110950613,0.3442738792009579,-0.05816612968027112,0.7782136728822733,-0.31639793395851173,1.4009057087727586
2023-10-01,0.373192161869688,0.0754492769883646,1.4833192313465604,9.716669265667436,0.437186576039553,0.29187486223018383,-0.15096936739394168,0.7266905016631832,-0.21305368673378078,1.4804134181266386
2023-10-02,0.8753721403255738,-0.01676217290692469,2.0436052159821103,6.377760325184303,0.14761649680598835,0.004474988128971624,-0.25844281734039876,0.8658521784510921,0.05348777052210206,1.2173309634431686
2023-10-03,1.9471598972367188,0.7086233816242558,2.1981222613095968,-1.20551060079212,-0.19677130530234685,-0.4437903212240796,-0.44580805002294577,1.03563456070108,0.6162562834745661,0.15830215112925355
2023-10-04,2.389150819812971,0.9168031751437613,2.0197118498944535,-7.378696063643357,-0.3701165886994046,-0.6645125132075617,-0.5843571814193168,1.058305906396944,0.9880218021462119,-0.6826309332783208
2023-10-05,1.3631557479702716,0.30027691729750355,1.754640074143606,-4.500620184527756,-0.04364508080422042,-0.3454249925922893,-0.3005380561999611,1.2481316571420529,0.5773656642217526,-0.15782923693364984
2023-10-06,0.10903712097774892,-0.5633858031047471,1.1189682431814683,3.8199769402571593,0.3748390335878734,0.1838549691167884,-0.21187998489826348,1.4663601520120155,0.0390939544897988,1.6676105964550005
2023-10-07,-0.2804093253371462,-0.9671305057433279,0.5018217872078722,8.27473104895199,1.1635850187353756,0.3438493075764858,-0.19341536256051137,1.6498315477381902,-0.312903302390217,3.3803352152874635
2023-10-08,-0.41361700812174207,-0.8936852247021269,0.8617486268303421,9.03576203735004,2.2849972275018295,0.3238778009660209,-0.19509716156303258,1.5548097448210463,-0.13001917776669009,4.654820698618244
2023-10-09,-0.14653868995530364,-0.42973464215683704,1.2221939271194482,5.77407161029868,3.051769829600969,0.15195919963937274,-0.03715278389132928,1.7192148110661285,0.2940880176624517,5.339863448481183
2023-10-10,1.0720175696941023,0.20813644810796975,1.2175911768197312,-2.0051530386294107,2.9794902905279206,-0.305905295986083,-0.1821571953166211,2.0148885179981257,0.8656347817188716,4.833869835314444
2023-10-11,1.6800673735170575,0.3876655889596434,0.9423698246223428,-8.77842084101392,2.5525959517482852,-0.580129482898055,-0.29484958492208885,1.8884109566470049,1.2489212075795648,3.3134478022051863
2023-10-12,0.7630272935537025,0.33172327578703115,0.6950049155399737,-6.394768813004883,2.2013757918508428,-0.18606440827087378,-0.28940306254882414,1.6048792597251103,0.785245149905422,2.4406697294633712
2023-10-13,-0.02820006690245315,0.05745545884887496,1.2273327091509239,-0.43476991145224225,1.5613782477647353,0.2493473233119819,-0.03513073842638149,1.4176008018418604,0.15740439322336164,2.512333243941882
2023-10-14,-0.31155725483767177,0.22020479365842202,1.1379747396534996,3.2960118537450063,0.5404214637658915,0.3873971434936749,0.08583238124714697,1.109145641950486,-0.17495618454011422,2.3632193283031993
2023-10-15,-0.3176638870262135,0.46880545900714,0.9548823692642332,4.466615428438444,0.05316837265943075,0.3796968504620518,0.24232677470068406,0.8358794040826697,-0.4122955577741066,2.3088678132268345
2023-10-16,-0.11902686236107303,1.0095125329819363,1.1741165555865525,2.220936176830581,-0.08360005306168823,0.2808384079742497,0.46852359066037425,0.545961751739743,-0.0645549644142664,2.004072116304822
2023-10-17,0.7774433599701815,1.687487945695729,2.0111077165970856,-4.162646796943876,-0.4221022061022499,0.0032292201226772873,0.22756066467443517,0.5830035054915064,0.5324650015995787,1.4220530069828123
2023-10-18,1.4009738581447895,1.6794690189130654,2.6472376033542706,-10.491930609612526,-0.7811011746308067,-0.18255523194820733,0.11182409450231416,0.6996925947617091,0.9979205913738278,0.6703425835310345
2023-10-19,0.5370700530468231,0.7300664810484585,2.817335872802007,-7.477189957474043,-0.5497453684367068,0.3018017090793593,0.06747154239460519,0.8245595397054511,0.6305185298037009,0.8406660151956399
2023-10-20,-0.36822978362854997,0.17540924439707103,2.7934628886859993,-0.6195399027889157,-0.067526290022202,0.8610074123973929,0.12193356492807991,0.9103660598190018,0.1410887242016926,1.323246804318886
2023-10-21,-0.4557583589708458,-0.0669769621962701,3.6212150827866005,3.4290029684970627,0.11340229732366841,0.9661947923554106,0.10337604393635967,0.9282133103844111,0.06012303245213201,1.726175994124674
2023-10-22,-0.09058530588646113,0.22880064364269004,4.565729178237003,4.496355226034562,0.08509660528855337,0.7298365434070496,0.012096024882051484,0.9951025031505553,0.23172827971606735,1.6048945490505673
2023-10-23,0.4812424474387192,0.5914745090209047,4.650220801056724,2.3856565422437734,-0.20231937394414007,0.3663109596752454,-0.023416605085161815,0.9436606956663995,0.5919891488987384,1.4557911695726533
2023-10-24,1.6398556792005214,1.2224621719488262,4.160133281081255,-3.010132367860034,-0.663749390224318,-0.14819133314823402,-0.5634556263158484,0.8890821580501236,1.2545322433035606,0.8786880699707903
2023-10-25,2.090092132787723,1.5325864777696228,5.647893735478835,-8.736827790293406,-1.063501670111676,-0.4865162910068335,-0.7386972084062922,0.7108174015276486,1.5861837764855475,0.17053346808374495
2023-10-26,1.2194704473718425,1.116013760438882,6.497170967924544,-7.14416616159782,-0.7576387157841773,-0.3005557566434704,-0.07554839845447453,0.554375809473544,1.0094441288806733,0.2715810973228842
2023-10-27,0.526161083561006,0.7194759741121921,6.771694973041565,-1.1154160428381297,-0.17024207859268825,0.07154640145835593,0.6889324667849961,0.5502930961477127,0.14398792509801928,1.0089598504361392
2023-10-28,0.35167644786336366,0.6463339409024689,6.938324772409709,2.6166892990579997,0.12857384837213395,0.14145826552804602,1.1535812271129153,0.5868092767513323,-0.3401855239326318,1.2896186165671089
2023-10-29,0.5968702463908316,0.7770925979662165,6.989804692917235,3.7576953794329153,0.1407424152153007,0.09673611096025221,1.0875813653439987,0.6312883434183034,-0.541627263523515,1.5165468941945262
2023-10-30,1.1137218265914781,1.4460502911595956,8.210958405808361,1.8655082652960828,-0.05704695005511652,-0.11034388697973352,1.0755150171325543,0.6751299784074957,-0.3688961532628701,1.3773165281192723
2023-10-31,2.1029467358235907,2.383252598054448,7.672886724007552,-4.03474933395616,-0.4347857651225638,-0.4767705575209792,0.5853857626863139,0.605155597987925,0.3071390456700147,0.7752831537324066
2023-11-01,2.1625583583464034,2.689769849422731,6.547147348986525,-7.8197222537866935,-0.6547976167179901,-0.6038171339669147,-0.121989074895887,0.5866571017233232,0.8299050776747346,0.047489312500021974
2023-11-02,2.8939304382585225,1.6182307324594336,6.432017956819694,-3.6911094685817583,-0.2994516264681763,-0.09602794173843983,-0.8632192988528995,0.4792882875358055,0.4922161709182898,0.06479674106640682
2023-11-03,3.533493035899382,-0.15837345261450766,4.8019409013824195,3.662514312331222,0.2447366585771804,0.4636125788469707,-2.0889510717190825,0.29318058229569227,0.010460417631757814,0.6291347908368671
2023-11-04,4.0847331633762645,1.8506471899782226,3.433372903415291,7.2644680310830365,0.6039617066605464,0.7553739076083485,0.3292509944637449,0.17358416102000268,-0.1557266844407308,0.9491009483887669
2023-11-05,4.185394932849498,15.773044645349115,2.061125860172658,7.964709317006644,0.5133158656120091,0.6518608811104467,2.859562191312216,0.07135764715183045,-0.1832446019718701,1.0549222094781794
2023-11-06,3.9670999069130675,26.913304639552194,1.1149791754214782,5.188707378425304,0.3383573386662887,0.5446100876987898,4.547950243866319,0.0222445930413628,0.07754493363493366,1.4878762776875591
2023-11-07,3.56882223502477,33.225678217437576,1.0222196656141085,-1.5847409482075767,0.12703435190169565,0.27384812555266425,5.0480250046801975,0.039275067071169206,0.7122487044755574,1.3604287474085945
2023-11-08,2.881526708538989,33.708772826300766,0.6838050942711361,-8.1647678312335,0.21254118322961607,0.18341778947237902,8.508365047866578,0.05338170138157511,1.2187051334066203,0.8079146441464853
2023-11-09,0.9760758609396963,27.424416597693142,1.1989757264928649,-5.228205689149375,0.839085918781083,0.5816131356417584,10.18150376902053,0.1341747780612515,0.8686663782027647,1.018479305824111
2023-11-10,0.9528828365463766,16.44625777511308,1.6754275896442359,1.6931416165432176,1.4385165814580159,0.9807247448080478,9.067698981064403,0.22397864099326267,0.2679915184684255,1.5199375026649378
2023-11-11,0.8147019857059993,3.6816670910608273,1.0861774117604113,6.153713762728938,1.450683300115181,0.9883824163540037,5.84551011914156,0.29118679422482896,0.06417050039413641,1.5264358251334682
2023-11-12,0.6773253354211072,-3.4242990754991607,1.1804025671175957,7.340123241858721,1.0998188250906782,0.7179125167268027,8.289090963343076,0.25969960534026265,0.09423275819611342,1.416032737933205
2023-11-13,0.7974807736026868,0.8114160050113988,1.0992458421467335,5.207477425736288,0.33895017467893673,0.097318270153089,8.210190087972,0.24111911245142117,0.30670500350081764,1.246866643844472
2023-11-14,1.5247035066248875,1.6714625722177872,1.1266228546252726,-0.7886549877440866,-0.28035851911731213,-0.4681258942939722,5.613188679957295,0.2148902274823659,0.8994420313755205,0.9388424961696533
2023-11-15,1.6423368882461757,1.5729383478846113,0.5651063188258113,-5.884267309898572,-0.5681812493797401,-0.7528854866052255,4.103774841610164,0.21141937165640354,1.287577253181069,0.26531968467148287
2023-11-16,0.974236478709748,0.8538039013986178,0.9810127930251129,-3.5081946969508015,0.0014306004477741645,-0.5102227385214713,6.918493126831821,0.14847568064421218,0.7750447773812267,0.2680741696325803
2023-11-17,-0.16794610061085927,-0.17444265503217593,1.134092266435371,2.5858302753245765,0.8210954419389457,0.004007949326981455,7.164085824210023,0.11556030174297385,0.1291818297245956,0.9849118606308054
2023-11-18,-0.1326852469402415,-0.3851857737494888,1.075597701955799,5.764949649097546,1.3424450497233409,0.3713425397711648,5.659281651961522,0.1691439356282999,-0.1987082824637399,1.208944813398008
2023-11-19,-0.2517430538944529,-0.4823577286042452,0.039601800275066365,5.8056846739689,1.3379608396924987,0.5978776816930707,5.50624978294914,0.13555576994877414,-0.03185488570548118,1.097952666901306
2023-11-20,-0.4908461404589375,-0.6044429273093834,0.5851557027202334,4.2716216452396445,1.46040507686765,0.663443979345894,9.280377899665591,0.29752821895391846,-0.03404493214310799,1.0644477139472772
2023-11-21,-0.530710313439828,-0.8084629730532787,0.6112330102754086,-0.5032599281586696,3.228337386534878,0.5330261444730325,9.82438786722899,0.4685372159932612,0.2908052739210142,0.5513564569515934
2023-11-22,-0.39776540106864805,-1.3689454850059166,0.9411395884638459,-3.4370340914528787,5.13223046377065,0.2593503008733789,11.306609483968606,0.4938287579852996,0.5887851861190863,0.21488717364961385
2023-11-23,-1.3099870654856458,-2.33490507418769,1.3986701009318003,2.065712072762442,6.778615864656756,0.39644808254562836,13.236509830258756,0.5810446757481754,0.16975654379395086,0.6892431438470887
2023-11-24,-2.021774341586584,-2.8705316657735436,1.5773684955455947,9.749273244699303,7.990442705144634,0.3731999502405919,12.31412899080417,0.21133738104213443,-0.37585062734185426,1.391090349134163
2023-11-25,-1.785490706022735,-2.6802553023560525,0.8578177944700682,13.111786559470433,7.929569535438471,0.36187686177272144,7.555391594593733,0.5445648068694402,-0.4663022038364482,1.8583022986210564
2023-11-26,-0.3384994380869914,-2.0553038794311145,0.6239481796201628,12.617651985843041,6.416639489426024,0.2991073972562176,2.682755705019612,0.9733805718345805,-0.09489880064774603,1.8837005357554153
2023-11-27,0.6752246894070872,-1.057330986278972,-0.42772627694658844,7.625034361857851,3.640248580591839,0.05928049583641869,0.9082096414214574,1.2882639529484683,0.5799023192708064,1.6909991100617043
2023-11-28,1.9477557104810947,0.01885191258349731,-0.3771163377641243,0.2822012807688785,1.1226528885233908,-0.39667576325795134,-1.1659318168017105,1.5967620641078037,1.0081785309875204,1.1546224058849421
2023-11-29,2.213494574331486,-0.03320450458330836,-0.5708709438838613,-7.76245120895215,0.8476014258064278,-0.6042774136039457,-0.9396610837058222,1.5983283019207892,1.3755984011234244,0.14856574012686538
2023-11-30,1.1599747775344789,0.10655243058232876,0.16303251255556667,-4.594416892069588,1.1677267196763281,-0.44630832114868707,6.9131703092754275,1.2878894305119466,0.9191200587481493,0.6263667853100857
2023-12-01,0.26128098369025204,0.0964085224453746,0.3575035767979303,3.362086782224442,1.5552249609116857,-0.18929494717656778,12.50526583397653,0.8956356935252711,0.33750581365946775,1.4411723029836534
2023-12-02,-0.04670415846446818,0.16654479210622228,-0.32535628329143784,8.209048330150273,2.019000850585166,-0.15865522591974124,13.840138849641756,0.23414902092653836,0.13618456665729056,1.7319723999989767
2023-12-03,0.0021935770644310186,0.34260073474801056,-0.8676181532290259,9.738101420728169,2.278535194591292,-0.1058605794419202,12.834218728486059,0.44807258462809985,0.1489644230781894,1.8120048288533774
2023-12-04,0.4196062418883423,0.6922428132805543,-0.7988254660292242,7.896615720566064,1.9763194604704413,-0.28292305236978643,10.778140875975826,0.6602495989821486,0.4578116369525229,1.6280053253318543
2023-12-05,1.4557801275522257,1.3958955744163732,-1.3673466672939332,3.2272389300731485,1.059631770853432,-0.7175817478620707,4.098599272488837,0.8975441588072101,1.0431208509386045,1.2360141080724623
2023-12-06,2.0171148815843676,1.4796762353975015,-1.2131139347119553,-4.561834093887859,0.478723688447037,-1.006183829011,-0.9746276865705079,0.9911809856909602,1.4502565051097793,0.45201157550827187
2023-12-07,0.9359503765877606,0.4531987877061416,-0.5240378296904032,-8.235030667318716,1.174971605378125,-0.5134925238786805,1.3616814785420113,1.1028913763673505,1.0079636399757876,0.25904041269965267
2023-12-08,-0.0010928293636039215,0.26047772226683075,-0.3641961174877671,-3.923018058066868,2.036157603576025,-0.06545751514491341,6.748144907089191,1.0530363042675743,0.3309268615800145,0.8195651254884553
2023-12-09,-0.04275996783549734,-0.06112375908053926,-0.8806777910885815,-0.16903383602827712,2.436441789341371,0.08390477018482112,7.113104563966715,0.9232618627180516,0.039716107799970014,1.0106702047098297
2023-12-10,0.3039569942253284,-0.3772417991412524,-1.1030948247643033,1.7995435133598339,2.5403683280979026,0.09005756095632501,5.381045992720771,0.8323519972231616,0.047892333332465016,1.054208188192664
2023-12-11,0.8775976286765983,-0.4067108079572791,-0.9845147429449537,1.7393673881909613,2.300630626011373,-0.09013872778734956,3.612483579956791,0.7209218715121244,0.3837521586443721,1.1195237031083227
2023-12-12,1.9083804867361878,0.1091820070267829,-0.84035584295319,0.16399077737016393,1.5570811648297984,-0.6088280849840573,-1.0803745010054322,0.5485880855534468,1.0418781775141377,0.7241008310283863
2023-12-13,2.3474177192081305,0.40402835220485006,-0.8131860948734955,-2.8152621135972207,0.9107532244387636,-0.9647550035214861,-4.394224694386526,0.3018928181542101,1.5001763691236156,0.7278335739400377
2023-12-14,1.3699856593311757,-0.34155088682140233,0.11644700087249944,-2.8519529316013,1.3475505562138532,-0.7061483585698911,0.5734182368673476,0.34451655415541643,1.1437151565186812,0.5196207540784008
2023-12-15,0.11296081600323736,-1.1317772615624337,0.525082009729872,-0.14560430482373826,2.1833417380376616,-0.2521921236712444,5.26774974025322,0.5290812449816508,0.4890602361935609,0.5548046923216939
2023-12-16,-0.2929746355880801,-1.9361459144637476,-0.05640032996454253,2.711170919765411,2.578461481677018,-0.15917159749738524,5.72335798771706,0.5997780368900986,0.10282369881583961,0.3558267645979889
2023-12-17,-0.5022227100943337,-0.7186700970753861,0.32242458613807284,4.302329776326636,2.765408796060074,-0.1400763965140796,3.8837487738742085,0.6829394786415373,-0.011965578855686545,0.2965404992638398
2023-12-18,-0.3565391251826982,0.5086660686263391,0.8394509801064057,3.307354062097158,2.653193708702784,-0.22060607941127497,2.4354425387479863,0.8433228665519977,0.159998446354531,0.5046067753416366
2023-12-19,-0.0942679900130208,1.4475157871218103,0.7186551065169288,1.0848010236312906,2.3853611655322857,-0.4119278980068877,-0.47102767311500443,0.8146796010883054,0.760216868899546,0.4539063278979576
2023-12-20,-0.148576260558888,1.98952884863923,1.0951097307244089,-2.7094241197676094,2.305659689052905,-0.5230926119949211,-2.3333565419140627,0.645751733098568,1.1894833413316204,0.19367461665025745
2023-12-21,-1.211381494041534,1.5942312515570733,1.2651826353316757,-3.7128945059871388,2.8798059018895024,-0.4442412166827827,-1.0927520738483896,0.3527651729420681,0.8613127090262037,0.15067892020855156
2023-12-22,-1.8491178111406978,-0.014068797873164465,1.9779148195832164,1.50529563066777,4.091403459089515,0.001359093996950589,0.1758947734616797,0.1983627376268065,-0.1662472865367378,-0.23640419576405564
2023-12-23,-2.0627412283551747,-1.8940249447484576,2.0495528858502707,6.399902894034552,4.947755810143915,0.4356275662997797,-2.52759032286472,0.025246016855091303,-0.8624174142030524,-0.6726170070762308
2023-12-24,-2.143815334062148,-3.6920027004589255,1.476509432146678,8.960384245551284,5.2466288654937765,0.6973451574782631,-6.895270050801059,-0.06972135752207419,-1.1671915375690898,-1.223281247575651
2023-12-25,-2.208353769595011,-3.506268587330013,1.6092157483893197,8.102735589534579,4.865175618958156,1.2459535920551064,-11.397266470888765,0.009923537286384246,-0.9999984307791876,-1.2428514263296384
2023-12-26,-2.012609404454889,-2.6438725613693816,1.2855812143634313,6.069091154494148,3.9096212074794914,1.7169498411453437,-14.214041018794351,0.22006336088037387,-0.3470772119442832,-0.8911235442754859
2023-12-27,-2.214766759694637,-1.8665582003089514,0.6857356271679934,3.3589537686836093,2.847739262829455,1.9905834370793933,-12.661374817856768,0.3844876847623118,0.3009725062279632,-0.7507412487840344
2023-12-28,-2.5521511134457806,-1.5081632220127048,0.8760942035557144,2.874821688947797,1.9971846378072737,2.06710650034767,-7.8020569245464095,0.508689816400385,0.36075673848529405,-0.51753840417419
2023-12-29,-2.7384658598957237,-1.2456116342028358,0.7325616400336582,7.997303482282669,1.8375253386844657,2.094187679012296,-4.496066311573568,0.6256815229228176,-0.29180125818235675,-0.25708542242361004
2023-12-30,-2.5029056367974305,-1.2247375211629086,0.5743687264622668,15.002995246949538,1.7844117233414944,1.988539156796492,-3.572339010678768,0.7649635849084127,-0.9059889430807732,-0.013944200252083287
2023-12-31,-2.916802656190489,-1.0519445105443506,0.5771316951369927,18.317842576330175,1.711986608072565,1.7627872441868448,-2.478588236746596,0.9927429938303074,-1.0348558174072664,0.3266526977177298
2024-01-01,-1.2728308459173094,-1.0113927329438281,-0.06490228054701513,16.816472378865626,1.390774200444095,1.2400065122229889,-2.609463984294069,1.2556266834185559,-0.7583726651360089,0.560895360710034
2024-01-02,0.6640087742104085,-0.9081184573170147,-0.42311517487741196,11.069970690411461,0.7752006685016162,0.8702167171138626,-6.784752867813235,1.3682629924204635,-0.03857502759810433,0.7436039341908621
2024-01-03,1.5725796958299143,-0.06540338268819133,0.20713478884961528,3.5367160606931383,0.35201842748601775,0.726818542827974,-5.826322504678191,1.604010992706288,0.6375500473583544,1.1648390951867305
2024-01-04,1.8881148937438592,-0.040376219405431964,0.9425368318189549,-0.5987344479597295,0.26598610152879076,0.8381950764993474,0.8924734181586231,1.6381772628700633,0.501688306898979,1.4202547909274617
2024-01-05,2.516442981416338,-0.4190517727307568,1.2559637852660075,1.256365032703392,0.19210964130904334,0.7659923510067626,4.062245009745055,1.755091037964575,0.2076802988000396,1.3563673090789232
2024-01-06,2.383973096569784,-0.8260647891360826,1.3864082947426897,6.709823083213123,0.35564997777895213,0.8681289328253226,2.7268615947565973,1.786966201018341,-0.30071133106430425,1.7386198195491949
2024-01-07,1.599302678028541,-0.7737069205385982,0.8164691394707061,10.754707181336427,0.1819664720294797,0.7314240695978352,2.679251381339484,1.8740860003327657,-0.28996301723555823,2.3320961781801297
2024-01-08,0.42195794911498097,0.22719322348149923,0.7220018866357985,11.470666197169498,-0.1176937062270576,0.4426312253238148,3.259886613863005,1.769151469926329,0.15011366773033308,2.8265802631899097
2024-01-09,1.4272883153779643,0.9173801526056856,0.39776363362410894,9.024716761683704,-0.6406380179694613,-0.03358943161213294,-0.6423965386805519,1.550674206406775,0.9701814840714433,3.031564534745117
2024-01-10,1.1576516985951784,1.8074013923086745,0.18623123476608877,4.500062558033512,-0.9364810882202542,-0.31685430817247967,-2.973052460827503,1.2287190195021993,1.5669908513257569,2.6915382636191443
2024-01-11,1.0328974232093109,2.0689637352966983,0.80621102635942,2.8667171698710687,-0.6292761282765312,-0.06221531338793527,2.631034056542033,1.1250034563843043,1.3145924278096477,2.469659175081659
2024-01-12,0.9476218050379719,0.5011866504133937,1.0849017793116413,7.2885307371675605,0.08766428130739065,0.5468165821725904,6.075931682675197,1.061910435728468,0.37375467771566717,1.9363163166675883
2024-01-13,1.7454314047178976,2.1563246548931265,0.6479808189007901,14.126831624384169,0.37577248453980816,0.7299532776857974,4.000953561472707,1.286588990600598,-0.30542497982221084,1.3728195053041667
2024-01-14,2.0396676269320997,3.838785331209078,0.3603227103579709,18.230107798427756,0.44689104199551255,0.7818918907000898,1.6696832629640437,1.4190398451571147,-0.7335346033333524,1.3985089737732177
2024-01-15,2.2914783115074395,5.686114297117756,-0.23582760794477578,17.858044961794906,0.26175548384621045,0.586434971270838,2.890651855867511,1.7702519199752393,-0.8301825045952804,1.9380914430752292
2024-01-16,2.5399920724378666,7.1003525209595395,-0.659038238826753,13.58193235911034,-0.30133652197641525,0.01733184155643685,-0.615758988032364,2.012951875802622,-0.20782350480394482,2.4325162304260997
2024-01-17,1.6482170240746912,6.468522173680905,-0.6177999854206986,5.865816960713949,-0.6155363383050897,-0.27621398642340317,-2.8688732411421154,2.1344447320283177,0.38465675438169583,3.2506926159982528
2024-01-18,0.49721919633458705,4.916737627741308,-0.5682087349192052,3.777211965794826,-0.33996194332269747,-0.03352820588054532,1.9166351120514395,2.0043164960293307,0.2370445166446409,3.3806932297992605
2024-01-19,2.6658863786828717,2.754423689654901,-0.4922288362324,6.859200632226655,-0.03840395764235881,0.20355892139087445,4.893267315541886,1.6605257786430037,-0.030786653920505988,3.1272938569092834
2024-01-20,4.140923267688053,-0.5263493389446008,-0.38854114977162524,10.137607178875589,0.2377891356041455,0.35471018309052244,3.7123268639976055,1.2018315234731318,-0.33185003155856396,2.310956380876568
2024-01-21,5.564470901415253,4.361672081276906,-0.6268818531509328,12.495967059599625,0.19323123155746147,0.30904456298856114,1.9882563022187276,0.948138913629644,-0.25170263704790224,1.5518562958109323
2024-01-22,6.269210615298506,8.040975595006568,-0.49085372561768564,11.491877686504814,-0.028244322979999324,0.13513581259589916,2.4073274205881052,0.8606661898508381,0.09600236525108935,0.9979868656486452
2024-01-23,6.754309583647455,10.720776892810896,-0.42457148905545117,8.289129185590408,-0.5929738640835966,-0.39528121324920235,-1.424154237472959,0.9209369125030078,0.6743033820381024,0.5129220892268997
2024-01-24,4.525751676570032,10.912386154719453,-0.1035553196626792,2.270110071552827,-0.9641383352751597,-0.7403993486742366,-3.671218226923589,1.1401187560819301,1.105748112894914,0.36647497231712334
2024-01-25,1.4585709794607287,8.42569916924391,1.2808958334787173,-1.283657269980084,-0.6844248465858038,-0.35124985835886163,1.216748822324898,1.4420867192326123,0.626299688035131,1.0855504863321623
2024-01-26,4.664110812317657,4.509539342736117,1.5349661115110904,2.7455850450957295,-0.35803124984829715,0.05015635381347312,4.753489678806655,1.4187966549516413,-0.13675774105161262,1.2618138097824128
2024-01-27,9.576848446672264,0.40744906823196164,1.2398765900740343,5.836817921649723,-0.2614695822311548,0.1525088175679278,3.7303089268987164,1.22743393916232,-0.4809508600451637,1.3996588208597525
2024-01-28,12.681149706332896,-2.9906073512113536,0.8604314572003269,6.516404693713679,-0.23292639698571171,0.06100193662596169,1.0362840530139659,0.9614206916966329,-0.6398353129801954,1.390084476648613
2024-01-29,14.397507901207005,-1.549711315365563,-0.022276858523385373,5.95489393677243,-0.40244058539092303,-0.1472128058944823,0.4278621523158085,0.787297646427225,-0.4444945032198925,0.9906275974077825
2024-01-30,15.792112498332127,-0.859133151607872,-0.907648757550864,4.462289260092154,-0.8539982215136502,-0.7061678812536004,-3.5174648056020565,0.5807653982680275,0.3896220773837898,1.1094115585385536
2024-01-31,12.97658720279737,-0.562278144244415,-1.6790548604162883,1.9358115265092195,-1.1174498449326995,-1.0626358391581232,-7.706497417026027,0.34143642525156903,1.0216030959565268,1.269303756159645
2024-02-01,14.738099514722151,-0.5701210227454627,-1.1486679756854465,-0.9863059009643785,-0.6726698492131402,-0.585449867765592,0.0037220021340873544,0.3486072340454343,0.7094716129605968,1.6574661158038066
2024-02-02,17.439473234746732,-0.6315417851752684,-0.42337525193609815,-1.4690197116859756,-0.0845457041865307,-0.09288227359461027,5.963231825488798,0.6219196437594602,0.15274321271365116,2.0408712879312136
2024-02-03,22.42223233763104,-0.8289140987300473,-0.560812969183845,-0.4629650929606565,0.09699458371672597,0.023763536192650796,6.423977990899597,0.7331167180535182,-0.14075237541764404,1.979176107981401
2024-02-04,23.516006260790466,-0.8494717864584006,-0.47565496729511186,-0.42348630773721363,0.14852614002662692,-0.004053184293335616,5.076156667588253,0.8809956827795004,-0.23009836604083916,1.7451795663855818
2024-02-05,21.946566622822488,-0.4568041386835723,-0.16275943038655177,-0.49256726748065416,-0.042754759135330216,-0.27893246456442566,2.9123966234201073,0.9090777233252665,-0.22026418987979735,1.2376999876517338
2024-02-06,18.719334653789215,1.610347820447012,0.019426677977996448,-0.40512911119800704,-0.5905307815661499,-0.868168086598115,-2.2773952803374673,0.8131438950693547,0.22567195507506635,0.4031762021095538
2024-02-07,8.108743226420103,3.478786107059272,0.03711389239745357,-0.4007378259398984,-0.8874764235467067,-1.2205061782772857,-7.230149870555013,0.5831144114161442,0.7706640844266175,0.3537126270003317
2024-02-08,4.123345750646663,3.5585834615890533,0.8715322924124391,-0.37862906623767556,-0.5766797944803668,-0.7262371771048207,-3.9132526878067746,0.31915686880871635,0.3843954691949915,0.3119529701206079
2024-02-09,39.63859205212861,3.324514778001994,1.175199675345705,0.9178774834589996,-0.3288744495894124,-0.2035034110826282,1.3554510323034643,0.445410467473274,-0.3190086746298128,0.41505085653858553
2024-02-10,63.7774696277531,2.2287257827036693,0.7287022398161505,1.747335555167976,-0.19698930002762702,-0.09630389209960781,1.906724861962445,0.7780752656259613,-0.5134669174325881,0.3596125041417595
2024-02-11,75.91864947124976,2.014644543052676,0.10951616606821155,2.076060131991347,-0.1950702726425513,-0.12053098745257243,0.840462257384997,0.8894455776080188,-0.48114829996417535,0.3323005412326381
2024-02-12,76.12451260491754,1.2523996162009585,-0.30264924963262235,1.8959791122982148,-0.3636738796010189,-0.2944465648280598,-1.960375107384009,0.9386542833427924,-0.21191392192764621,0.3854127036060282
2024-02-13,64.61132684617009,1.0237096060854405,-0.18592460689083548,1.4162448083552774,-0.7839744220995583,-0.7311635257768677,-6.168572181457617,0.8478098751972631,0.46377417864267556,0.4686760385527755
2024-02-14,42.190884286021564,1.1346400830435797,-0.3010283530494769,0.8796454226496211,-1.0035185406169669,-1.0103694155275558,-8.96306382033492,0.6085090513870733,0.9616261357581467,0.5779974269357712
2024-02-15,9.403792183014453,0.4462813187282014,0.04046054002065641,0.08063419251601905,-0.48298410666040376,-0.47995797514412386,-1.923613832794892,0.3708767279976254,0.7667351282736807,0.7226758885873911
2024-02-16,-8.559445773057925,-1.108365079633602,0.8672802377191717,-0.4937753403812906,0.33975893345565483,0.4172168043464378,5.124733829309695,0.27372844667005974,-0.045890356756562285,1.0154848442487503
2024-02-17,2.1791365849804003,-2.2585016836350476,0.22970472599151362,0.009798868487612222,0.6264744526030621,0.7055768481888871,6.165032074391709,0.4117000621152866,-0.6124406447377421,1.0865916596590703
2024-02-18,1.446608982836187,-2.7519527331183573,-0.5064364487784243,-0.003742277850016267,0.7683277005352683,0.7667466903942197,6.924032035912505,0.40539526115225644,-0.7116609930821465,0.8346040196123787
2024-02-19,1.4324262518868154,-1.8021043154800978,-1.7681103799821254,-0.10919893688823654,0.6221545791559251,0.5407595973745867,6.045718628740981,0.3557565516832241,-0.27429775745682605,0.5927473313027215
2024-02-20,2.410775578348628,-1.4613356449310355,-2.191748761704245,-0.27459200818699664,0.06075095044614473,0.025478986856134533,-0.5309693496616855,0.27844869063004934,0.7418834261029676,0.3063696608155991
2024-02-21,3.072869346738068,-1.4084758890668732,-1.8051263776927844,-0.3288553952378135,-0.3493742830567758,-0.34070907777232895,-4.321378526272278,0.19321790588982812,1.502625772326059,0.14624035652704173
2024-02-22,2.7507036950807024,-0.7353837261566246,-0.9048367448333637,-0.2905928668887988,-0.17724232761725567,-0.050395788591523195,1.0345552315592186,0.21841042985888887,1.2637730332237882,0.33596914910629544
2024-02-23,1.8093470547672033,-0.354154070280987,0.24492276120150672,-0.303622775407351,0.17158072907703645,0.46833833703795325,6.4916063558364465,0.4183803720470816,0.8421357322802548,0.602648093087025
2024-02-24,1.155559160562482,0.4634705189334226,0.8354924946743466,-0.3311594639582266,0.4596377397179604,0.7990790319997426,5.48495362830646,0.5596435559568574,0.2818041001770331,0.8681480242923104
2024-02-25,0.9742771373946211,2.588808555507633,0.9895308943014987,-0.3328767544669691,0.398984037546265,0.7471381762209552,3.2634204794977872,0.5560584450676348,0.041251533844420145,1.222253666175607
2024-02-26,1.284881961900904,4.284094348882971,0.4124257658211441,-0.3197310438478541,0.08928490898533818,0.4153100305966846,2.344123360789994,0.5508957453585167,0.23753110277028827,1.4941299889280357
2024-02-27,2.254861102911818,4.628580886170258,-0.458764763256535,-0.288460244566784,-0.4363413094547521,-0.2131342373984292,-3.4367604589389584,0.5278124120293389,1.0602819767496117,1.6211582044874882
2024-02-28,2.7414649643686397,3.8042490830490596,-0.8800186215183737,-0.2276754773717758,-0.6767080969607052,-0.621329760219799,-8.10231413729096,0.44991592258890106,1.7131576349322084,1.4935482973923362
2024-02-29,1.883098771036849,1.915906138039259,0.12837479651972733,-0.12969751380663086,-0.14455703617494675,-0.20292503264137512,-0.8484742981395769,0.4946018927945363,1.2186013400461297,1.7424733288900915
2024-03-01,0.9939941420947109,0.44842662029368024,1.159700614803788,-0.07101477287921491,0.5459438202874054,0.31326666605092723,6.57525235112081,0.6235284093687278,0.5863232368212362,2.2114508743598202
2024-03-02,0.6959942820442764,-1.5062257711223612,1.3463602913415396,-0.03612129153931418,0.8405721345955431,0.7853832183640365,7.391231571691528,0.7932185864237131,0.5006873902886048,2.696586351795799
2024-03-03,0.8122565345953329,11.931437750827174,0.9654772393881478,-0.013166722539193624,0.8213974536845289,0.9736853319144518,7.101849759211593,0.808837958832968,0.6279909446048085,3.0151117342366236
2024-03-04,1.2625815822572228,24.308463578126126,0.6570154915343682,-0.004057375986915194,0.4121881210675129,0.7874988522185673,6.111365179888392,0.6770567078002943,0.9762351158210926,3.599578675141099
2024-03-05,2.251769965399326,32.74745230289063,0.24499641890994797,0.03237713610813932,-0.17851821042919525,0.23029143259830356,0.10675214458355882,0.5662604396524921,1.8057380398620697,4.219643083641231
2024-03-06,2.5479838740010954,34.64493965795295,-0.24738643502903884,0.06212948731067871,-0.4111331338030448,-0.24050780248128598,-5.780646929637899,-0.00759630251162182,2.2781383262021646,4.898939249558759
2024-03-07,3.254005719988882,30.21127345421607,0.41631810084609766,0.0042467252229572375,0.15853314191596518,0.0800141265184203,4.4806681299165065,-0.21020146226747746,1.7310961388941952,5.933397324508431
2024-03-08,3.2801065894371226,20.34668094301682,1.374563926141532,0.2172889076827758,0.8347597401088296,0.5991183224719971,16.42087265688992,2.077113057252372,0.9197812103508097,7.751701484716312
2024-03-09,3.3925166758980705,6.916445448285954,1.415401894012362,0.7201715784047136,1.1465110328139916,0.7144584286247554,19.53315331344627,3.925390389105754,0.6246506374683917,9.428994033998686
2024-03-10,3.319666844176003,-1.9599663945223065,0.8706832859272444,1.2853943280775422,1.1377207398216997,0.875027280674957,17.468665674783143,5.137568519020127,0.7262186480950251,10.56521403495377
2024-03-11,3.0510311585337067,2.94498591885331,0.19921045049135294,1.6911991240512267,0.8579015634029197,0.7229343235372687,14.581435112794516,5.5821920463612775,0.9371667421750723,11.811682480487093
2024-03-12,2.7983494667051247,3.972935568995489,-0.4796501111094053,2.0719175681615023,0.16885743805572156,0.1835040119374086,9.11132153738301,5.10305643857711,1.4090561313462102,12.165815259522828
2024-03-13,1.921359634424982,4.781715662479931,-1.3735132891569104,2.2488892713936566,-0.27831039948296693,-0.21067484504886602,7.421986463886466,3.8179995278501413,1.7252861486425863,12.437000264242771
2024-03-14,-0.23163960806201364,3.542332175111009,-1.052480117790005,2.1979586359619905,0.09527262520352126,0.1062327713896815,20.627409253889876,1.9224277158447096,1.0013797134159999,13.885988504591937
2024-03-15,-0.5520510306663259,1.6824085022983326,-0.035815007795507794,1.7569599794016597,0.641413691574159,0.6152609156101827,48.64145554162088,0.6876326500270005,0.16572960419907135,14.276613710772647
2024-03-16,-0.8297589927238952,-0.09971549931636634,0.01613145169966235,1.426530549693871,0.7632697485340558,0.8271121120043036,62.6063746649593,1.3731833167999263,-0.12979752004513026,13.638616930029245
2024-03-17,-0.7862252199308485,1.723671931250682,0.08307390199504311,1.2269522275960458,0.7049281878087769,0.8820262881865283,62.71226483292362,1.2292120957304058,-0.08823767688266164,11.666033799335958
2024-03-18,-0.35120983649620746,4.665495155330741,-0.24197232186769688,0.938952284068074,0.4014067059664721,0.6422978364530352,55.88054752789264,0.9516772249151992,0.2774668885583433,9.00612900583675
2024-03-19,0.5948766082457909,5.913208369137839,-0.3633732207449075,0.5892121473296541,-0.15242182693458275,0.06171662174122383,56.44575117326306,0.7585264248876951,0.917350886040796,6.714418626861728
2024-03-20,1.1574283312172726,5.434988086650316,-0.7652183996402074,0.4137541204893545,-0.564417668779102,-0.3619853728537795,67.90403229510903,0.6309861692320544,1.304161384789951,4.544895363313427
2024-03-21,0.4685314273410057,3.643170906879062,-0.9823762825465128,0.28641622157443947,-0.24244837473643266,0.022588331428999568,105.17390886114009,0.7119013074634348,0.7227542241464513,3.88260870378882
2024-03-22,-0.44993706958758756,0.7129386047247166,-0.40254229156955795,0.24456559735680364,0.2743220679531605,0.5720143293741711,143.92281179059282,0.950708310945232,-0.026953564702431248,6.234996389155722
2024-03-23,-0.8829893240532516,-2.2800842238419805,-0.42809126073951786,0.15056854248232587,0.45296177299101575,0.7180387453051521,168.8010741064012,1.0772491618104336,-0.38343105999895516,7.839284930163339
2024-03-24,-0.966421231129815,-3.7145652211687876,-0.07783711910991029,0.09940797656429068,0.4714645068100674,0.7646589002207486,156.9262785405173,1.0064975713670992,-0.4319891154943393,8.3935242019119
2024-03-25,-0.643450745405156,-1.7242105689748053,-0.028441370528907144,0.12216527514811927,0.30497113977645385,0.6161746747951,114.46937124308062,0.9418150549607778,-0.06272720531425068,8.01578267970996
2024-03-26,-0.04056260081365329,-1.251085232765539,-0.2344061610932565,0.09539105298668085,-0.07931743645018742,0.19165685068506844,64.9377854510364,0.7627758474004791,0.41993872107500735,6.953084766555435
2024-03-27,0.5087156344823028,-1.2697173364088448,-0.33192173306644557,0.04359157404820066,-0.39239870181521397,-0.2200029055266107,46.540322543617705,0.593729017257594,0.6762807597126296,4.885233767828175
2024-03-28,-0.0968016095124524,-2.4308740469148846,0.24737557762323742,0.07431085278480602,0.13340772320801425,-0.002249639721003492,72.40285868222833,0.6748535564039012,0.04520546697534934,8.265622926595576
2024-03-29,-1.079141762073032,-3.4536503846068483,0.9220368265222902,0.09587057711674485,0.8223427092949334,0.5054745379503172,109.86383489871567,0.9023046882161501,-0.6913086286844786,10.103104820645987
2024-03-30,-1.3938542708746704,-4.509247799670194,0.6706647604176839,0.07615735192593936,1.0501257028913409,0.6629768070688662,150.2789338971844,1.081955016068464,-0.9152609945910192,13.50584918402108
2024-03-31,-1.3385671956628864,-2.084361993277312,0.4568253884164336,0.13242720686121526,0.9359872196300001,0.6099325149027156,162.91006047368927,1.1608622804580475,-0.9088240316330332,14.922095747178844
2024-04-01,-0.9368738578032751,0.8074015127012776,0.5896569946518344,0.1849846916061855,0.5834263483249831,0.33327337712555244,139.24078562272726,1.1526214752701223,-0.5381102488988553,14.021449227432488
2024-04-02,0.06662918361982348,3.1828437064971182,0.21901852835340868,0.19525155614882023,-0.04786980580954704,-0.15435971878254343,84.17990583141031,1.0518916784226082,0.3200975756753296,10.346725051345592
2024-04-03,0.5878552218750176,3.7894833069830804,0.3839136654145598,0.14887731126125894,-0.5140934513328691,-0.4528454495906547,45.848979821978354,0.802734189544277,0.7318805870354871,7.958036572082395
2024-04-04,0.20419358392770706,2.6453294833158676,0.9779496236195658,0.11359350439668357,-0.2780474375011629,-0.19111327463865252,68.07625461914371,1.0437625995242108,0.34065044456823657,6.129394447433008
2024-04-05,-0.5984517495304355,0.3890732468355613,1.5737096395630894,0.0370085341853328,0.2546334710426083,0.03023356715084391,96.51857577372752,1.1705443645059093,-0.3643856618279704,7.887699247967631
2024-04-06,-0.8057290776564535,-2.508306542778502,1.2463757604517336,-0.08115852944390087,0.44846317087722265,0.042018909849001404,116.2120188717645,1.2035650814013998,-0.6886414083679946,6.757308715093709
2024-04-07,-0.47510912999239446,-4.355898225578138,1.1164108355569486,-0.18226090821712165,0.40227075462530687,-0.05507998149383313,129.5945680575819,1.2038674072061162,-0.6897835877800097,6.401226750151693
2024-04-08,0.1296652740822518,-2.797657236803706,1.063558372020617,-0.19150936694127096,0.10702622779178203,-0.2721270916923769,111.85865932192856,1.0843222988666632,-0.5300723074307093,6.208349515303143
2024-04-09,1.352613935567046,-1.8621719004784676,0.22086344220421653,-0.2198173882103804,-0.3937843517110476,-0.666808518475229,71.71716472105958,0.8226631545700571,0.12728872361511942,6.236823430451241
2024-04-10,2.1219543989772363,-1.3547170323140685,-0.4844169259204379,-0.191195097961692,-0.6823895721546829,-0.9075015259155167,19.705790440663936,0.39762436592191536,0.5040929915501301,6.087659342219279
2024-04-11,1.534455818974485,-2.034683347050985,0.6040010152564419,-0.1020778095204566,-0.29542739716163724,-0.4720273753172767,-3.8733274215938884,0.25681618045179483,0.9660781157319633,12.202866850068848
2024-04-12,1.0792613411276633,-2.6666587137682107,1.3998251723780197,-0.05203856622814483,0.28381938063950596,0.06687311084849194,1.427724969857254,0.48816711217196945,1.1354482723250157,15.96332967326684
2024-04-13,1.0800581763674537,-2.9544652054113794,0.9792267084081633,-0.07359340363483305,0.48401239516372,0.1271884754616984,-6.287676974901132,0.3641147514510615,1.3252707202809761,17.010166467042268
2024-04-14,1.4826050102130237,-3.0278485627320983,1.2554272247027334,-0.07250987024315077,0.41918252991732424,0.04093443240015809,-0.15527872645984225,0.3654834256104379,1.3626564894169158,15.519589273822584
2024-04-15,1.891669037484835,-2.31747930807504,2.0644488039677187,-0.06356213595368913,0.15911305072032025,-0.18277318339831408,-0.21844611886473483,0.3170473187467206,1.4090679269969382,11.35219699273273
2024-04-16,2.6289244092319843,-1.0832494854325434,1.4336768137087463,-0.08413480183835242,-0.42616618749956103,-0.6688260845362654,-0.06374100534628882,0.1930626044914691,1.7053907647127193,7.69341327970162
2024-04-17,2.870660036423555,-0.5620356644505466,0.25422311985247675,-0.06450240052238496,-0.7633191650774237,-0.9367016709587551,0.08111060268889174,0.08771059431825698,1.7051544299553842,3.7065411889669018
2024-04-18,1.5128648889644878,-1.0949357036990268,2.095133480642588,0.02166681769751211,-0.3804232757231933,-0.5220143482197701,0.13606413944680598,0.22530686382684328,0.7355420653004912,0.6640933277577923
2024-04-19,0.22120685449870955,-1.7624249602147173,3.958704656433489,0.14618638055067815,0.18915884901929358,0.08673223798313637,0.20040014632822045,0.4977186717925103,0.5387268211148364,1.5107255729342541
2024-04-20,-0.25486375310123127,-1.7760769386710826,4.335538696362257,0.17463185360197642,0.42181277281094187,0.3167646451970312,-0.12066708528073301,0.5593330007266669,0.3070270109122901,1.3034274279980667
2024-04-21,-0.2697661533070629,-0.701698631534449,4.768742344313056,0.179601840522441,0.41997388895466253,0.2977827090225264,-0.15345762121190734,0.5344618758860764,0.14440508990585496,1.337317474750758
2024-04-22,0.09843694715075108,0.6611986046668621,5.780438837750446,-0.12559359474617562,0.16355504898027592,0.07416739004817105,-0.2166582743964976,0.5155380154988898,0.2697327542388524,1.2613595979839245
2024-04-23,1.187135162597747,1.7602653027550093,4.934259688351746,0.3252915551792859,-0.36924029102645356,-0.4326072170017657,-0.35950307104896917,0.277831743700752,0.8051483136649483,1.1310846402863317
2024-04-24,1.9485003546532838,2.109743680133939,3.7642254776362427,1.424392280462539,-0.831783474060773,-0.8768472459560804,-0.49578523569663213,0.01801338544417511,1.2812520570059123,1.528372872890286
2024-04-25,1.1830999332608567,1.099315078213086,4.604303076912652,2.486797551198971,-0.5950333480388489,-0.6243345174617587,-0.7800427538620274,0.018886206653902476,0.7962005432850919,1.8062543373751458
2024-04-26,0.18319593835034328,-0.33480571238337525,7.147489576634337,3.1301019648319164,-0.07443738705863816,-0.02862002831754685,-0.6168218829945289,0.12246330932948296,0.0994158796554553,1.9287202750822587
2024-04-27,-0.08233685878417009,-1.4030002909386496,7.6398526907295405,3.303789053750292,0.18879242518194164,0.24004044238873584,-0.2854625837648591,0.2601832188613444,-0.19355742601682255,1.9562156443903687
2024-04-28,0.017202305225269606,-2.0321392314454108,7.44941547145243,2.8969268315457235,0.2338234290890795,0.22656697219799718,-0.10837583699374255,0.3997971595778182,-0.2765498147004551,1.7875373513202
2024-04-29,0.4334857900646165,-1.4417148335521544,7.125415758301358,1.9423655300475786,0.052160877114727076,-0.05043464398345138,0.025529357864545032,0.5747667276804426,-0.16384148895687425,1.3931342281491492
2024-04-30,1.4764286427871824,-0.6302961874848962,5.801741551622056,0.6411324648707529,-0.27994597961544887,-0.4896913354381797,0.2308669705865312,0.5625968702075264,0.5511037981541312,0.9493857901380663
2024-05-01,2.1855163481613085,-0.6810899182222835,3.4266711373945578,0.14020332907327954,-0.5676037060723383,-0.8536918049844366,0.10222509628419686,0.5133946045077215,1.0121064635369081,0.43984250264478447
2024-05-02,1.3142585601492724,-0.6447913877202686,3.7286585981613882,0.1657755500801011,-0.32792563544438863,-0.6293810747740507,-0.10496591176273866,0.798564619925394,0.5320665773425601,0.3212280316028056
2024-05-03,0.37750720316753983,-0.5117967403415008,4.516285629666863,0.1808036488896348,0.10932088832090549,-0.1854920600436094,-0.3023374676854224,1.1400648978989796,-0.1175959191587097,0.40008735847577004
2024-05-04,0.17362079610666686,0.03667174624292911,4.010407035609248,0.15118735824132865,0.3118628413415569,0.010415635192201811,-0.2832651204720602,1.1924693809713127,-0.36702743720217884,0.5131342130741127
2024-05-05,0.4938485759900935,1.0955121561813044,4.167308738920515,0.09429076258181558,0.29774333009943765,-0.03614526305198016,-0.3821710435950114,1.3292877594081538,-0.4455619447835275,0.7236343359642196
2024-05-06,1.1505088468900848,1.9201267425619257,3.784073201066562,0.045521125387731246,0.11274668592065559,-0.30003724570986673,-0.4576669531930625,1.4306934683735966,-0.2693305967807295,0.9020138771060016
2024-05-07,2.3476983889363305,2.2682422230074386,3.8588890985064013,0.0058121368214246495,-0.33462655308578815,-0.7446991530898158,-0.5052815270443951,1.256514276281055,0.21747205102607164,1.1650651443462943
2024-05-08,3.090310089721616,1.6644592740306934,3.771185232004073,0.006392853307018568,-0.4499822686828909,-1.0461072368937427,-0.4801820947556096,0.852451040838518,0.5952286207232236,1.1905572379783125
2024-05-09,2.1412701191782912,-0.4784382607798592,5.255433391139322,-0.024556053723688683,-0.09994271776946856,-0.7076700417891936,-0.36804598817099127,0.676148146718508,0.05426484978537981,1.0211239680497157
2024-05-10,0.8523734577609113,-1.1462976771062032,6.703241817175908,-0.013263676081233116,0.37709731934584745,-0.1977534778591366,-0.26851552757263397,0.6840448679503573,-0.5899423751952376,0.8837099452581847
2024-05-11,0.41049632165563366,-1.1573724030470098,7.127264946634712,0.05239938842771521,0.5962320735674194,0.11641913913404149,-0.0993935703585813,0.5979960416549407,-0.7910210190429551,0.584633280052324
2024-05-12,0.3527637516628541,1.1013131001429002,6.564177074993589,0.1109546925269034,0.5893423385619363,0.2045639929708592,0.0015418804582144985,0.4679114259354461,-0.6863468304298693,0.23591186480088205
2024-05-13,0.7504115374688711,3.457810168122837,6.625151487184334,0.5419719526181767,0.27776492017007165,0.05047525854848604,-0.03339465322410622,0.5087131832833727,-0.302193664121347,0.12473427424355953
2024-05-14,1.6733607571196036,4.832138098933499,5.0915681664963595,0.9061243773533844,-0.19582118949718838,-0.3143463228338752,-0.17073391852452754,0.5709109300010295,0.43983987761171783,0.45509390391200993
2024-05-15,2.31407266673016,4.350846628722437,4.796108770802279,1.1508099494091397,-0.5871267339183038,-0.5742415487787544,-0.2906986117122337,0.5007808088392327,0.9650052437594041,0.8238091925605595
2024-05-16,1.5213855930055549,2.1086539955729005,6.065408178800112,1.200495941224853,-0.22867225232707641,-0.28572765330163585,-0.134402375969576,0.6113046262196257,0.5580669116370727,0.9804393674642788
2024-05-17,0.5015993097341852,-1.0283120513078963,7.081321130633718,1.0260158747834185,0.1961209685906388,0.17479809305468708,0.09126963177070105,0.8098189224174144,-0.09114234677929155,1.7214190340281308
2024-05-18,0.14738827022990603,-3.291884255795591,5.625363277804249,0.6974252416000393,0.3753861389980418,0.3406479930548058,0.18599162328738797,0.777335102653622,-0.4077975402647406,2.261319320084382
2024-05-19,0.10517590684987327,-1.8672907023988123,5.057724568161918,0.2910206628235182,0.4149471406825655,0.3720155572644979,0.24101636356346648,0.7006052735288739,-0.43245369641382597,2.436360353675238
2024-05-20,0.41287480678822364,1.2174878306519301,4.228511455043568,-0.028003159246925743,0.2376843651388342,0.16912622806215052,0.2570007371611166,0.6829771708853088,0.11617489929279556,2.1716527429501635
2024-05-21,1.1683460839915154,3.0953516562103855,2.9850717445029487,0.0602461339179653,-0.15540753013402664,-0.2195068203412546,0.18063509262383548,0.60718884312142,1.0624506762548216,1.7841780340566304
2024-05-22,1.7669224186593246,4.04130675036415,2.1948567887202737,0.026075337603893255,-0.36051699017853517,-0.44673133666455084,0.07254084921441445,0.4205539021236105,1.6936633868592592,1.3507748814343932
2024-05-23,1.228272348487412,2.978425913906788,3.9134782748048864,0.05736131926480697,-0.23709695597785269,-0.35273030257645993,0.03977175015372211,0.3734490824814579,1.4128947945219708,0.8475435652074474
2024-05-24,0.5536237916950261,0.4840352555146465,7.506961512939853,0.08219443868466078,0.6588956795047838,0.35615479836220343,0.4206320390486144,0.7392808211957923,0.29274993168009716,0.6782454771665836
2024-05-25,0.41924820352459774,-2.3616984400358443,8.170401921089063,0.024704695562763175,1.1140029632822857,0.7254967677366491,0.6797343988574883,1.0015396201405662,-0.386638802015772,1.1540254662514278
2024-05-26,0.4414302727892977,-4.314097579115468,9.054738904596892,-0.006770589084166508,1.207890242922291,0.8565543436397102,0.8150416801481627,1.1863487703718745,-0.7723828802903185,1.1140574996468209
2024-05-27,0.6120102675160829,-3.192563814203718,7.955442414099463,-0.0298872016689727,1.007571523702894,0.7181004541268772,0.8874599852619289,1.293682386622042,-0.6978675225119416,1.3117557967116467
2024-05-28,0.9796134594647328,-0.9510966043994521,8.927658665783031,-0.04101272592140071,0.43178526965186187,0.27952344503228493,0.8326018332864262,1.3360293264106335,0.09448609771683757,1.7239202885676952
2024-05-29,1.30931303073461,1.4784544617432749,7.245484368243913,-0.0742943238299986,-0.048470242798128664,-0.07718110193957997,0.6327347156995299,1.3928740575338112,0.7358881883827751,1.9928173824388693
2024-05-30,0.8230205411915484,3.8441986517505553,6.222607457405816,-0.02087735718063586,-0.052889918429517915,0.08948396053586828,0.5638168615742842,1.6327678792749485,0.6338718615871748,2.049299028216381
2024-05-31,0.16833449909733006,-2.3501864509810906,5.058212053017617,0.038066895415285476,-0.0019742188288009287,0.1876324626151747,0.49896310910658154,1.9706157167676228,0.3137393945044488,2.074836950703873
2024-06-01,0.01528604681085574,13.35927029341865,3.3903572118841416,0.04966681795411261,0.382111099098282,0.47203654605010226,0.7007217389335512,2.294515699775897,-0.2053641431672913,1.8530811053811818
2024-06-02,0.02997130180709298,27.473288247914702,0.6024651624522804,0.01785509686279462,0.37976051385461024,0.48985465282484963,0.6514649947479301,2.413656855233264,-0.17522622239348945,1.2759591211156824
2024-06-03,0.2389017793510973,35.601901053951345,-1.4371693131897099,-0.0017357217253082277,0.22949697582959974,0.38661067269259086,0.47823566760056335,2.424882296529448,0.1762724607994756,0.5502891794937941
2024-06-04,0.6362634719650425,37.5470451965013,-1.2814420051339277,-0.06576340738524468,0.049619048360055436,0.07488835176372105,0.34974824785295655,2.5477397286796832,0.9279000805239109,0.22603639843273327
2024-06-05,0.8210425842138512,33.70082367782276,1.0419826995967483,-0.1235421640049468,-0.055588397204507145,-0.20074037346932366,0.2465329622175082,2.4367547738783073,1.4663584600022594,0.25070316651370506
2024-06-06,0.5469126118641124,23.312094191817344,1.8331821319101507,-0.08948716439024619,0.3356804984099155,-0.03262973559959838,0.11311723959514733,2.824778708614621,0.9606247594459998,0.26631601715681447
2024-06-07,0.13350288753037298,8.874782269046783,5.608012016065464,-0.024964850218511865,0.7987176417788008,0.3777852109909509,0.2861456460857359,3.3295950099284854,0.4556154388257895,0.3583471408678649
2024-06-08,-0.07984331544121753,-8.995938887723842,7.10315371906785,0.022710822925802312,0.9354472805727109,0.5124374176800399,0.4971296136600261,3.390248134663408,0.24711110598823766,0.47496941236517826
2024-06-09,-0.09760849420211806,-2.131594484026317,5.941163178623304,0.05031651741085803,0.7901849225910178,0.501324847388861,0.6655403367665825,3.034748058301534,0.26174043973068034,0.3788697538998489
2024-06-10,0.10489657309808229,-0.168036215959915,6.4563933407002505,0.057843102807292074,0.49175869125627997,0.4259899993605039,0.6229324641139676,2.914684544645306,0.5299331283086361,0.4332354474835526
2024-06-11,0.4934217758413917,0.3188990904943635,4.315823838688912,0.034616439222651216,0.08840503288763482,0.17188031926299488,0.4259417881965588,2.8374978430999094,1.2581584171621059,0.5398719200539372
2024-06-12,0.7005921913142068,-0.015950961242730377,8.304293864567024,-0.06692669176961506,-0.10474411687216771,-0.06501784679498077,0.48167580219984124,3.010424729915495,1.7582816434907214,0.447244325461736
2024-06-13,0.3865086432411915,-2.0588149518447785,9.170612498214059,-0.03710471725219951,0.1413840316742928,0.12655203505360804,0.31956024723452314,3.3984546349841143,1.1445121737482404,0.3103603546123282
2024-06-14,0.009736137907272504,-3.9349699046235505,7.577056064354709,0.016867471355338642,0.49021405057345746,0.43251473131630414,0.05957262364445817,4.013512858851791,0.23558428931982883,0.14872900342219642
2024-06-15,-0.12266785679750677,-4.5928003794538945,12.090814617008924,-0.028636365822209877,0.5797856033487097,0.5244801516497727,0.25538509531113035,4.325433954762965,-0.036579844281451564,0.07191964637754553
2024-06-16,-0.25008309650017607,-4.411779739415916,12.485918775759917,0.04327965844011352,0.6686725018778029,0.613757495178988,0.3537542587385041,4.175409204965216,-0.32705702363861,0.08040373026996876
2024-06-17,-0.20290204586779825,-3.434929901381025,10.096582419552579,0.047317655310077464,0.4752334372457242,0.46688907229319654,0.5659618244238294,3.646022267741091,-0.17222349116194816,-0.1626485687091912
2024-06-18,0.022411632597426512,-2.5454260170248877,8.861962430614136,-0.034652539797550036,0.18419640561060738,0.19543786558791704,0.6035151062886258,3.0529957316361522,0.40308332088884125,-0.23585861578772835
2024-06-19,0.15122493888545785,-2.740961703929248,4.893327581097081,-0.012793410943597356,0.006799346432652836,0.004274475424568649,0.570219040919893,2.254163676899188,0.8905409123501851,-0.4482308896561507
2024-06-20,-0.04990521350221399,-3.928218105815865,4.4790590927029035,0.013997216170733903,0.2781557473622269,0.2540401128650093,0.6553466894518291,1.5210882546370779,0.38918071402610277,-0.4892459397939014
2024-06-21,-0.2992020288670955,-5.651035249037866,1.4008284014121564,0.05072503385514532,0.569783732658228,0.6254976008716759,0.4084840068278633,1.3617917820698775,-0.272526912415018,-0.5141265171742141
2024-06-22,-0.31640890874343436,-6.758673918354754,-1.8132434085183768,0.19579729022870127,0.7285684398093076,0.8109506516968015,0.14115991554481958,1.1970532840781458,-0.3427109669521826,-0.5242157771316043
2024-06-23,-0.24823381446978404,-7.208854330183079,0.1123717984319059,0.24733075039581512,0.7087152084395117,0.7316958449860372,-0.06927845931125086,1.0868058336424289,-0.1258194208538837,-0.33387058836908295
2024-06-24,-0.16979223738284235,-8.544502115498075,0.6274146329644189,0.33414743537974234,0.6802118571221724,0.6361048748945608,0.1094738944436444,1.0646335125837083,-0.05174907308056314,-0.3821932145303018
2024-06-25,-0.00541458180632772,-1.608867958020127,0.9516603077546776,0.2105290924536442,0.3373034306531221,0.13781893054975064,0.43635199567922606,0.7736324730480056,0.5245605790019907,0.25374111601843946
2024-06-26,0.06367524692717604,4.2044854487537275,1.3823023144298932,0.058362656463923246,0.17456041054922883,-0.18517490494051242,0.4960173972539411,0.5416000420883983,0.9115345617637937,0.7365648485323999
2024-06-27,-0.12706930465303412,8.633050226038135,1.6384158714813868,0.05152268391726397,0.4099959385322855,-0.056335763736684016,0.487753394247569,0.513043656106566,0.3730129709242319,1.0845540806081322
2024-06-28,-0.34695019066922433,11.392806643831692,2.8700238111485006,-0.03068054525273015,0.7691943525079673,0.23737995065998194,0.4190275702584234,0.8874193531419156,-0.4225930439823004,1.3923604526345243
2024-06-29,-0.40193361289262697,11.76404718969646,3.816340373507676,-0.1479982514510688,0.834412048004039,0.3517622792198624,0.17512421822628493,1.413552609684893,-0.7130500474525129,1.4696988984707289
2024-06-30,-0.3544592818528391,8.95096135172853,4.3663386662213,-0.1057916353481206,0.7914669519863791,0.283878176270981,-0.15301351034303143,1.8406964603717926,-0.5450480690823764,1.229505549355136
2024-07-01,-0.3162676501717991,4.698132929404145,4.288115440591526,-0.13044688078704655,1.0615774728016847,0.2957093003018254,-0.5280278209371342,2.080929284902952,-0.6742065593905501,0.8638086167167617
2024-07-02,-0.19519755009685258,0.5931553887545764,3.861403776156922,-0.1792054026107276,1.1342837037931681,0.26970537664725325,-0.479343712222636,2.1071874165774855,-0.35017820755236256,0.3012043375451675
2024-07-03,-0.1587842367188822,2.7692794092537416,2.9358232249776273,-0.2715094350507618,1.133151486896075,0.16973177417051455,-0.40471755318276403,1.864697523145757,-0.026478347582826984,0.48681259908358315
2024-07-04,-0.3641458693875162,2.5973829096270284,1.744467579029551,-0.23412509315973293,1.3969324837666022,0.4755891295263033,-0.3740781458502457,1.7781293969306444,-0.48408716297997945,0.4329011302534402
2024-07-05,-0.48637466801855406,2.925729394288665,-0.07889843550408861,-0.18681832051498562,1.5869142774400824,0.793662418315548,-0.33538170687927876,1.8948734352207088,-1.000433992103646,0.4642288239574247
2024-07-06,-0.4596611883956562,2.1863066704286176,1.6911182194654646,-0.2176478593862965,1.5407154931989642,0.8344327464362438,-0.26062387116270813,1.996976419024328,-1.0546053630371315,0.5682457988648383
2024-07-07,-0.33714356299133247,0.611860575643693,4.081850794253457,-0.21776937409675953,1.2820533861935575,0.7345418156127298,-0.17606401286269235,1.8748001865600568,-0.8363732542256401,0.8174774769295418
2024-07-08,-0.15847519184450062,-2.5154906124579486,5.884843357381689,-0.15975417282623036,0.9357744580224401,0.3976015946409353,-0.04909266742162135,1.5613154784290129,-0.24153185002086286,0.9524442916625194
2024-07-09,0.02044900929223745,-4.291231975268466,6.881779227406637,-0.07079636720475058,0.9928298984679667,0.2986269854460462,0.017074893637245746,1.1452868378194163,0.1701291104471191,0.12129474192651482
2024-07-10,0.0916350524679771,-6.578477514588786,6.746176625920073,0.07035022676270654,1.022644634141614,0.6380626184044453,0.025606070707722032,0.6817131489691389,0.7676249905436157,2.618228058971564
2024-07-11,-0.1171473690805889,-7.577654748093662,5.672023536797512,0.08208988922803219,1.02021965381235,1.2377746042643083,0.0680397895548551,0.3064754615961621,0.38830093433709195,8.89407633476773
2024-07-12,-0.7183579761585309,-5.852670424906059,3.6272971261322495,0.8050547738569336,-0.27063888817460335,1.7561739771474105,0.08097182970256474,0.1608293029313064,-0.19102885469723915,15.934062926123744
2024-07-13,-0.3322065964941799,-2.234852605551055,1.1031586856337405,1.3304119401121979,2.106049353812929,1.8245091680396979,0.03608376508262794,0.5046692608109936,-0.45529073798571484,22.478411699440322
2024-07-14,0.39121409852096267,1.3163041279399084,0.7952714718887363,1.573291086810794,5.2795450177053995,1.6813707129984476,-0.005330209218965218,0.7611365066119109,-0.43207548543872704,26.022463439689396
2024-07-15,1.0667153120652828,3.8158945079324553,0.630928960745546,1.5948786961866115,11.18635750573674,1.2247925596943707,-0.09075764630081663,0.8420752852983807,-0.10838309730688596,26.024570874248568
2024-07-16,1.558743749869106,5.839394085797099,0.3236502385380699,1.4548513417536462,17.555907109619667,0.7590377369785186,-0.09242272992315995,0.9763392163337965,0.6610606410284582,23.226813126081755
2024-07-17,1.6884540151504992,2.932744976130564,0.19768725028856965,1.128916624117432,21.15214220561204,0.6729239368253286,-0.011497178501576855,1.2218802419148505,1.1609691765243373,16.690858084816178
2024-07-18,1.2650584236652795,2.817086491675613,0.24234153368110337,0.7501771234569327,21.479234041195404,1.298881418669051,0.04910910637794453,1.7497716435626989,0.8109968842371312,13.943878322606105
2024-07-19,0.4867685065733856,6.91333905128847,0.28795046345705244,0.255440832030254,17.692059748627788,1.7464203472971072,0.05848183556456773,2.2221813614549064,0.13937054594793116,13.14498230549561
2024-07-20,-0.44654899364898293,12.299180612259244,0.2550455227591865,0.4626839641892399,11.019099671235383,1.9663896211646352,0.0631522395728196,2.5398632487419124,-0.16929238016158996,13.149428692938166
2024-07-21,-0.4648176063274208,17.523155266092655,0.16442906822512443,0.4101409447820264,6.523872021201811,1.922159899528062,0.020637718030621734,2.837656841208429,-0.30747177652943963,13.093228173827596
2024-07-22,-0.2639275875426197,21.436068650007606,0.09338123845632562,0.3344215669753292,1.9270995091779335,1.7240854432306878,-0.0008351083382709157,2.5246760785512836,-0.02700219417132038,11.867195570285128
2024-07-23,-0.06303836338109838,22.0259249564134,-0.06605654692048031,0.21361570562638918,0.7235892634941872,1.187210798980129,-0.13505758649806782,2.146615719172606,0.8017557351924679,10.073730452566716
2024-07-24,0.039722118276452424,18.683435390566235,-0.251267081822561,0.14317565949186056,0.903855030416501,0.8830894918202503,-0.2360086189371201,2.724940488946794,1.4917856052819718,8.49046890331461
2024-07-25,-0.12874775211450268,8.78625311322187,-0.04506001174811209,0.12008903257693547,0.7701472121490379,1.0375210463651037,-0.16665442497072783,4.571845096241726,1.1906060594691963,6.327796391770929
2024-07-26,-0.3233483862555419,8.149136992001683,0.1989820183399714,0.10963292930921416,0.6661564801321069,1.2343864975084422,-0.09497681475895163,6.782891092746782,0.6020580089789044,5.685569091440677
2024-07-27,-0.37996576063519577,8.68496035195684,0.22932655900656113,0.13115682769740294,0.3745514105529361,1.1243256439385436,0.00751289961610365,8.698890442249542,0.34637101263646614,4.837269053771372
2024-07-28,-0.3557623793994033,10.119883107260035,0.3527187439663106,0.19073197302357658,0.4311804832668135,0.940474929614135,0.1180820031993034,9.694582732424232,0.2211118506627659,4.3302483792836135
2024-07-29,-0.262386138389357,11.746909726810733,0.3713857770519232,0.20996454325537722,0.20623111406664568,0.5937112991573676,0.17843700786091524,9.58049415741791,0.25599794937754294,3.8221430614822336
2024-07-30,-0.03795743863088744,13.277144240550873,0.22670389965008408,0.26523147372850536,-0.08658156770128449,0.16736633505991852,0.19441411820605825,8.572778846324988,0.9940573924423088,3.4926397757666248
2024-07-31,0.0821920409346416,12.23412051169295,-0.0032666869150569143,0.27317133615146005,-0.17658749782267014,-0.15486894322875377,0.10640501303480092,7.874783145669878,1.6732435211731937,3.0473803591415334
2024-08-01,-0.06948550553731109,8.198642224165942,-0.13697359401175707,0.30283120509350836,0.16831773547810083,0.0967665106707754,0.004524040898354609,8.876596906219133,0.2410674547568378,2.7034834370340732
2024-08-02,-0.30545799418237657,1.6807983987552717,-0.12837176090009916,0.20232206992757787,0.6071647934518959,0.4894099882014712,-0.02439857301054815,11.398454399225583,1.0546349093718175,2.6311871512215355
2024-08-03,-0.3696176846841131,-0.36167330063185504,-0.21444118272322482,0.005223442682920344,0.740505487724155,0.591379455497014,-0.03205780526394826,13.081813810534177,2.756755020192732,2.962505127219413
2024-08-04,-0.33177297013029905,3.230029400400275,-0.39657440329830823,-0.1284780466160165,0.8052645271403427,0.6223324850848294,-0.06208333730987697,13.54145577889283,4.217688694535638,3.243261695398527
2024-08-05,-0.24327004614151423,8.425061619873054,-0.25039267442880286,-0.28194177595118586,0.7005606271123094,0.3529000996916576,0.013708783232813009,12.731882679756609,5.281258476559295,3.2477392362871993
2024-08-06,0.05388621521546678,13.058737467711513,-0.43621612206854987,-0.464389883091348,0.32931226585475865,-0.15082387016004245,0.030656123329936617,10.833224518146643,5.900970029857978,3.5839166210532256
2024-08-07,0.2607373136351534,16.016657574188738,0.030155731473730234,0.024291499357986496,0.025737377810120237,-0.5652715649473621,0.13787435836392992,9.082708593708755,5.6437684295671176,3.511492994280681
2024-08-08,0.11935838772268775,15.931497652818235,1.0406703616796968,0.9901624014910186,0.320583098550452,-0.374029151578575,0.36495039409204694,8.561957158775039,3.4150895235071106,3.1697818797021005
2024-08-09,-0.05996438629898528,12.747218135408195,1.859389429091389,1.714321331238626,0.7200695788799657,0.2305486658556628,0.42542225808899686,8.662245444814355,0.09085291976475032,2.4763667438086743
2024-08-10,-0.08955018542017451,7.314700692340296,2.2654835119707593,1.9036212153590193,0.852343536956133,0.5322704806031842,0.4265114550546938,8.731957253153201,-0.19504088156259014,1.7319930967565937
2024-08-11,0.004705431907825677,4.950624841513432,2.255328259800515,1.7267112654844916,0.7329658669467375,0.6459986112062428,0.24838031433149768,7.693275493144462,-0.2081180269690983,1.5976377611600177
2024-08-12,0.24785853417242804,6.970734102083277,1.8544427983768628,1.2109772084118309,0.5465015930021944,0.6363439805762531,0.1398737766549158,5.951750446872566,0.03879687436547132,1.0456147082878815
2024-08-13,0.6554151234447728,7.435807971184728,1.2125141406657536,0.13886321377837352,0.17886778120087485,0.25342278435963467,0.053426909943099024,3.846472217057389,0.7899633140630785,0.6375565516939428
2024-08-14,0.996872349866568,7.440956315440471,0.24697200876495043,-0.5794759680858581,-0.0715523840811199,-0.03852294666515683,-0.08116080382902552,2.1023612569605254,1.3181244099822367,0.7200582959527926
2024-08-15,0.5979472211495243,4.792292560465742,0.13621714410584201,-0.013314303504987631,0.19992322131640672,0.15378341525061642,-0.046169271004162044,1.7485543619053594,0.8332665087482388,0.9020281807432788
2024-08-16,0.16972934579519816,0.569482478746306,0.24867726426868883,0.9814659329576625,0.666166328082832,0.47460122755998435,-0.045641109069595585,2.139419002699669,0.10076317469758772,0.8850278343279111
2024-08-17,0.0025059709360775997,-3.311954044361938,0.22372568994787168,1.4609967290071686,0.843934728316331,0.6618506068850727,-0.06903293965782305,2.1795364331509064,-0.18477400621846268,0.9140983976545107
2024-08-18,0.019975508715969915,-3.566513801741987,0.13655060891411755,1.4851914816057241,0.8136237359013654,0.5592155901860865,-0.10446207288653073,1.9768479209892602,-0.2450120563467366,0.9702760870790695
2024-08-19,0.22826598850199598,-2.3944391035962562,0.008042284672222302,0.9901289525488391,0.5543129475088757,0.2861286164757845,-0.1780743066254212,1.6813233156508813,-0.12098167064795426,0.7853836165346464
2024-08-20,1.1007485004246333,0.9258688826595243,-0.07124613928612539,-0.38580899178254907,0.04877800629653054,-0.2352592622617228,-0.15666818123614698,1.1420991539082486,0.48798937919484014,0.7280817363002309
2024-08-21,1.6567067611089454,4.501797881792908,-0.10852006718433253,-0.14641682807176665,-0.282475621736711,-0.5944252651130247,-0.12325023719708131,0.6086898865865712,0.9316446304805632,1.0700426201877689
2024-08-22,1.0449925407185814,7.30493015072308,-0.11281272496192658,1.184962810954413,0.05864511413098075,-0.1731043738162232,-0.0720560319182264,0.7017716533345516,0.4442060755064943,1.4280784742597648
2024-08-23,0.3411649100365746,7.696837500249681,-0.02619938498426496,2.768186892419117,0.5404179795667805,0.3971564908701306,-0.0929404583337368,1.0101931787950555,-0.21578283170950324,1.8057631326913068
2024-08-24,0.07340568481898747,5.9946126152922385,0.0219855100506495,3.7474874002014964,0.6793839756961861,0.612432777574812,-0.15201050067722574,1.058004495619795,-0.5360737023072328,1.7733448158842164
2024-08-25,0.08768730607946627,3.5602625225373274,0.07199412668911762,3.815800148264975,0.6008014420744091,0.6861854948387413,-0.1304972791707191,1.1671666924623056,-0.3314867754787674,1.5736795598789917
2024-08-26,0.4872528686720483,1.7443130690107012,0.11382144588541325,2.982098372147513,0.3468077228718045,0.3846481697636418,-0.3170031775747869,0.9930325496836686,0.2400966199120615,1.1262441558060479
2024-08-27,1.5145050437134708,-0.6059775983531559,0.14446328311121642,-0.7103722183170106,-0.13024691320284357,-0.09649749490196732,-0.1636514887474996,0.5993756614073551,1.0113758966168744,0.5213837205895566
2024-08-28,2.2557893536838423,-1.3573257555679554,0.1095330820761912,-0.08315318976830949,-0.5215750811674291,-0.47972968297798835,0.19881276469796713,0.1725427847462967,1.541068102540261,0.1987354009441259
2024-08-29,1.7425357008021998,-2.3063852732334267,0.14431694862487152,5.228640497110144,-0.38917418104127366,-0.3906371307782065,0.6440639999294416,0.24651412970601994,1.1783105613650589,0.07003374420524527
2024-08-30,0.15557826438735806,-4.006983459835615,0.11210423690895568,10.477229595837603,0.6366807744275141,0.4811316242395158,0.8698748717706526,0.8131899659918206,-0.024201894591340974,0.13345772302926495
2024-08-31,-0.7548710712253964,-4.1026685450448355,0.08302212123855184,13.505747975736787,1.1965633335905226,0.8876640336199983,0.9268086240642331,0.7158839335966343,-0.7488095967259116,0.10347200394883145
2024-09-01,-1.1210912926642616,-3.7165786100994502,0.06632482859031999,13.90609072039015,1.3658223082993157,0.97025634041658,0.7868358240250549,0.9892186793616807,-1.0767312246685437,0.06533461035821805
2024-09-02,-1.0407898262895643,-3.1280469356426814,0.021457547230629214,11.209468168938004,1.1852199588958916,0.7523069181917452,0.5026933842595198,1.5000780075612214,-0.7933186593170748,-0.10038585994419588
2024-09-03,0.8498298557636814,-2.3501319214414664,-0.04795911986067138,3.9427966719177845,0.5734361969069491,0.09707837383942547,-0.036008151468417286,1.5624701392426381,0.11982519855904851,-0.3756446415516578
2024-09-04,2.306306017952488,-2.1861185906743863,-0.10729850333705267,-1.5652185061345691,-0.015036606726644494,-0.4467715699649862,-0.10392886960891219,1.4401400869385113,0.820110703056953,-0.5458478782218094
2024-09-05,2.371830806099975,-3.0223622279975455,-0.08377983397323009,6.483115082842481,-0.19106487603448516,-0.4922049375864355,0.023874237048158765,1.50439481151467,0.5699268028578675,-0.6777420500240567
2024-09-06,2.232345656241437,-3.1871460660618727,-0.060465903326196245,14.825688257474118,-0.18454152744222704,-0.3724281877165843,0.1345573396156709,1.6616368698636652,0.17636122565589732,-0.7235244588607385
2024-09-07,1.854532902424084,-7.696709130264013,-0.06871143756765588,20.25566711552208,0.24801511573844723,0.03048439997679946,0.07801094084943766,1.7387682270876785,-0.446046168353617,-1.007798156281527
2024-09-08,1.655896827452895,-2.839896818785816,-0.10048420157620666,21.020311151074687,0.15957332625563084,-0.1001464132643769,0.011121808237127037,1.305224633655254,-0.49050082543390594,-0.4735753035715021
2024-09-09,1.6300152491724174,5.000457579953336,-0.13752692881611758,16.99329109207435,-0.06652438585216178,-0.32668631678866467,-0.08489730366313221,1.2682333000706247,-0.1917741246546489,0.11133455442677845
2024-09-10,2.303182187146856,12.558840064666192,-0.19117646532611432,8.615625342989704,-0.46827919394312784,-0.7566692679327146,-0.26779167739658233,1.2041785960927347,0.4330883964519218,0.5005144298527089
2024-09-11,3.0316610089177445,17.740670135550225,-0.1971574942559477,-0.5391568146929389,-0.6448151421945645,-0.9811306507587995,-0.32202282810383864,1.0715707219385109,0.9754569444112561,0.3377001107885293
2024-09-12,1.987346004489948,19.467300402640973,-0.10794869378375918,0.8108762891306018,-0.38932131287952443,-0.6796877732583406,-0.12294360745452487,1.1735110420518433,0.6309296332535106,0.7724838893183907
2024-09-13,0.8432066049546981,17.986105104419114,-0.0028074753612658174,8.202942304438874,0.06539116751047845,-0.19944771291143465,0.07548238009617074,1.297590260082833,0.011185916652901551,1.2403373655942287
2024-09-14,0.5012376451023223,12.453173114841066,-0.039024235634758486,12.320781371109856,0.2598950495380009,0.01737052296071429,0.14751490338114806,1.1645220227321833,-0.3150289256704914,1.2757754817177223
2024-09-15,0.6808363009445481,2.601870705278624,-0.05877111169391034,13.175970170570526,0.3058968933978879,0.11970201163985517,0.11603472438916612,0.9864033240029796,-0.4107059454052389,0.9411010070922895
2024-09-16,1.0933589521019909,1.3323937857209163,-0.14020419966997824,9.945752507307715,0.07768827071412858,-0.12042152788599456,0.03451810107376733,0.6479412438858745,-0.057919686291667785,1.543573515177915
2024-09-17,2.319965423733105,0.9578092182397363,-0.2664819519192379,2.4020869077983837,-0.3546544965751436,-0.50391621266816,-0.1552032497456379,0.5823611466904791,0.735006444131496,1.5487130380122238
2024-09-18,3.014605387611585,0.5707468568150751,-0.34779370293595274,-3.079492507994982,-0.5418858849084438,-0.7081179278658382,-0.32370409573095976,0.5803401806037268,1.2633394014384904,1.1364472872530558
2024-09-19,1.7018075342430945,-0.9160700825906885,-0.2574320877618145,-1.2616895485854185,-0.1300093343067411,-0.2881844194175506,-0.2798064834914619,0.8313325082565823,0.8138594989943425,0.5025325278778162
2024-09-20,0.7547542699627188,-2.3573396554360557,-0.2089560609840999,5.120192667817116,0.18904127820757466,0.12443692730576592,-0.20988210272698105,1.1514771894985332,0.19768294199505726,0.42644648086777953
2024-09-21,0.35703494322250584,-2.7118298271828225,-0.1880649147992559,9.192128584826431,0.3216040195222221,0.22364513995552993,-0.21985374809938082,1.5329890513303326,-0.18543985159795698,0.23717561698823733
2024-09-22,0.32223691954131434,-3.167549266296698,-0.15526195528395914,10.760666515301605,0.23221616379513937,0.19662691343363142,-0.21234546872143953,2.2016684415734127,-0.44397323976639697,-0.09427303513034642
2024-09-23,0.7183824061980715,-3.4911359007036786,-0.08613144205554915,8.257509191562395,0.000299424250508645,0.049170957390920464,-0.16331231114303427,3.73977000473436,-0.2968468897421521,-0.33688711492557805
2024-09-24,1.6931541621222879,-3.248475104352926,-0.09985880821121831,1.7310375482624558,-0.46521155728052155,-0.4114247031145696,-0.1995739082802551,5.494204793843586,0.33034513148538486,-0.14442865949932163
2024-09-25,2.1675852660220727,-3.218096874502594,-0.10847295590918207,-6.414899109175265,-0.7046749908944832,-0.6571154519551008,-0.18193404709654323,6.766305798035508,0.7898652984380444,-0.13726660152952802
2024-09-26,1.0428019128579102,-3.53416638918632,-0.09479833772262122,-1.2228638275088561,-0.3419935941617636,-0.3111834796958192,-0.0467851184155512,7.290648092873323,0.35561017010391766,0.02737131623874237
2024-09-27,-0.2739073572119954,-4.38129067689227,-0.04066790766707637,6.143586065827239,0.11267388057046751,0.0463860616839171,0.00586441826670437,7.1091924659744885,-0.3658186028601112,-0.05869964854412075
2024-09-28,-0.5201989253118434,-5.000125218977746,-0.08313480923312695,11.285761647015383,0.25957310362109504,0.11667650975706109,-0.046548479587789494,5.918720614892269,-0.5732195925754232,0.06519324322075493
2024-09-29,-0.31221980179002223,-4.364052444709822,-0.09207461992566071,13.156688374830882,0.23332570100331632,0.009639190111586357,-0.16364355038255635,4.540947963364864,-0.5971502529362046,0.5128423071744181
2024-09-30,0.21211808593888906,-3.152865939905627,-0.14297511027333956,10.276377066593001,0.08347445492506353,-0.1598714993815324,-0.23237136721871388,3.7600660485340813,-0.40664133517852524,0.9780318400523779
2024-10-01,1.4595149903892766,-1.5796197133964847,-0.13930061956629985,3.363327750399445,-0.1950958036009862,-0.4747367755854655,-0.3285307180491619,3.527734897000643,0.2739324186319444,1.232923574631142
2024-10-02,2.085850564337989,-0.4330703982120813,-0.12197313454490848,-2.73422964322089,-0.29944830772790637,-0.6388638888885786,-0.40631915148425884,3.453649819006627,0.7546317781330296,1.4158553003154135
2024-10-03,1.0033076549279412,0.03961065824909754,-0.057087229587034403,-1.61603719560655,0.1101289370714596,-0.18627865876708,-0.33995098668306306,3.393000811500464,0.3577036255340738,1.5854435656045063
2024-10-04,-0.17786007694873554,-0.5797156039252593,-0.025267656840685705,7.782730534605984,0.39345128891629905,0.3306471034858309,-0.26950281913574226,4.450160764743914,-0.21926260678687734,1.5411055777199396
2024-10-05,-0.4397357562727927,-1.5820237173447238,-0.024481354450583834,11.456927864886602,0.9109469453241024,0.4496570459157304,-0.2791064177663891,6.223912412382404,-0.4940413770700929,1.0737689663288505
2024-10-06,-0.3193183170171971,-2.799189625651106,-0.009055746186461228,11.52317894339748,1.833624477286951,0.33497518714950325,-0.3258574141164303,9.158015139288068,-0.5392564413610164,0.875845094162819
2024-10-07,0.15374888871187897,-2.100569656133324,0.12746469021792153,7.508585299446237,2.5125433411529867,0.09525004803359009,-0.3763553190818075,12.288625187134093,-0.47025386398002306,0.9143277077621277
2024-10-08,1.1141659271317936,-0.2384577995676134,0.11681641334481638,-1.2008893141786312,2.6532121251290337,-0.24108224938796607,-0.41945801995949156,13.612721755103356,0.035048021328533664,0.47413930280778926
2024-10-09,1.6900098911173898,1.7721923896872231,0.286845441594488,-8.782508797620123,2.498819826595328,-0.3480552126293056,-0.37004078460756884,12.726856208869053,0.47298525545398873,1.0198568802457089
2024-10-10,0.7151489852780006,2.677522775888929,0.6190799128555697,-5.161636124063909,2.3057433605446542,0.07174924972748033,-0.29752908948939555,10.000027205812788,0.026778397222577924,1.879811036590638
2024-10-11,-0.7031056544674363,3.270849135299847,0.7367842152650156,2.0462938595947433,1.7842672613725452,0.6245601786109684,-0.19712109572625308,6.560316397132944,-0.48662325885852736,2.620057407363463
2024-10-12,-1.2553740558214945,3.2889649771268274,0.7784425320828476,7.756328357831023,0.849580839800502,0.8891772981973812,-0.09660145418484299,3.640458589690144,-0.5910692181866058,2.813262472027732
2024-10-13,-1.0202976906318795,3.7723245143934623,0.7311902440744975,9.616485177566418,0.4701055040646266,0.8054699404411748,-0.09179051082907641,1.3335578868908224,-0.5122677576941241,2.579614144956229
2024-10-14,-0.4874871923243395,4.956264818044694,0.6188093623710633,7.50858087285773,0.44917916872039876,0.43673971276827467,-0.07796685055511576,1.0108474720721223,-0.22068981563754184,1.9952338183365699
2024-10-15,0.8153594085333042,7.080637276973013,0.5435662768592935,0.7925488209268847,0.2950486029085104,-0.03549445250937321,-0.19193797934918133,1.330622979289377,0.3947461935838121,1.139777595210773
2024-10-16,1.5499891373085706,9.351860927687536,0.4864696879456633,-6.630024422415804,0.15366128557674383,-0.3199187281540819,-0.04708822204202624,1.113332988991369,0.8910691048448338,-0.10985375987118472
2024-10-17,0.9372854826717463,10.594004064207587,0.43128988174068245,-4.642380012291047,0.32096115964496513,-0.05468158579418446,0.15493316912212254,1.2521293428584332,0.43875817445175075,0.12068097164439391
2024-10-18,0.21098625274245722,11.149777710348769,0.12174218141737692,2.7884728229763054,0.459977678113954,0.3398655075178312,0.03958011524792318,1.2993605333411469,-0.22116196601229873,0.4544299599948756
2024-10-19,-0.09606148727755176,12.219680347171858,-0.39725374769574084,6.367309860858362,0.38532550878064203,0.5330489987904456,0.04694006285154093,1.3051439363024704,-0.4522691808897808,0.5115400816093082
2024-10-20,0.17143627324722568,13.977560948255288,-0.25439367859673895,7.784456271640232,0.2093738569542977,0.6237693651996545,0.05114684215265395,1.1843084126321142,-0.49098518476583963,0.522824654272079
2024-10-21,0.7380000413167307,16.80626238000541,0.225459286055736,5.209045656799187,-0.0704556587669812,0.463179773876149,0.03825188587386161,0.8691502068799287,-0.3331609283259478,0.5741917809267068
2024-10-22,1.932187600706429,20.772660662884356,0.9985402143104242,-0.6507461384860842,-0.45625185273637137,0.1071786382449464,-0.27739666485097253,0.4752808359926898,0.24186736445198345,0.21078608245000766
2024-10-23,2.453237816599381,22.951306656835627,1.9236732813196842,-7.454579247559573,-0.6754960179189095,-0.12452291584477049,-0.37262236838609014,0.32991683416925965,0.7216025386755555,0.7545856885283279
2024-10-24,1.6398110602338518,23.66138561640073,3.150804356245417,-6.385269852360988,-0.4134777573253283,0.1546213328182387,0.05993611834512395,0.6242839746956307,0.2997652943931362,1.4205666711538467
2024-10-25,1.018131086803972,24.589073860870066,3.4205665180889597,-0.1175932661927369,-0.11397949885608304,0.4488574899511443,0.3650003289834084,0.9532004672771407,-0.38036893380808495,1.9442730917314741
2024-10-26,0.9240832568726551,26.59573123392157,3.136717025792604,3.3515827520271033,-0.062155602316619624,0.4508217867509883,0.4856943031584329,1.2133243595785852,-0.5748388236107984,2.3705315415763297
2024-10-27,1.1442632891301603,32.018309565368455,2.542992036828234,4.05294176471266,-0.13795683725359909,0.25389752342935085,0.5954509678689051,1.3135987583465805,-0.45269388099395663,2.607732280553886
2024-10-28,1.654895050632684,38.35773500911271,2.416939595581184,1.7055012712231228,-0.4144814740346989,-0.03991171191623426,0.6117884143908031,1.557070721025001,-0.1001286656727051,2.986600858850872
2024-10-29,2.5427108989233154,45.77749250218847,2.119594682086047,-4.168034307195089,-0.7949260795020613,-0.39508125049414183,0.2293620747110571,1.8087351019700155,0.6366158093411345,2.9595384488240466
2024-10-30,2.6052606419056965,49.7951526273585,1.8767836955060127,-8.286948270940206,-0.8464970334137416,-0.5644983555752874,-0.24175551141336116,1.8979788351543982,1.11867605784656,2.266988687346178
2024-10-31,2.9394522787881323,49.0506264024328,1.9501894108353546,-5.998226280150036,-0.3111197643377122,-0.14744186737931628,-0.7871805858034624,2.0166991433032724,0.6405380736363488,2.5783589884615568
2024-11-01,3.263984964618477,23.105478350556545,1.824435600552278,0.07062784118497488,0.3432281542349977,0.47435280879196434,-0.9942894721706261,2.1617447459170718,-0.09880888754878199,2.1590277941090648
2024-11-02,3.871462603710675,55.62936287033019,1.4622245504831586,3.789962790465939,0.7455877133300838,0.8164314587891871,0.04316169206924042,1.8360345080606906,-0.8782569594514952,0.42310130429188136
2024-11-03,3.6453897207725756,236.6596609263858,0.6995020699443009,4.4364152087753945,0.14734209996296516,0.3029061860447423,0.5406718579656988,1.1237086043374291,-0.8896608364206194,4.635692401903321
2024-11-04,3.217300852486473,355.5628361202254,0.37657838045283576,1.9015057594151088,-0.5961577827832589,-0.3769599452972233,1.0347131537820518,0.34771477462481765,-0.16557749367206792,8.383957268301199
2024-11-05,3.2122411386736625,406.9932269121819,-0.01856580538664251,-3.6100698225632986,-1.400263355216075,-1.0901418513621959,0.6181017247968754,-0.0344887764498641,1.150490642303895,11.106975158460617
2024-11-06,2.362338770194338,390.75665720539774,0.07095315686005702,-9.500194236165177,-1.814703552535931,-1.4000817308884301,1.4550971500180407,-0.1436305098504321,2.2414562888882084,12.127154271508182
2024-11-07,0.03292337340659196,309.82248218502497,0.49944177655227645,-5.867547906509544,-1.4618460940390543,-1.0999780072726482,3.044176542042189,-0.11291479183195789,2.1221558293474843,11.448727570605918
2024-11-08,0.7475484767163476,175.54950734066912,1.075191845740672,0.7238090457600319,0.1570962554067406,-0.25890246122669586,3.2090424390236154,0.015551811570336095,1.850370131305216,9.194251452430903
2024-11-09,1.5925750538682304,17.842065024402537,0.6952011041203396,4.614986254322964,1.639207638263627,0.4160924204730633,3.0931627311991408,0.2166867349184803,1.826814581012017,5.163444060653751
2024-11-10,2.3384790185654243,-52.46053809335465,1.3551854077802123,5.952894720018433,2.55213316068472,0.8321455045621831,4.756292438635995,0.43562190344096513,1.6328772965226754,1.0433698188620335
2024-11-11,2.534233251769597,10.74322747644031,1.3593850721871124,3.667682156452124,2.313511335504033,0.38755132291568173,4.504163195755563,0.4198268242267841,1.9569558748193854,2.491755483279515
2024-11-12,3.278131172092649,9.828860024491975,1.3329300967216668,-2.1229589852993165,1.6949252062410696,-0.13790700829590644,2.8273181615871787,0.357847716854885,2.6534060773434307,2.388742807338483
2024-11-13,3.377262586833254,8.690763118194909,1.199744793337255,-7.861329490467835,0.7360132143756664,-0.5042930003209898,2.213379515312701,0.27973114847194425,2.8614243949830054,2.027970760004566
2024-11-14,1.5446771368612224,5.84460742042242,1.6014944120182182,-6.924462244915662,0.2497749075586879,-0.2972952525212606,3.34393258795929,0.28392354849578383,2.677479990959105,1.7387204063362172
2024-11-15,-0.19565151922769194,3.8970081600907394,1.2997096321215436,-0.5076966835693412,0.14793424278515024,-0.016088290722486468,3.7125867865002333,0.2782004631679142,2.0676853467910425,1.5179603564970185
2024-11-16,-0.1541300056140653,2.1576220256625622,0.7033338797000827,2.6814302459084187,0.7017772240278694,0.16316198751610117,2.9205601732505273,0.23626849520956822,1.8150291702238697,1.1926259772663304
2024-11-17,0.0020591730253701605,1.1522273396795872,0.105515613234008,3.5912742170433014,0.8310488758841797,0.14344256380610995,2.278965475774258,0.19649589090661673,1.8219249468177867,1.0154176020410977
2024-11-18,0.44779154006872024,1.1901066463979937,0.3797081338672682,1.701351244329723,0.7370482835123187,-0.07116242974696144,2.190766108851391,0.267011995095639,2.1712124804494763,0.8716136572938687
2024-11-19,1.5955106130202306,1.4139023748880184,0.15627676862529402,-2.7238708185217435,0.3539791959229464,-0.4570631587594252,0.6435849756666421,0.31864732399934914,2.845019755460499,0.8359611981049494
2024-11-20,2.2971484447146975,1.5065975911757272,-0.16505466354893036,-7.188874508656266,0.03215696608508963,-0.7528689196024728,0.47554055366324843,0.2616505249895119,3.180169373416529,0.7543617796701039
2024-11-21,1.421645090374622,1.1314083629424996,0.5243877481173042,-4.992077364431162,0.1841905072093465,-0.5886730328159321,2.175754571618514,0.29807852275658214,2.2688835504895626,0.6380814486378058
2024-11-22,0.1851115720845655,0.6697593313080438,0.9072808074488456,0.8660340245623871,0.8530133756876653,-0.21988120031591013,2.714266181914066,0.42479223549112444,1.6643373731149065,0.5935585667142969
2024-11-23,-0.25143962229295497,0.4732589047050439,0.9649373971296354,4.219035266417021,1.4041520037323336,-0.09455963727288577,1.9904142889793244,0.42194677211458803,1.346449616909116,0.5287095009179841
2024-11-24,-0.6295828966199314,0.39673083320536934,0.8819460246262875,4.031971166884414,1.4432356568949016,-0.06756142895681834,2.8067231551524667,0.36927020620752843,1.360313412372755,0.3959342649421636
2024-11-25,-1.116168647230976,0.322082024007151,1.4234050916739647,2.6305074446124523,1.7662581237412622,-0.045117190384263095,4.470898509080581,0.32125829798135125,1.0419133104865652,0.31493379654524617
2024-11-26,-1.1430376952302308,0.2951924829155054,1.151256916686949,-2.083919383958884,3.397509865804823,-0.15726316478585356,5.247176814764884,0.19406415526094822,1.280284259838891,0.17773057718538002
2024-11-27,-0.931244846071596,0.18300777424315515,0.5855800267257487,-1.3254897832229813,4.956592438680676,-0.1924070578155423,5.555195418129192,0.08335831375720089,1.6630435843109495,0.01953960696958102
2024-11-28,-1.8368283256162588,0.1119991304541775,0.5662525630764198,3.9145469616930404,6.281949964582974,0.06963277776190713,6.710788105991047,0.14038604011065867,1.1041432698117852,-0.11134565020161755
2024-11-29,-2.3991768961230684,-0.16005578943241894,0.6887120852388461,11.470064473466751,7.33643961193702,0.2448977485470878,5.9929597890114765,0.15660464473860808,0.6267618643341591,-0.02560857551179135
2024-11-30,-2.061397679254219,-0.21549623878544005,0.16711026167229098,15.173241636671856,7.381943595315003,0.24765428488456118,3.3004398332184497,0.1759121684276963,0.6189635321957703,-0.02307169720722311
2024-12-01,-1.054205961805713,0.04306721667154462,0.08456215222499726,14.344517371693483,6.116165496512591,0.11484580694089255,0.3047887844712809,0.1837062882807482,1.2890715992167734,0.15871874209636652
2024-12-02,-0.05475792392068667,0.2784401016075017,-0.30616288159249444,8.70468586901268,3.71471262673031,-0.17770777767318618,0.32497039625725505,0.305286156098174,2.5266327365268544,0.31707817294998325
2024-12-03,1.2319530613146488,0.45869055929519503,-0.3328782169544751,1.6480302094289774,1.7399495323952765,-0.5394062211229571,0.40290258633742854,0.33260065392038174,3.269279332760199,0.3537221451769402
2024-12-04,1.7653895748108888,0.491842292496936,-0.4993102978341872,-7.573032728824563,1.2752722340234028,-0.7261271068926867,0.5000574507900781,0.31880755869140875,3.67502221899768,0.27651811207108123
2024-12-05,0.9841108181794723,0.26674299419321906,-0.11317586668329496,-2.987625654190977,1.3334781740839152,-0.5135942549940333,2.7356613367141667,0.34987523912326307,2.950384541319407,0.2395196715780562
2024-12-06,0.1340088435318686,0.21457954432904713,0.3187771136636201,2.350062330990768,1.4996306564878898,-0.3208473886077654,4.313062610512541,0.3871275870230086,1.733642865663843,0.2913626433726884
2024-12-07,-0.023908347238400015,-0.07353007576714587,0.04063570106236792,6.245268205779744,1.8644484764697233,-0.3054362412449586,4.307063444235546,0.34289625250443484,1.1636125756701208,0.26133082768324817
2024-12-08,0.1786487937946134,-0.15548047105151808,-0.26078511451206243,7.4697907547430376,2.0127535935178966,-0.27673749486144866,2.9135514873295794,0.35836352167859936,0.7372372695404358,0.10322207847878273
2024-12-09,0.7360915601044392,-0.03164454761443385,-0.2778846375156858,5.912125629613754,1.815220695178296,-0.3237893460646547,1.3129155976860531,0.47044557331018794,0.7455172485734723,0.1519752158988749
2024-12-10,1.873807313271672,0.19129338402807172,-0.7820033512998446,2.1798791783596103,1.1531633312997125,-0.662894130603218,-0.6469434853166143,0.5748645392452992,1.404432694185308,0.1463747341906961
2024-12-11,2.628123627597591,0.24834622961517971,-1.1068763055157234,-3.5937531365985094,0.887104268699972,-0.810164588634481,-1.3820109716889053,0.5725277837099451,1.7555214643944939,0.04945590042515156
2024-12-12,1.6350522693703484,0.20092959247529713,-0.9549793315235846,-6.929562977153285,1.3559553287267776,-0.508156428509181,-0.3872529728367452,0.4709929658254059,1.0378414004518164,-0.16272413015759565
2024-12-13,0.5118010930919509,-0.009603773074056169,-0.4424494954580497,-2.3872925346382683,2.1812314982074845,-0.16718224463687892,1.3839588577157562,0.4419487897405001,0.18939470428094432,-0.19410791796164803
2024-12-14,0.2297558668932645,-0.14867429024486684,-0.4112073017143153,0.12076618019853176,2.6305426077855993,-0.10100558360487541,1.7104712664961315,0.45067490258297344,-0.22479255776013654,-0.12457028200098431
2024-12-15,0.2642320445385951,-0.19656424210964357,-0.5301206367357693,1.6019839674837386,2.7633958867611925,-0.10240929201705995,1.4645659117175445,0.6650771505989844,-0.26651844741481384,0.004894331313805968
2024-12-16,0.7053829445245438,-0.08897262140629368,-0.8123192178255458,1.1158507844987842,2.600201161397036,-0.1884523608253681,0.7588078448475863,0.8813048434609341,0.2563846179951617,0.127411678968935
2024-12-17,1.5181029124008112,-0.01772075335270156,-0.7439536372514202,-1.4382023784335634,2.342730892116996,-0.3290042257697906,-1.6091660952365485,1.0102317638987808,1.323714150851743,0.3401637782053423
2024-12-18,2.173375420054278,0.12741620415083282,-0.9081570613777279,-2.2409834697180875,2.158820435030781,-0.46937506362066683,-2.6558161155162945,1.0195927320654246,1.9711719351243282,0.3740437409618569
2024-12-19,1.4112508315999048,0.08420499014568705,-0.571521552891855,0.9994474779790123,2.522759576108635,-0.19796390240260878,-0.6180556541928337,0.9073116265097343,1.3753253705065063,0.4011308338828558
2024-12-20,-0.07250445992288986,-0.06685200682777019,-0.5601727545946613,6.0805786017832455,2.981415262026328,0.09830937282829352,0.9215271383688814,0.62691512010576,0.3469473309135425,0.14378382604804912
2024-12-21,-1.3527475779267903,-0.22758335277469796,-0.4058225391696689,9.25262204286528,3.760236475823449,0.3141963019427983,0.7800791494738258,0.3878013914812488,-0.23292000306817628,-0.06418027610887722
2024-12-22,-2.07835362806453,-0.43031410149935967,-0.14804194195200276,11.278370067643397,4.6113453643790345,0.6762373053723103,-0.445851536089331,0.25853266598304275,-1.1804465153319128,-0.205868375316742
2024-12-23,-2.533147923486504,-0.4638455861239697,0.5864680885905009,10.24905442926591,5.135115300265664,1.1123316381956827,-2.008136535990483,0.3404781893476472,-1.6016919706317925,-0.1557042355921252
2024-12-24,-2.5587174677374547,-0.48688549087433197,0.5132515315543269,6.240556314692183,5.202264229946748,1.4848989686112792,-4.295838316764183,0.45183187521408674,-1.1362050671329507,-0.13768055840849877
2024-12-25,-2.3767442535414087,-0.49845238032497396,0.8560123925943813,1.1513166132636574,4.868762068794234,1.763142330680856,-6.725058608561511,0.6670724996183897,-0.5505544612436145,-0.16456904214646745
2024-12-26,-2.3753948526010653,-0.4883795115125199,1.2984527988852517,1.7133530469792273,4.319021883029359,2.0142678742422366,-6.148593153542544,0.8740743111492656,-0.9305732584771575,-0.12499633850509367
2024-12-27,-2.500055447255451,-0.3595512025935202,1.3523334718385618,5.52004148089053,3.2983878174174084,2.104385067999171,-5.143515743546174,1.0550998238016867,-1.3629453624627803,-0.04229205778356912
2024-12-28,-2.5978676121542774,-0.2799373162591422,0.8738663351886597,8.229176667400914,2.0278100853332317,1.784147530821181,-3.825317211776223,1.0720714642774936,-1.1068332080935706,-0.14749750379341506
2024-12-29,-3.0990032652993564,-0.23744650770497797,0.3784669708046572,9.82133698755865,1.6094155151725675,1.7285250511012094,-2.548703504130969,0.958164894933542,-1.2089357207938818,-0.1451086879464831
2024-12-30,-2.6735727408836913,-0.25204374889212006,-0.1877926171112073,12.41902384241289,1.4334794154117392,1.680612203372513,-2.0880532389248305,0.8323106403236455,-1.4482098834795945,-0.10904843468626323
2024-12-31,-2.0610283518437402,-0.14753425241569415,-0.18972767343564872,12.864997635788061,1.1802691565222834,1.5511755644648169,-2.688983628990905,0.7221023067756911,-0.9604058478621482,-0.025830426244471735
2025-01-01,-1.7524367877180607,-0.1240998753504653,-0.3370092446623227,9.297044200788237,1.1433306620421115,1.4902248421158917,-1.5972397495057484,0.6638745680380701,-0.40423645124339314,-0.27945946891310547
2025-01-02,-1.487090130212846,-0.2183945820446351,0.2564448778239892,9.721528439143059,1.2394437493330506,1.6779097006628831,0.23971053900009665,0.7144300627311898,-0.8197160471326792,-0.10959849710649815
2025-01-03,-1.043568613783022,-0.228128557781628,0.7784920244005328,12.605084409568727,1.1092720985722944,1.6955320471629036,1.171858659056716,0.7637970270349044,-1.3446108193536472,0.39947315176239945
2025-01-04,-0.5913441918526765,-0.0713038030903086,0.6617847562381773,12.175904053372617,0.6917874796361012,1.5178089660535483,0.3892851544816874,0.8127941088931154,-1.0941263116638267,0.7466500697067837
2025-01-05,-0.20197447401403076,-0.04552929107061117,0.8559518105462874,10.435083013819023,0.27629321073200697,1.1291466160194819,0.8723728074025856,0.7358592894416554,-0.5787008255583502,0.8895299445463116
2025-01-06,-0.029918861802715427,0.11927447897906449,0.5249281761631126,7.286295009158655,0.08666569459185565,0.8626436152077657,0.8266267978292445,0.6318193307538515,-0.6598007776075774,0.998777551020051
2025-01-07,0.8206106209789925,0.24227043295521028,-0.1671942492462032,5.301275720412229,-0.4554037576869036,0.30413585459709525,-1.0243918037833804,0.5441201739458678,-0.09605843675333915,1.0441347372182535
2025-01-08,0.9941321746590193,0.32544146943108637,-0.45016452599006057,2.8113301858259314,-0.8145741809347951,-0.11090032178775208,-1.8110737820248122,0.4009342853575869,0.290305986714498,0.8854646176849562
2025-01-09,0.20559166023666564,0.2379906438546502,-0.2585875133632589,3.140066742600069,-0.4533210028346184,0.015155951122627609,0.8756960209698987,0.4308536430092823,-0.21356376510305594,0.387574650808956
2025-01-10,-0.24929984048122705,0.045386197816064684,-0.06736203436118471,8.735380685027941,-0.0173512627670548,0.3483143277842747,2.3339616644148893,0.43150600342189793,-0.9788914985424974,0.2855794784302804
2025-01-11,-0.24187637500741363,-0.06397404048445374,-0.4915912899844798,13.246835762449502,0.10460393844693568,0.4247501589055145,1.3969798904323623,0.4458078410699416,-1.2910025918352872,0.2174508401464153
2025-01-12,-0.04512382202432728,-0.1021499504482533,-0.7841236388127223,13.92955733591066,-0.2179183417600346,0.3869824483410191,0.9033025251522825,0.48609669213291634,-1.0511269529076144,0.08692067164235563
2025-01-13,0.4796341478109617,-0.18170965419238427,-0.6210758160568011,11.70200266849099,-0.06863435211493392,0.19554722033837635,1.0804807454265077,0.5087153000632665,-0.43923250413024817,-0.07563770266445634
2025-01-14,1.4810414016015172,-0.03983760152715111,-0.829173094020599,6.696873636707324,0.2273280791028216,-0.17810609009726952,-0.8349920789739876,0.5617438229785486,0.523510506107885,-0.08575625412598287
2025-01-15,2.1366761810193884,0.019941150803076086,-0.5824115062011359,1.0923982675006445,0.6555393467057565,-0.38025363391096845,-0.8882266223176732,0.5343169946643256,1.3093602814205363,-0.03898929513820981
2025-01-16,1.8573583538670422,-0.2813768940129086,-0.2027907224590464,0.2363531192108242,1.2087275718157604,-0.20845169803487065,0.6138720254542095,0.7282456486207316,1.1553837996334013,-0.6652892986990021
2025-01-17,0.7784588306283575,0.09351991211691768,0.4584100663950621,3.803283324103717,1.8474828577830342,0.2695378974881702,1.680201649832254,1.0150889961409744,0.36738940198353026,-0.06961044731204434
2025-01-18,0.1789719793594668,0.5320469192838807,0.38200525749890313,9.537608567596841,1.8530447512431651,0.44249958169548187,0.8045976440475572,1.1239713679614778,0.21495407448273937,1.512401507658919
2025-01-19,-0.08882368644296312,0.8704622826837121,-0.08110835420926822,13.049999135308363,1.2703804453175005,0.38563880683922014,-0.11405596573760005,1.1017414370489695,0.31485024547213214,3.009689538283366
2025-01-20,-0.029688492269894534,1.092891895753419,-0.26840985223237956,13.525365484612392,0.19374433787282477,0.15681126699151943,-0.1287856707866137,1.0149980732723576,0.7187653841222759,4.054054866521782
2025-01-21,0.8151552941110619,1.1746068465752386,-0.2936935374327217,11.305993398852479,-0.42413690566377704,-0.3114737563965902,-2.3952774000378376,0.8398209707037528,1.517624399398617,4.454008195523821
2025-01-22,1.1694294066285007,1.0646553789335516,-0.3964683077203578,6.077567708276221,-0.661026008905039,-0.5915507798336905,-3.68266754500624,0.5721361669104325,1.983149085006968,4.26170242657276
2025-01-23,0.2691526425913373,0.6054268002271386,0.39261826425452956,2.046666477916956,-0.34372779246722224,-0.299456438293273,0.08873086104131091,0.329232192565779,0.8831110184246891,3.245212222181593
2025-01-24,1.6082369065995479,0.019688716507179505,0.5126243079254253,3.4652104542994113,-0.1496214211938402,-0.06298155275345606,1.591635231652961,0.31534776202069503,0.3921327102830257,1.3137308354234276
2025-01-25,2.0549407478191286,0.11163441192346812,0.7359811850843949,4.4788702185516645,0.04470360943558497,0.10181426271895126,2.1032605634579813,0.3027669009539818,0.6411598544903185,0.6770279673051876
2025-01-26,4.021893462236621,0.26663493563385965,0.495845500181626,6.671271105621107,-0.018111531958096935,-0.08435294353601366,2.2449727374315263,0.24965984681085074,1.4854324027067787,0.8590799731648121
2025-01-27,5.978856910518474,0.348507614906039,0.14848409856123973,6.185570499417082,-0.29799027347712875,-0.22655402022630294,2.1868872385180733,0.20043025155762753,2.1531136448096735,1.0545031948000796
2025-01-28,8.048493349195189,0.46632397983285473,-0.3666996819391515,4.598861043097087,-0.7238192128052995,-0.5531263816411585,-0.4365972058833731,0.173545225576585,2.9644015369423533,1.135707797968192
2025-01-29,8.272107793749425,0.5139343783585754,-1.0155601101204652,1.9770836529898146,-1.0525479605459702,-0.7992585136318703,-2.0265320270521285,0.12314920970591256,3.323275601734953,1.077587459197887
2025-01-30,7.617067829045444,0.4535772070338019,-0.03602253406136275,-1.0660199556096686,-0.6968382081099493,-0.36078805888687965,0.5330962072881085,0.09133858715383682,3.225845167850132,1.247644699620549
2025-01-31,6.098978875326396,0.271027087510314,1.2934506947618558,-1.6111291550439897,-0.19844656443224604,0.07966676022348236,2.8207189815294,0.3864849614066452,4.53343599324988,1.3421008561836245
2025-02-01,6.102212637934588,0.12630323537110202,1.674360701638405,-0.5867731847285486,0.025049227648618038,0.09565595010270207,1.9866348621013088,0.8163777411239471,6.770965251215213,1.1557259530817579
2025-02-02,4.921757665759681,0.034517155907781996,1.7094236204492348,-0.5068664641265984,0.08160387914057012,-0.02356508199436904,2.597704065741419,1.13589994753104,8.38453739923786,1.020213654317175
2025-02-03,5.0510541647627685,0.14476264398382419,3.056615579311812,-0.6072447980547471,-0.09042255572906768,-0.2924058520081306,2.1978465128975406,1.3866410345366826,8.611060573586714,1.1315219739539086
2025-02-04,5.492477055593874,0.20952664140849545,3.794895743329988,-0.3893901727022126,-0.5184775766975704,-0.5859391320318973,-0.8929711500219694,1.4276849698170084,7.659128092569762,1.3142321002038173
2025-02-05,4.537464862816643,0.2795016259233908,3.917093061849763,-0.3058004898947555,-0.7191416740433337,-0.8482209143639239,-2.9221954794325584,1.2184371480365368,5.475280249672247,1.3017175646861896
2025-02-06,2.7814859407392647,0.19606849123671524,4.173421624835339,-0.35047090661358465,-0.44464087132089897,-0.36740826678892946,-0.6748625004478481,0.41624590100474057,1.9174433959035826,1.113175630242974
2025-02-07,5.9525028963667825,0.09333994250617172,4.281640743786076,0.8545481223608546,-0.14327951186559865,0.30012670885733683,1.240154121029318,1.0168215715870406,-0.5744366765383518,0.9028551815792158
2025-02-08,8.306171033375009,0.023157634370379147,3.70210035676862,1.6698350978768646,-0.078118714258349,0.4434488078028629,0.10277929395162624,1.8358699286351916,-0.5909535856373798,0.6141347471759593
2025-02-09,9.668813769845837,-0.058585413686530544,2.102652934039404,2.111540817434669,-0.20179134199558274,0.3617586228005322,0.14123017507989652,2.549698425157505,-0.5994759185693064,0.3757396059093155
2025-02-10,10.107827231131449,-0.007694081485145704,0.6650554180770027,2.0539596009334335,-0.4266004115187419,0.04143496198298004,0.5260761447536173,2.8347092210746174,-0.3546565072666814,0.3100165856088651
2025-02-11,9.672861154434134,0.08153320393365174,0.6664906377703722,1.6310127191397592,-0.6583800825904085,-0.408393994870177,-2.5808877783142834,2.79120116007759,0.2960254145763392,0.29102828001943365
2025-02-12,7.9070735065407,0.15940819183576352,-0.048217516246335204,1.1229766018288403,-0.6537182230587818,-0.6422678303333607,-2.248106411244013,2.291474696170077,0.7759627466373117,0.3216442922286639
2025-02-13,3.535084429979453,0.12149173009933614,-0.3483208267306752,0.26212010058974267,-0.10196374751464544,-0.31766238975407524,2.37513961652113,1.419467033584875,0.27492005623617793,0.6443459996966809
2025-02-14,0.23755446744731853,-0.0043344076202222635,-0.3751225323012103,-0.4585657599892921,0.5903491802066658,0.5897151382613395,5.99773208526351,0.6298992884763551,-0.8860210702470017,0.8578875377095876
2025-02-15,0.7744167212626641,-0.07302645088946888,-1.3935871361846366,-0.07266555079440683,0.8608482684299922,1.2540106517671181,6.75265748071192,1.612327402916909,-1.421247115892772,0.8853841209853551
2025-02-16,0.8856857310378039,-0.09107058552251714,-2.0888481884946617,-0.1300266424713107,0.8184087970240711,1.5154006785036054,6.728020093855841,2.1176557778051137,-1.5736104293953055,0.9328408012265048
2025-02-17,1.4924099635910228,-0.05244886466060709,-2.943429846519264,-0.2307054366258219,0.45697515983972053,1.3830359742768088,7.137165153590801,2.341317420504691,-1.4924815774744684,1.097853593214027
2025-02-18,2.8987655256992464,0.12439159293982445,-2.7615585157529425,-0.3098502904012975,-0.06900244196536741,0.7311831979747033,2.972836058423316,2.3129457172677,-0.7425590586455796,0.9180249933871902
2025-02-19,3.8546015914773717,0.16796699071343166,-2.598695316779575,-0.3237854763084157,-0.3819103383703488,0.15850002513612332,-2.6730150485304587,1.900443868759996,-0.06274110940419766,1.1805510672310686
2025-02-20,3.242701327176556,0.3203723091837711,-1.4504541677672858,-0.3402131775871366,-0.15500438189907173,0.27611367445680535,0.6364849426077118,1.3550534225952457,-0.48190816010835336,1.6525306841578784
2025-02-21,2.3116184080831137,0.36457049280640197,-0.36600552337124886,-0.3087290596947119,0.16904790673164188,0.5281810388420515,2.6897591832479786,1.0291853206020756,-1.0546226513629635,2.16102087494913
2025-02-22,1.3445834591301369,0.4274630954692381,-0.027665892284946057,-0.30998544549600027,0.39332905837826304,0.7561306567700065,2.834622681083212,1.2336258732271863,-1.4039851140519148,2.361206144138008
2025-02-23,1.1218107986134682,0.5090546148163807,1.0666935482048723,-0.28823930825374744,0.36448128714264455,0.818111006151075,2.3116726719403835,1.4303539091112294,-1.0973809832617587,2.3904051638035377
2025-02-24,1.369845705575931,0.4750286524223232,1.167391907758209,-0.27913378210825673,0.10918142381448115,0.5633214892467968,2.3653868441213928,1.3745683893958849,-0.37623968683475717,2.2237275327012753
2025-02-25,2.3314765879176007,0.6268429480268758,1.0995254787005693,-0.29257572897207984,-0.35004317783242156,0.024004088806521714,-0.44910617060152475,1.1706127352088795,0.9446861737756295,1.85185780776282
2025-02-26,2.9781089947894133,0.6949457045842806,1.1466866002790779,-0.2952647745629787,-0.5974641205900317,-0.3707877505228333,-2.3648986713112516,0.8655011524241936,1.7787572377221617,1.4229728471137213
2025-02-27,2.1149331715260953,0.4713810324410199,1.380759864215535,-0.24864760863249197,-0.2558971580241834,-0.09224014503217585,-0.9508113455654985,0.5007410743758554,1.0954191568959497,1.7295630352286226
2025-02-28,0.840520678450624,0.39216678179042264,1.898366564048881,-0.25913017852663844,0.24825861838401725,0.4305198575137051,2.6231637932815706,0.520440993416524,-0.382823029947913,1.9367583198646192
2025-03-01,0.4617091982611883,0.22949661981965622,1.4652915157718442,-0.22147484739122292,0.4647110398660021,0.6741421242345307,2.923459873476658,0.7274476399731363,0.11594178389124968,2.418969735060964
2025-03-02,0.558624080037536,0.34074849556789805,0.7070251688836555,-0.15679362784820527,0.41089696696094297,0.6554305522293907,3.0751038071015646,0.9748449911585804,1.4875759021722463,3.3407977549336305
2025-03-03,1.10947713148813,0.4623341966527297,0.7070126765854179,-0.014054884219045653,0.15880404814582974,0.39353069295363785,2.3230152594737667,1.0235808147541965,3.377713547364425,4.190086173595575
2025-03-04,2.1092931107375894,0.47869235047181535,0.3460444097933703,0.050347939349671536,-0.34478218881897493,-0.21175128326542897,-1.2298766852138168,0.8717731330018739,5.616147932069575,4.9335574035351435
2025-03-05,2.49186711365535,0.6784621658564242,0.15360040704643807,0.0656090369989578,-0.6351191081382548,-0.5491993299026403,-2.7068544481446315,0.5480333896808913,6.877138955207647,5.843650585646079
2025-03-06,3.041239467339057,0.682615581882191,1.252119383087222,-0.03808563619260951,-0.28225149127482685,-0.15261429392765363,2.4184755444800716,0.24253910997390946,5.3249949062912725,7.166128601535482
2025-03-07,2.9273094017984365,0.5169507500566393,1.9316409054456458,0.3491622534502673,0.2316264083464028,0.3603785379264771,6.574147948694691,0.16533788793861526,2.618881702478186,8.698533701200581
2025-03-08,2.9355026161249267,0.33799503690077165,2.0798758702278533,0.8513502188922186,0.48625407336264614,0.6488160746473877,7.348400720223474,0.3059316547009379,1.124526192987628,10.04745427170846
2025-03-09,3.089494546823616,0.18983784010428267,1.7452928510282422,1.40992168619219,0.5314555821272653,0.7716098242153726,6.100860225555622,0.4337624944138148,1.5572175652026996,11.681611302892096
2025-03-10,3.136612476254765,0.2357441034626891,1.0447624092797743,1.8703247924915878,0.30900287453262576,0.5712460362042124,4.521346859897736,0.5999878631306206,2.5140999430480124,12.904956814870133
2025-03-11,3.184929232981093,0.32348250354619096,0.09259977465656585,2.0906276611255197,-0.11212414273854865,0.0910958254632316,2.2537524957851733,0.686382128171667,3.9809189948525123,13.944259409633794
2025-03-12,2.441555654904044,0.32503421797850435,-0.5707947782101175,1.9672736557989745,-0.4879882335308131,-0.36676349750247483,1.684495147606933,0.7239956618727625,4.611053008100619,14.673794827737426
2025-03-13,0.2764680765603428,0.24288991152552922,-0.1830058218349137,1.5365370908279707,-0.16437238167704116,-0.03983350632061434,9.093014585193638,0.9068520106283637,3.0594008055854407,16.29013229120958
2025-03-14,-0.4467766974714221,0.1478896321638773,0.7008777203441663,0.9202751769535592,0.30183962096421485,0.4209873067215241,21.0817275961483,1.3649000135643452,0.5829566962134138,16.14294952431633
2025-03-15,-1.0435908911043639,0.03657972630254893,0.7879136065758212,0.6694362109656578,0.5024557034694331,0.4936795885040627,27.459352999293113,1.6982730542853743,-1.0075199145374596,14.456055975913426
2025-03-16,-1.1714308569668819,-0.05418881632144484,0.9455406758884847,0.5119385699427603,0.5518299019015857,0.4588133942896171,27.683900625202746,1.752119781864989,-1.3698646128835168,11.379731943230084
2025-03-17,-0.7061845208890674,-0.09873977026174593,0.5831402439152472,0.4048414263297008,0.41942056932773947,0.3660638140972797,29.486729482762794,1.5840983164554214,-1.2144142012490562,8.192816977576474
2025-03-18,0.3495397388411887,-0.03790319456464234,-0.2095430378859163,0.3215518367800806,-0.04818299815858418,0.0018983375201528097,32.98795516471442,1.2677783084122565,-0.422948599238125,5.026035057464884
2025-03-19,0.9805105984937191,0.04570068068733301,-0.5962371873103053,0.23958624725752029,-0.40966646891219616,-0.3128139347370714,36.65319951014331,0.8801693807466691,0.16009650267090386,3.0181367689291263
2025-03-20,0.23318198844605542,0.02449924374968515,-0.6101707033223241,0.20601977473539035,-0.159796078338334,0.06480100421603986,50.64329578189986,0.5195471216170441,-0.7317021287106084,2.108852488063843
2025-03-21,-0.7017156853831098,-0.08524304605798123,-0.23020631497623184,0.14203174406056665,0.23553968121716792,0.5627320505264783,63.784393484312744,0.5817751437689151,-1.8349769607028772,2.8612045466312597
2025-03-22,-1.1044183484414667,-0.1531085563575741,-0.02143801472810817,0.07944936714921738,0.4002346319239896,0.6797137888362732,67.98519324060717,0.7564653020647885,-2.389974888002644,2.716765150948848
2025-03-23,-1.0405087292389021,-0.1443957783400539,0.5364345964665667,0.07047593004714159,0.43789917119102967,0.5665682884641846,57.76848924451788,0.7262261395353999,-2.578241675439198,2.347875530420222
2025-03-24,-0.6238038166521316,-0.095257840334911,0.7146746047356813,0.11876393929562919,0.305874183580072,0.2701107603717241,36.21678100055295,0.6939043133685998,-2.0970030269346474,1.6352201353050189
2025-03-25,0.4406847285008855,0.061376249812009766,0.3066836301324162,0.12162231892982021,-0.022823195240609644,-0.15692428365804237,21.66251427991119,0.5840841308743465,-0.8887312276375069,1.2887937646720797
2025-03-26,1.1909527279477017,0.20128568378712153,-0.28633661983383707,0.12010929216814793,-0.27661913607312605,-0.4511054820445726,15.380520432603873,0.46352255856579827,0.018997904659258106,1.1324166007556542
2025-03-27,0.5425073237287914,0.1207801420150461,0.12298621983917724,0.1503053846649843,0.03979873564231315,-0.10969578196020835,29.034026991198942,0.5560566227413501,-0.49522121326503327,1.364798575057575
2025-03-28,-0.4172918990900314,-0.24464982996155546,0.802883481667857,0.10976298906640324,0.46186064251765097,0.46464156737326096,49.04597607064868,0.9094803438796687,-1.1551967427158554,1.704015207308644
2025-03-29,-0.719039021292146,-0.00440566441572213,0.5037650351267061,0.025870457882056212,-0.03171541847287651,0.07126395616818601,60.22313807042108,1.5462173940553794,-1.9184918692825677,2.110521657890231
2025-03-30,-0.7450423836686998,1.345400345399883,0.4722285507630999,-0.08296391489920352,0.5521118721968068,0.7083292024717638,58.23903681760541,2.0407129081787807,-2.5581275009901727,2.2263110324088946
2025-03-31,-0.3996996626937036,2.3426219405008832,0.0609311996401972,-0.12485313188923167,1.4098227113501105,1.3029578652324714,44.42405201398121,1.953106105063816,0.32197556211077305,2.977969123141035
2025-04-01,0.5561802823265184,2.871532328112349,-0.38256015490761786,-0.1678774360538473,2.0074225525267666,1.35066655438288,19.743468693102074,2.7497151720303648,6.397921514489338,3.15848132566195
2025-04-02,1.2171074292795625,2.9116973792699277,-0.4815162529485543,-0.17554384346329813,2.526220488535689,1.3676181896610191,4.27430607826301,3.961696025160827,11.613457388030549,2.9645852331862326
2025-04-03,0.5362433918665342,2.3245399585009254,0.35445620496292524,-0.15311064187134688,3.385991691520356,1.8534247255702883,11.484109958050672,5.399572441209954,12.963210592239836,3.827001765937818
2025-04-04,-0.3745245168577163,1.245339502761358,1.5637508848644885,-0.12133009604011591,3.829435736576814,2.1655449796454542,27.329605888833633,6.87259270725607,14.601979369270085,5.3647605835256496
2025-04-05,-0.6063807865062973,-0.06759803071235645,1.6303567707178979,-0.11996826852557302,3.282281150796111,1.7185375894301291,40.93430807199709,8.486701720476383,14.50992372956606,6.24512828834894
2025-04-06,-0.3619720839369731,-0.5048278781185939,1.4413470793140981,-0.10650120388529015,1.8714121985996677,0.5463292564639585,45.735872901152916,9.157172873951193,14.822052640591632,6.185608719189443
2025-04-07,0.14618259321125912,0.027342669680474153,1.4934915358883716,-0.16814136801809745,1.4805945299029493,0.34871523098484675,41.44113188970363,8.191765807466783,14.643872303125276,6.1148132954212
2025-04-08,1.4220965420088814,0.1037262321753297,0.6997741923973669,-0.22499325842322876,0.9423165612685364,-0.2511727963940104,28.833219373654938,6.292935166807637,16.533165071225895,6.641695984186861
2025-04-09,2.2640011748870457,0.08405421628373179,0.08876130032938989,-0.24874845427519668,0.5295685601902964,-0.7120485239534603,10.445878850811269,5.115028720711501,17.243066524984982,5.670239635504404
2025-04-10,1.5589499008822427,-0.02842690183011076,0.938939398981742,-0.156379033716341,0.651740602633534,-0.36770536453259134,-0.932953443346294,4.3281343381509005,13.610192233673997,8.478809680797335
2025-04-11,0.5293522166874776,-0.2374952981106561,1.803315136938913,-0.10667050458203522,1.0071070419695822,0.08875525042146354,-0.08252975408433759,3.8607745543763463,7.956314458652582,11.01517234102652
2025-04-12,0.5590180303375145,-0.13022631507754773,1.46412597515577,0.04342355844251146,1.0568111618557974,0.33841031626348494,-4.732488282509259,3.7261619984310634,4.450219569954633,12.834359784110763
2025-04-13,1.140216460357529,-0.01977793065704093,1.2153789527380394,0.1809559751257809,0.8645197154712061,0.4005085226753219,-1.08355301786874,4.097733494903845,1.1752764462717515,12.669082485070282
2025-04-14,1.9053895923731918,0.19041358979891973,1.231247951549941,0.27775703534567575,0.47887312259480563,0.19744875905072506,-0.85035607486742,3.8147730568367795,1.8428261965211181,10.886861997893964
2025-04-15,2.402120869197458,0.4072748262075477,0.6882527403779646,0.27396180277523324,0.13625744518752386,-0.12375452574175087,-0.8021738965120896,2.9877359702444473,2.746662351250885,8.53906576309839
2025-04-16,2.5521218040174505,0.5320662139369073,0.1371683277016015,0.20226298943183568,-0.11821171571114819,-0.3274470440883896,-0.7911313110726091,2.318509888798928,3.203344834698871,4.974704019151451
2025-04-17,1.0538143337051233,0.41811689308867783,1.9287309980706742,0.16209842631288732,0.4303191844388435,0.1255826230774372,-0.7970071792805353,2.0359129769156885,1.4340178570155273,4.4362491482878506
2025-04-18,-0.6839954601121115,0.18075324213925328,4.186162262762689,0.08425219213783666,1.0086934353288557,0.6713485552696471,-0.8019959782536397,2.160266633760606,-0.29191167246506644,7.203555367466382
2025-04-19,-1.4970621226268257,-0.09164744732676658,4.882752923724899,-0.04879728359834366,1.124189300800647,0.7031197872471991,-1.0677999238266482,2.2047168847058516,-0.7908243159987439,7.52932251844091
2025-04-20,-1.3563236756953176,-0.04852894332908087,4.604550593306127,-0.12391119612421284,0.7168754552320141,0.6232952087556252,-1.0636530754099622,2.3334613501469823,-0.7395660111548557,7.554496727042825
2025-04-21,-0.5216216801305033,0.03338487824118289,5.40948038269221,-0.45440163454296983,0.9135968178962423,0.2810291065922897,-1.1178565181099758,2.200989156009052,0.32101275127679824,6.392858834579994
2025-04-22,0.9519329806607142,0.2569875784822123,4.792114751735862,-0.21896605839639416,0.7215666588468159,-0.34990823386806513,-1.1037379642579248,1.6491967044953635,2.16606708707828,4.487194991996786
2025-04-23,1.6782576092621375,0.29761155030349856,3.4679364317261445,1.4001642605137918,0.6298595983871701,-0.7799826899899557,-1.2493431940840098,1.2128336669473385,2.969811220251009,1.8784276544756624
2025-04-24,1.0679483965657735,0.009110178484212262,4.1948415091657,2.982591404232219,0.8502702904239456,-0.6105112709782806,-1.3084797723929162,0.9804725057299514,1.7949565434563148,-0.04984964478687471
2025-04-25,0.19509089087849585,-0.2474200987300928,5.640702288193686,4.094812156087849,1.2802956613860408,-0.18127980929202545,-1.3870416860145391,0.9524941131541714,-0.03590814155478934,0.7969063902835124
2025-04-26,-0.06429921155108469,0.16696939395713578,6.5172296205307605,4.4391701325819,1.2045173681596442,0.014184577109580137,-1.340723271901002,0.9881770937853721,-0.6586459630531134,0.9775642306864211
2025-04-27,0.10788516735565437,0.5718437060971995,6.577579958108177,4.024344462709004,0.6296669142722053,-0.03860907534714716,-1.3237115835649313,1.0989126982790702,-0.6377920732027693,0.8969121512227499
2025-04-28,0.6367283101645413,0.9289695590881735,6.672760531025993,2.818943874576245,-0.14726227113503867,-0.25766870481480997,-1.2854665773265,1.1612723009046104,0.14203786810696414,0.9109493716092103
2025-04-29,1.8352235096715426,1.1753046908483935,6.425783919596386,1.0660803175672577,-0.23678154826470077,-0.6153720421712753,-1.1530602346276744,0.8662628063613299,1.7001887734706556,0.7804124103538398
2025-04-30,2.611623241023643,1.1891707172034913,5.4971985391209275,-0.037409482577867414,-0.4910196752928905,-0.8667804085187022,-1.0803663863155555,0.3218466469976415,2.6566604213853418,0.5599013877306868
2025-05-01,1.805003919756858,0.8556711513056131,5.16037383817298,0.1457500416745478,-0.16338663405386494,-0.5084365245480182,-1.0064215159343262,0.32801607858824283,1.8491872049556957,0.5210492348949681
2025-05-02,0.6057790600708652,0.34171208765441213,6.280369292195348,0.18253559068483638,0.26494147685737895,-0.003522517230264037,-0.82969447787678,0.6173497199067517,0.5548416846322662,0.5141251909653346
2025-05-03,0.14737612248690962,0.01986181068994237,6.084589928632868,0.15801380954961655,0.3834967559538846,0.17944933640448027,-0.6991913530372237,0.8066734264106035,-0.23096723924960857,0.4690680677897387
2025-05-04,0.2357820141671876,0.2875256609529817,6.62194548775687,0.193878062743987,0.2847122620773369,0.14518965283073465,-0.5121458187051101,0.8892309805985906,-0.6454530871536139,0.49754673414570016
2025-05-05,0.6550750220324643,0.41310236077701784,6.866439013035674,0.22607778920547797,-0.03297492532237918,-0.20313388238650534,-0.44868289221193053,0.9439285061149398,-0.450374989723913,0.44930172058792
2025-05-06,1.8239222450023491,0.515837368518385,6.4511131090323826,0.2235862638271879,-0.4280856099417349,-0.7399525298358597,-0.467203273076911,0.7929065313359106,0.545993002915052,0.4596507039854483
2025-05-07,2.5981764216452197,0.4580194395454043,5.53094688181198,0.23600392678159607,-0.6206884229292471,-1.0457330275204648,-0.6077017280765417,0.3909489487734622,1.2719877857893942,0.31797076263019325
2025-05-08,1.6689909877089149,0.01759083567797142,5.773708214629056,0.2432407856417479,-0.22123922906674912,-0.7145746975745455,-0.6407195389291043,0.3069054275242904,0.20844946191966698,0.0060845435002705815
2025-05-09,0.516632827165145,-0.23474103096639337,4.6494400965555105,0.2960854917186459,0.30339364967169546,-0.14779300936614845,-0.36429101115573387,0.4471878803330484,-0.18874647242974069,-0.1627209458288269
2025-05-10,0.04389341798809039,-0.25302529119435946,5.952566085005488,0.25849705072683465,0.47673554387509515,0.11711019191544025,-0.033291283746460905,0.6673588092102317,0.27029221227057465,-0.3384463204336731
2025-05-11,-0.013849234317799535,-0.283420360559635,5.920491101657209,0.2299978611111853,0.3777145839007962,0.18461713263898613,0.08678749607091948,0.8141409648887068,0.734275357369367,-0.4756559196376235
2025-05-12,0.4191981645981948,-0.013757853658689114,6.924621060146886,0.6127377323053218,-0.04687258593015157,0.02895124131909261,0.05686025977733416,1.1692146587249925,1.3286621076811467,-0.5334682742792453
2025-05-13,1.5063169934759342,0.4283344878290881,6.495397969589843,0.8760811982800231,-0.7172985157578724,-0.44732806826473315,-0.06392007689705022,1.2607708048544073,2.198985204315754,-0.22848455209995044
2025-05-14,2.3251576123126654,0.6057704451498224,6.103309761045423,1.0309405082988936,-1.1513328369050748,-0.7896671118505095,-0.09074193232778631,1.2393904082685196,2.4024005012454963,0.1791408551360192
2025-05-15,1.5204485692145768,0.42069329800915034,6.021757925072471,1.0545988093830096,-0.8807599860556539,-0.41679439655923467,0.19285643531856678,1.4038557491921508,0.7997191853042509,0.4164580144896256
2025-05-16,0.43658063503338035,0.19631541762229415,5.274971880924678,0.9485258075974496,-0.41314489980261393,0.10771368737826297,0.6021108524781548,1.7081686733521293,-1.0455446779728572,0.7060583664609882
2025-05-17,0.10947075607414822,0.130691094225893,2.621595103169423,0.6775612106530364,-0.15352740927998731,0.3668827561138521,1.0257018246428427,1.7322123294191105,-1.3286522230468505,0.9081433105634481
2025-05-18,0.14886111294942975,0.30702605656755727,2.2304377268803193,0.3727553885493454,-0.129417577375963,0.46258038307280047,1.202579914540312,1.580116461329905,-1.1403183557620313,1.0333563822417349
2025-05-19,0.4911815793329047,0.49774146042476236,0.5785853365773256,0.10870056432441193,-0.3138730323015779,0.3533930027234531,1.0201325148315017,1.2458861542820026,-0.5190202849398715,0.8483751866734576
2025-05-20,1.2475715728186567,0.8847035754736912,0.18744033916774624,0.1594734374903227,-0.6763578129593563,0.03331957557376754,0.6337076461167942,0.9935290444163207,0.6159857713976423,0.48543412439366185
2025-05-21,1.820985374248534,1.0503922371087058,-0.9826557972686303,0.07370669935567085,-0.9876463628674629,-0.35304678756502195,0.5173779065556642,0.48133342963443493,1.4452064013455335,0.3385200710588193
2025-05-22,1.315033650591017,0.8066661316218062,-0.21753203018341977,0.060091558020990865,-0.8655433019713172,-0.2759286334446207,0.48919416693794804,0.198506617014571,1.0749572300561112,0.1607956148220715
2025-05-23,0.014939536017850915,0.31255428643173105,0.7808876185352072,-0.0024929203167640976,-0.026150451553192892,0.5426833351806808,1.406363563763166,0.8207704259880924,-0.4632082798586592,-0.13475067612422054
2025-05-24,-0.6434289198107219,-0.01466712755109836,1.618733313249972,0.017944976463358676,0.5617816122593788,1.0142289023618556,2.1187205327514205,1.3751510245245306,-1.211773413513172,-0.061956588630983404
2025-05-25,-0.831489741876973,-0.274592210055747,1.4541797407329997,0.012504931470085037,0.8816495519447111,1.2615740489595493,2.3980481291532807,1.5616635121769962,-1.6685108886144042,-0.06526013479422278
2025-05-26,-0.5466208149718849,-0.23447695792468368,1.4933211614392543,0.13915592501156865,0.8956578723536095,1.2108549271975724,2.2756110079374983,1.862674875087472,-0.884635240752505,-0.006482578861071453
2025-05-27,0.24967255065811758,-0.06164984857408951,1.9701400485254243,0.1819939054775152,0.5570987981603168,0.8455175719670563,1.8359929495816771,2.684026063272256,0.6195640622404053,0.1501627975030534
2025-05-28,1.004256718427499,-0.07979237512542894,1.3871148159004527,0.1420291683231551,0.1258141215149628,0.4375768370453642,1.4912036406122746,3.382916276514127,1.815753940494292,0.05886082101412191
2025-05-29,0.8977999623487848,-0.10747177565167175,1.8254583211897148,0.1396115555598343,-0.012031364467759258,0.4947660595847876,1.8665551884316194,4.28868095983639,1.574971294421048,0.1684903950362742
2025-05-30,0.5913920740803584,-0.019874394889924117,1.5677114253447333,0.16050887574635067,-0.01332819668625762,0.6234422549954293,2.3885533744994127,5.052690021177159,0.8912153384549484,0.19746800572033116
2025-05-31,0.19693489216350327,-0.006567512728614761,2.2321520261326198,0.10907305125783963,0.28333679895428293,1.004788963820749,3.562408740713765,5.647517459214105,-0.11716060525159347,0.17329186305615976
2025-06-01,0.10390473792194042,0.03983016910373335,2.667329680074034,0.022681766923031192,-0.15316070916975322,1.0494661046636748,3.774853893534577,5.361405527369955,-0.7102055094569341,0.1904192393108749
2025-06-02,0.17117750947920884,0.20572818657369837,2.0446282195923713,0.03394361165044636,0.5968972295543251,0.8914083540997408,3.2507659542502023,5.70801834566835,-0.9072158240471285,-0.016007349191544562
2025-06-03,0.5440126115223998,0.32563287101523813,1.4609542902975008,0.14342284227887367,1.8541881032299052,0.5172416664180346,2.3666614279174802,5.762144574677097,0.17858084834980134,0.2006479494705391
2025-06-04,0.7914383793869668,0.1538490346531812,1.2566827901839255,0.2610743636587067,3.13812916025509,0.09957141460566003,1.405809131375839,7.135806002414266,0.8056468362047169,0.3109975997217668
2025-06-05,0.47773541863967517,-0.1846605119219305,0.18042881472598524,0.34316821554765997,4.365840044761641,0.15186405547446002,0.6962697337244568,8.421063997253418,0.20225026496412796,0.21583289716559514
2025-06-06,-0.043046953231039006,-0.32868815864679746,0.1687863387932163,0.4148184451174017,5.0480545675895065,0.45434816108907433,0.7231099643103133,9.404377543003521,-0.6480330893612886,0.2927052961315789
2025-06-07,-0.22280930267745255,-0.16421166839717,-0.573826477523626,0.4408076642880846,4.761324154718112,0.42160613130552466,0.9677792251110333,9.729504550067636,-0.992620481053376,0.45715419210728087
2025-06-08,-0.22628582111327372,0.2580055484364139,-0.13916194886069547,0.41887812228421994,3.5547709046784033,0.31350980100840836,1.0189785049001332,8.701826060511511,-0.9538370811741405,0.7436743226190182
2025-06-09,-0.08255116103407241,0.7277133975719723,-0.31376778209084427,0.27196650033745395,1.6911727892716866,0.06050062686790146,0.80416293562347,7.000015763355839,-0.63261588335617,0.6825135220208195
2025-06-10,0.20022122995853653,1.1325470338273413,-0.45777299387777076,0.21682351379154693,0.9890836714758766,-0.21804078628781567,0.3926709983758634,6.933551821977524,0.30806668366328704,1.0475193441568424
2025-06-11,0.40380738491881485,1.353250926826986,-0.3428248021147415,0.13042669927479356,0.670414391500976,-0.4464981988042728,0.15784027581536672,6.2861774922514995,0.9500074062884426,1.9026828297624434
2025-06-12,0.11860545382310245,1.3517722896066706,-0.01786483000620885,0.16924185170999087,0.8336442359782145,-0.2631166193702191,0.16061076734976062,8.02001154616234,0.22722254628791658,2.4421517330739886
2025-06-13,-0.2202447344837779,1.1345026504801692,0.0341098573090002,0.18097458581049464,1.085425009966629,0.02872212272389163,0.1698911182491378,8.9699303632759,-0.6427937554188192,2.591989255070771
2025-06-14,-0.3055306907702196,0.8347105074804378,0.2180228106914479,0.05643132904869729,1.1235409661430356,0.07821459178297743,0.5263313598543546,8.86244292595263,-1.0145921553928132,2.6159122690178904
2025-06-15,-0.26704104840606524,0.6920725178492186,0.3004062783579342,0.10853775004749278,1.0011930166924983,-0.019316187264809,0.8689928364609227,9.90214684218825,-1.0649900113271276,2.565895492737038
2025-06-16,-0.22127829720624173,0.6578898860364549,0.12955540989541128,0.12596403859279823,0.8104605527497336,-0.1661310682474944,0.8982578063085798,9.250726385202066,-1.0689494162441726,2.399755720139854
2025-06-17,0.004002143645876101,0.5463089827185229,0.22925388143140385,0.13977505260649672,0.529138582388133,-0.4530961134695281,0.9554208793445137,8.245456734440829,-0.6064884178586641,1.8336706211664393
2025-06-18,0.11212620236332872,0.19509449632230313,0.008445954063101838,0.16581122844827753,0.34335563137034486,-0.6552526319540678,0.6719374497945434,7.125867825445212,-0.27348125065137463,1.2728417852320233
2025-06-19,-0.12926788291077937,0.008394579768588303,-0.0900035507659212,0.1747651055128809,0.42292470515621294,-0.4594700448859392,0.44573664302666866,5.226500264399383,-0.9377729248509701,1.581365099521289
2025-06-20,-0.37396587398980713,-0.09966711217849208,0.2824515169484776,0.21357782526813165,0.5593109038633094,-0.15995195269938825,0.42461781422850836,5.515733550187576,-1.6032214528347275,1.9850973758359585
2025-06-21,-0.4489358118348469,-0.30116665095751943,0.23242406167339733,0.16181687712993365,0.4947162700479417,-0.059187551307333906,0.24577039670248177,4.375065873813764,-1.4884060377071746,2.1563417416077875
2025-06-22,-0.4127025586847081,0.35714791889904446,0.22122550550983316,0.025603782274440247,0.39212083925896557,-0.1289910681611403,0.22128137420513805,2.9340570491212623,-1.0961032162576636,2.2588869239914486
2025-06-23,-0.25164957908225694,0.8648685074366468,0.6266129451156915,0.01235182651144506,0.2499171372943061,-0.3142361590855257,0.35111653323532016,3.0405861135575964,-0.4487216180932972,2.7760704893692867
2025-06-24,-0.09937573790895764,1.214908091527981,0.9111287062172749,-0.0895926115409846,0.17357728547471216,-0.4978110769700108,0.49806572148854017,2.2399335881292304,0.3608754047695833,3.1996152073467354
2025-06-25,0.01615684476483738,1.2474184373781936,1.29106644024393,-0.16370516176019032,0.1724933620935979,-0.5803978588779758,0.5565537464620387,1.495511187884258,0.6634219659365487,3.0714538719867877
2025-06-26,-0.16886556192455549,0.9698170852088172,1.3252749837653661,-0.5517825979078748,0.503824087959846,-0.17328177399118946,0.3598089060341935,0.37648816281083863,1.2750890695790782,2.3271533226212795
2025-06-27,-0.39153354046222427,0.6103205736417793,1.0317179788519868,-0.028283690301452124,0.7198284465069249,0.25952966186882914,0.3265069577393385,-0.36614632609926634,1.333452885401429,2.1542508546442147
2025-06-28,-0.4649800321230519,0.16728899258633206,1.1830621677954978,0.5219826291435401,0.7783048374139693,0.459090298455784,0.36840136371009985,0.024380686024032632,1.8636950878659146,1.7800844778417484
2025-06-29,-0.4737198439805876,-0.15601454041505153,1.005469058600881,0.9078004940478617,0.7445107734188231,0.5916351828797594,0.18064188816889523,-0.0038474930758492934,2.1729443847539076,1.4866723897408851
2025-06-30,-0.4107883175601197,0.38440188348622367,0.7490515281259519,1.080371867313226,0.677753047819523,0.5731430700888651,-0.021957000001115286,-0.05337906666071269,2.412006805372641,1.2084438349268416
2025-07-01,-0.3108098995134818,0.7633525751594952,0.800720185315479,1.0368087228115817,0.9687820912536821,0.8092852696574215,-0.07141281008374963,0.17804513993162244,2.0265488861028285,1.3962897638380183
2025-07-02,-0.3565303399352667,1.129978471371562,0.7097959855739582,0.7203177142935263,1.1740124844673379,1.0940086246031644,-0.06891054432922494,0.2227235371047992,1.1224463068709347,1.5193218592295559
2025-07-03,-0.5542783062630342,1.150359984725136,0.7419434485450886,0.24109862199517945,1.582051602495157,2.0685945170543882,-0.15420571762909105,0.45531861374955646,-0.9106749084828845,1.5027486428942367
2025-07-04,-0.7313071011692439,1.0257518074595122,0.691844010952537,-0.4333150184790816,1.4239701126061624,2.889785423528591,-0.3619592807983603,0.6071597088463957,-1.4170311504549284,1.2354336104833756
2025-07-05,-0.6295045066868665,0.6407759833596884,0.5078070845404175,-0.16450857497908447,3.056642718956181,3.065703494379131,-0.32917272461184277,0.6800388008421524,-1.8096854844521766,0.9320560581078883
2025-07-06,-0.43432925382948573,0.27048085445730036,0.5625909925015972,-0.06417219352390166,5.457569450483273,2.894225830676315,-0.3507391705951218,0.6493741801091055,-1.338770416700019,0.670006981587258
2025-07-07,-0.19160835334783252,-0.15525404384765967,0.5099991413990084,-0.14469730137096815,7.70129479136428,2.2930148826658896,-0.32852332532255674,0.7094569317936729,-0.5488602578735655,0.5007297133569509
2025-07-08,0.10901297399482869,-0.3287237137487119,0.628757883672675,-0.10706958158036864,9.604797371072173,1.5494007025461536,-0.2562358163258298,0.4932892228282847,0.9838276882877404,0.3704890778448359
2025-07-09,0.13070569104528137,-0.4114334340066862,0.7170648900392346,-0.041308365543848445,10.931285077488704,1.186015247800179,-0.20254129828376086,0.3530510275231965,1.6744926107437714,0.26411488105896874
2025-07-10,-0.0992306494788005,-0.5195479039608214,1.0300802791191215,0.04816607868150466,10.54044094161079,1.261325119587539,-0.15499191942903848,0.30711994811014265,1.1439629416821058,0.2398650642769992
2025-07-11,-0.32519026531940015,-0.6088656380825138,1.3319042276056443,0.14685254889984217,8.518268558139553,1.8086767279437925,-0.07394981862815954,0.675874555184838,0.5415033335598033,0.361581297532997
2025-07-12,-0.3825748238285058,-0.6476325590203406,1.4290639276179267,0.16002748504622205,5.064348713139959,2.0399159216418115,-0.10023002980758769,0.7294009046737144,0.5549345861455489,0.3148510490869386
2025-07-13,-0.33716549482080926,-0.8441018928905448,1.2831397578238046,0.07500938518254739,3.0910836931704164,2.046167103290494,-0.06840868911300561,0.8928469584995048,0.4059796719049112,0.2677045411377359
2025-07-14,-0.219984241194978,-0.4126564536663031,1.2350460190257233,-0.03697118294392852,1.445967775013675,1.979409246224017,-0.03452675609419115,1.1789127819688214,1.0163952389747475,0.3066234037504713
2025-07-15,0.026987726372568032,-0.32891369523940833,0.9828509724024472,-0.2394943075721017,0.09086622910935446,1.4475664908567025,-0.05675180311204758,0.9608971045576407,2.0849757880039923,0.24916340645344492
2025-07-16,0.24103544235677313,0.03208043742757068,0.8859915974765565,-0.324963066812937,-0.2483249579988344,1.1559787187038328,-0.0016621194450967857,0.5091055832417632,3.0712881007606745,0.3883257903900887
2025-07-17,0.22862885417412226,0.9274428481980305,0.8910626981075296,-0.26676758197386147,0.2616772219979401,1.457985066371793,0.09715479385240337,0.5698569131712174,2.9360067475974296,0.639435955843819
2025-07-18,0.21193851065590927,1.8809532788506331,1.1933747389574518,-0.169989048627385,0.8012699214083319,1.9522089124833197,0.18279326438349985,0.7615651712783141,2.544494004647169,1.075426996865307
2025-07-19,0.23742557297217412,2.582772195657179,1.3265790439179295,-0.1554885420472018,1.0846568418074392,2.1322171264979977,0.25211982495397095,1.0598559317984688,2.592057028607813,1.3834487756433704
2025-07-20,0.23364642673756184,2.8814403802739212,1.2182638612056995,-0.13705013950751407,1.1137289744590075,2.152224531153699,0.18651273156311649,1.2032397116005522,2.6692388841106025,1.4115657474933558
2025-07-21,0.20511577585420343,2.6989015452324603,0.9908263657589254,-0.16333432860882802,0.8953249563562529,1.781175652462902,0.17445650029492366,1.2073413257278558,2.5746070551690874,1.3397349021437015
2025-07-22,0.2479080066174248,2.478441711701712,0.8317623333449689,-0.14494055416403498,0.46495007853386283,1.2553129312047056,0.18260603389480032,1.1979538546774977,3.1326319717229327,1.4838073998536785
2025-07-23,0.21781403841383415,1.5964644083307866,0.5474529731555914,-0.12973201784212843,0.04371734131378342,0.6400068223411519,0.086124143594288,0.8232800773165437,3.0910472141772147,1.2359696214964602
2025-07-24,0.01675411031034218,1.3301042652862964,0.4116477422323336,-0.028864825918767885,0.14982477313610254,0.7842922039253346,0.09264972725986047,0.7506224479217056,1.9706802125404945,1.2253125063828365
2025-07-25,-0.2066858043445087,1.2381912311292367,0.34034755959129875,0.16573783294278846,0.4524336179615251,1.14525429493314,0.11230356011199757,0.8653049756252724,1.0392891297311624,1.1462908107857908
2025-07-26,-0.296261696468473,1.5704797343695094,0.3116973551033654,0.1874159974846332,0.5632095214224324,1.3718149359000553,0.048585462780074834,1.1418022365413265,0.6344109851611911,1.0145230100206308
2025-07-27,-0.2567660606591718,2.410223071022318,0.4386932587579387,0.12027554165971749,0.549802985695321,1.5212907655720822,0.010413467946887111,1.5960325882684734,0.9063444401555,1.245086023626858
2025-07-28,-0.003499449273072464,3.5062880557494323,0.6649825235075153,0.05650461714967214,0.5421942892000365,1.6032761364152137,0.08417190512458558,2.233250722832122,2.2544931432163797,2.037468073814568
2025-07-29,0.42290569657420657,5.126683214190028,0.8449853427727874,0.06692295939525497,0.4223168613172717,1.3604396618442045,0.17536001239110013,2.4572986334008813,4.903084789764756,2.7938688211989775
2025-07-30,0.6426893062460718,5.5659422602120046,0.8457695421479203,0.10141152936867331,0.33911346967881706,1.0735964334436479,0.18957335257689978,2.4463939724205397,6.336355212323205,3.2886280473118346
2025-07-31,0.3771815153225648,5.122601626402208,0.8120631207065621,0.2823379831840617,0.5991474602059774,1.1439655105777677,0.13407628794885137,2.337337781295285,5.638326672804768,3.0778501954918993
2025-08-01,0.0011676754643564682,3.899814107542974,0.6212090858602549,0.3831519339425874,0.8578496159738176,1.269140435598842,0.054535324909944664,1.8652688462911742,4.155511165542491,2.5862055184459627
2025-08-02,-0.2185693829014522,1.985087028924053,0.23858667860464938,0.4370961948531583,0.8142422138673571,1.0229410432360608,-0.12339778327437635,0.9239063991852821,2.6820984617004466,1.6463453895336926
2025-08-03,-0.3222421487239926,0.8744260641507695,0.0038890082531156736,0.28853794488913614,0.6100050534359044,0.7348552204389304,-0.26698296819418244,0.5084451542499309,0.9651971897016737,0.546133253633347
2025-08-04,-0.2209802885305708,0.332092582269984,-0.07251987311342867,0.0745469234471732,0.37573776301320705,0.4582018786156736,-0.2310010409575245,0.33887420457869166,0.42697465986110433,0.10345182928008079
2025-08-05,0.14935973050005621,0.3608922631237286,-0.05913003628008077,0.026464287696481178,0.13069513333620084,0.10164761853749864,-0.1210256974352876,0.2574854648210496,1.346444669360483,0.25037765918170035
2025-08-06,0.47551393897078303,1.1714647238431715,0.0165709704377693,0.8950389413299544,-0.020262855038256897,0.017067060545409213,-0.09202898567283764,0.09472018106095818,2.8946973204480506,0.465647957434987
2025-08-07,0.36934082435994503,1.2327268505659925,0.19179347635642768,2.4549014933528484,0.3225261377666533,0.501533074529767,0.16580425474794855,0.2866495512370364,2.5714513778586947,0.7972095324547034
2025-08-08,0.09212450639244324,1.2466163372077168,0.2726787395967004,3.4996135645623214,0.7046807363728345,1.0733556399636006,0.3158296978333828,0.6307926823619378,1.875525982990881,1.0586132865799929
2025-08-09,-0.03409617423024959,0.9019317499856991,0.2078567289075243,3.754625150848119,0.7901119413135679,1.246621550354282,0.40131227576582096,0.7823935089531315,1.5095565369825552,1.144388141186145
2025-08-10,-0.07525368729450511,0.6513559484918131,0.15172162965279817,3.339473231263395,0.6683714450153926,1.1085674542485078,0.41242299757175127,1.2481085865688115,1.191481906044122,1.1140115978469078
2025-08-11,0.04226454123130833,0.6069293421185378,0.18503051378574417,2.2720148640322693,0.41223948425235646,0.7505529340380923,0.3374263539021725,1.9374844581381439,1.0644933557332101,0.817114250662187
2025-08-12,0.32279226673750583,0.4681943561919855,0.08280243212457629,0.5529682895145036,0.03753946339786409,0.14896668078249015,0.2753821375155072,2.0843259001780794,1.6559570066120142,0.5430774655395832
2025-08-13,0.6460809772516127,0.18464553291168684,-0.03007765131827635,-0.3858298885227202,-0.23421255123628548,-0.428300937660135,0.1056967568465873,2.0966604537730533,1.907026280698476,0.23344346981860734
2025-08-14,0.25172709159142337,-0.17583742098244307,-0.04364592689790606,0.07776625389543639,0.018529954484482046,-0.1506095824923383,-0.09313519920919779,2.6581794078809486,1.0314915571525842,0.16570677260371702
2025-08-15,-0.05631488606807727,-0.4339193891566006,0.006675904323588405,1.207493788323144,0.4546160760574828,0.335164364308252,-0.03503373523422011,3.344894306047269,-0.0694984917951594,0.3278407674894487
2025-08-16,-0.1555016255724397,-0.3969143218278752,-0.03263686800851471,1.7377672731623979,0.6038218419302023,0.5776097102184622,-0.11735866039286175,3.811972488987723,-0.5308150899462922,0.5272028812636113
2025-08-17,-0.10590499766325646,-0.44044253745919315,-0.08269678543043082,1.7051774243921063,0.5384542532980667,0.5510628933574581,-0.14916723316238534,3.95512523340917,-0.6712450245514437,0.5021776788772502
2025-08-18,0.08979411551598852,-0.3131826678113279,-0.12011775780429261,1.1792612565507945,0.27288356763564825,0.2811670703752057,-0.16779952609706922,4.055741071447578,-0.622457781155885,0.5234624299536473
2025-08-19,0.9360823785011761,-0.10888396153415317,-0.18454934320468602,-0.026202691001832982,-0.16667138310617402,-0.233502849696277,-0.28251198399218325,3.6497726184561023,0.22873619415146004,0.4564215467337132
2025-08-20,1.5529061254576468,-0.03208852827404986,-0.2558876951347384,-0.2719541021485425,-0.44771245289829076,-0.6397706936631243,-0.21729021016243852,2.503707018666355,0.8721247617096953,0.5737358523545936
2025-08-21,1.0151133606585303,-0.10295530150989551,-0.23208819118036716,0.6866575909588802,-0.2741210061087535,-0.45730290184301153,-0.19702685034386505,1.9193151642302702,0.26085841419723926,0.5529932076537812
2025-08-22,0.22829583516142493,-0.2775010301846695,-0.2066126201712668,1.643890131170307,0.1122164422473273,0.08900613559997879,-0.17719319213577694,1.7444558668778194,-0.4809247369529159,0.4121758701297162
2025-08-23,-0.08078097901130339,-0.42360557799212706,-0.23453515719456103,2.3321613444276044,0.29339419787542026,0.2471493585557551,-0.17099548993701957,1.2807651565448857,-0.8035539980801709,0.18205862160830055
2025-08-24,-0.11415933439392846,-0.35653559443247296,-0.2410771093139668,2.442800940095446,0.30304282490109147,0.20686633300410806,-0.1279581412285438,1.193527671903615,-0.6257070755646956,0.05028128359801071
2025-08-25,0.26615761334044097,-0.2902203045935471,-0.22160373811001124,1.8439095069295177,0.08416981714441558,-0.05601980563100647,-0.16040282798884564,1.537363989590095,-0.17447976966516396,0.012421067272379455
2025-08-26,1.3857105100198128,-0.02377487195382909,-0.25392920870563684,-1.7368901100072427,-0.27599775688628747,-0.4567792877670696,-0.21701610659816337,1.7030472273686994,0.5701661010311068,0.08412923512311925
2025-08-27,2.165191707966106,0.013067458518550951,-0.30513789116580997,0.2104229264203144,-0.5844113933324714,-0.807030975086863,-0.23570690896608304,1.5014256170957871,1.2873821154794758,0.37789150782885395
2025-08-28,1.708208650891548,-0.20734092725360043,-0.3083487302883238,7.813182983567231,-0.5557504566103751,-0.7299996459617307,0.023430433171834006,1.693055983846444,0.8699456222653206,0.8220507971284395
2025-08-29,0.10336063021503263,-0.571416884008154,-0.2653595364124769,14.134182541192656,0.21356119155284642,0.02101074910188813,0.17431108028322437,2.0127043415676393,-0.5284790877668106,1.0070121247799084
2025-08-30,-0.9181283786401083,-0.7945644981089055,-0.24376004679154187,17.46072141893468,0.6666377693654696,0.4821835480586564,0.27457098566042853,1.6680427650455985,-1.2127963971844136,1.0862047968440378
2025-08-31,-1.4056475803910915,-0.904360687056688,-0.2402522635410005,17.414461347040543,0.8933089663009987,0.6423179534206183,0.283581603265496,1.3654986433804461,-1.5120356166507858,0.9595850079213869
2025-09-01,-1.275786231266267,-0.5908625989476279,-0.2486285177272199,13.613091795175503,0.8405532670513866,0.5700824147845465,0.22316348062947935,1.6441366505719184,-1.2283852253722654,0.8314891088611795
2025-09-02,0.36390861255064666,-0.2055019456616595,-0.22535205223509358,5.635675305929975,0.42027536536044097,0.1405904559416043,0.01818637998860857,1.8744029967933482,-0.3695475755935354,0.76320383317975
2025-09-03,2.3977906305789105,-0.048464082400861364,-0.233057568949197,-1.168636420596547,-0.017585741497137816,-0.27529204097546445,-0.17206760488805828,1.4960192813310988,0.33129968484369354,0.48622938515695446
2025-09-04,2.7676561856893964,-0.22061124972743298,-0.13194859532438202,5.869966541455907,-0.2261566579957197,-0.3460932666772684,-0.19036722545110493,1.7311559468097384,-0.04231898261518232,0.3541757647792236
2025-09-05,2.8196354754481097,-0.4057471088276192,-0.04601183747328029,14.527870890334322,-0.3471349685770348,-0.3430374532515331,-0.09191182625728646,2.2437768178140574,-0.6148792138574096,0.219114871012025
2025-09-06,2.3869019719726876,-0.6934701392155618,-0.06364108156172818,19.823748895738298,-0.05535565581287305,-0.08338995157655459,-0.04252640091426547,2.014393269793037,-1.1981723276499743,-0.21120040975549187
2025-09-07,2.0503895373186682,-0.6114337377181759,-0.038067934994566496,20.515869080577502,-0.1773207644897894,-0.14295667321079103,-0.07149415469860046,1.5288226000002838,-1.103859128018177,-0.06840167708348735
2025-09-08,1.7079381566686278,-0.4430154254225357,-0.07821268960755043,16.300178620573348,-0.4743823626215151,-0.40817121308741633,-0.16208376675764832,1.4288198226011073,-0.7710392423958153,0.5321146002075582
2025-09-09,2.0845420311933385,0.07739763074681337,-0.22635148137676944,6.674321669693759,-0.8421714715023183,-0.8204605968468437,-0.33502913542059043,1.161048572695817,-0.11987679815207782,1.3411724748286167
2025-09-10,2.05716675873729,0.2899513562536141,-0.3159392551576352,-1.9117705323756822,-1.0309897172204112,-1.0766406415938419,-0.34816752844581933,0.4537400011095649,0.3867897968980424,1.6240450355500355
2025-09-11,1.590175142785801,-0.024316313001596288,-0.28253375671142916,1.583984840311896,-0.8266810016858557,-0.8225596860032625,-0.26529982801717933,-0.16604584212319912,-0.34167341681509583,2.199562194083739
2025-09-12,0.6888189799324573,-0.3811939487292986,-0.1975411491659036,10.013240363242362,-0.5439692468845374,-0.4457458479461166,-0.08916339331559511,0.10982888092038388,-1.306005270026906,2.7428169801037012
2025-09-13,0.6348158407281885,-0.6319491552663807,-0.16258831657561862,14.961560410214853,-0.4263738360842081,-0.2600546943893763,-0.0738855960282015,0.22289269465093606,-1.6977197980090184,3.018975655764139
2025-09-14,0.9153136747722411,-0.7171220371196643,-0.16715236463224892,16.253239515596352,-0.3550888416591011,-0.17934099070026063,0.00011315517910273714,0.3372106390454253,-1.508735143979656,2.6455755295362713
2025-09-15,1.3431562725110837,-0.5150370279602788,-0.13549537440560858,12.704566225598068,-0.5170242803828038,-0.298135294508318,-0.06246421847474001,0.6602492228138642,-0.8807127711744958,2.451599465697502
2025-09-16,2.4227575447332703,-0.08078490961483491,-0.212646418532505,3.896564802959228,-0.8358745495110915,-0.9150231208593356,-0.24674767758006197,0.9035064092841376,0.14320082760499392,2.3282755690472023
2025-09-17,2.7685242021669776,0.3428210505579078,-0.3041684492657562,-2.4848922484533285,-0.811013809983328,-0.7396152952859294,-0.3113237978603449,0.9747526246547166,0.9001094313406397,1.523151127512188
2025-09-18,1.1024491584722604,0.3477043608012366,-0.26127084088299607,0.8127753933927505,-0.3788274889538912,-0.03427753257629507,-0.27882048441115376,1.0035487643505994,0.3875893769505403,0.9843898189951119
2025-09-19,0.4702172486827547,0.12146785618947063,-0.16565519124468897,8.989708129477485,0.01615638136251866,0.5985217920345851,-0.16630407926355528,0.991706864561829,-0.3996768703473725,1.2289932108097537
2025-09-20,0.16681137413358837,0.032714416040017215,-0.1441599218263958,12.73169395793971,0.17558275929579112,0.8190333976507091,-0.043509311379392165,0.8609705033703385,-0.6806006358901362,1.7716036790799583
2025-09-21,0.15061283141044615,0.12322745798645615,-0.09220548800316063,13.132879818513928,0.12154666370813628,0.7677768501470472,0.02781354775208573,1.1426100808775077,-0.7694033899764284,2.218670194505866
2025-09-22,0.46099613126421135,0.2855280556130233,-0.0511046592359784,9.335887178542144,-0.07712337119844649,0.3483487816045271,0.08354460066945203,1.5125065135883327,-0.5398017718504556,2.3711448678457008
2025-09-23,1.618707071841299,0.4706510613298916,-0.09031772273493485,0.42434826408085097,-0.38684476772842497,-0.37376280336098705,-0.015665230961244055,1.7579585469912948,0.3696815381386138,2.2540326363296384
2025-09-24,2.091750807621097,0.6437005088604659,-0.15398665339645404,-8.144189210269017,-0.4464561071261168,-1.0196068960937872,-0.01888428622355476,1.9800923215308905,1.0201168892652852,1.6447321182512697
2025-09-25,0.6219133790712409,0.4274259518386496,-0.13622364466703232,-3.4384779848601275,-0.054447198787140653,-0.5425795877636823,-0.010849464946772452,2.774622263618358,0.42866588368376995,0.7048639709340505
2025-09-26,0.013367958782165472,0.07907340458691647,-0.10037963606500769,5.2497336712273635,0.33244566252746893,-0.11629801343926334,-0.10057051802585894,3.3063323213765456,-0.43223463237544407,0.5666996439911918
2025-09-27,0.7996314252379396,-0.15642612113729942,-0.10315410191234775,10.63965168929807,0.5004556706512904,0.05836997820922498,-0.12141556830407575,3.3714526705060357,-0.720717862800961,0.42828617724359214
2025-09-28,1.5270823764616177,-0.07447469478282608,-0.10764635032968402,12.348991018563204,0.4635067798490462,0.0701992483407866,-0.17494556411333392,2.97992683407841,-0.6670780250275541,0.5972981173557269
2025-09-29,2.1761090631531603,0.09343866312068355,-0.0865561615334017,9.808033349948804,0.31808755671816163,-0.07421568233641894,-0.10285171982084063,2.8627695205157906,-0.281545552372268,0.7847714680675435
2025-09-30,3.357386810147154,0.3655261052786514,-0.11387615914898261,2.6575676540596667,0.06059870674193281,-0.44306509231193775,-0.3083123689842254,2.5025488128637683,0.7007494692395242,0.8578547483774888
2025-10-01,3.744364303732625,0.3938765027701923,-0.09896625767068626,-4.400317697190305,0.02577005663364052,-0.622494811842156,-0.15530731406730358,1.8027745813248928,1.491623692908151,0.6972062676038292
2025-10-02,2.092036098661079,0.06695781000482644,-0.061457475291988105,-4.095550989645434,0.4072170048568229,-0.30588960038274204,0.016105140773738275,1.6291414544713534,0.9345664270045474,0.2730564107120312
2025-10-03,0.3624263765445695,-0.3762871631265365,-0.05541492223593204,2.177622804935287,0.5933898252921006,0.06044709750781933,0.07899864485721675,1.727375373019627,-0.0313154473514784,-0.030693840856554747
2025-10-04,0.6214906720992802,-0.5437413272842252,-0.04751350078794085,5.332559890530349,1.2209099523961322,0.1198630639129636,0.023594738328251798,1.5332770488161809,-0.3992272602742243,-0.27077741962239815
2025-10-05,0.9966253186732544,-0.5026414577627429,0.03521233154794451,5.894977997949875,2.2225919531277736,0.0955821261272689,-0.023290080890640604,1.3647628546736479,-0.5742971533320053,-0.3945644624932186
2025-10-06,1.5088362537673072,-0.26814442685705414,0.2087219210588264,2.799603887452036,3.329471128122728,-0.06119241525653997,-0.052467871793542,1.291520252527124,-0.6439075824960699,-0.24105499719816353
2025-10-07,2.3596001707799013,0.2763611072107626,0.5553553864879383,-3.9390865727257034,3.861698158885007,-0.3395710593156355,-0.18289209420089927,1.3985653369505273,0.2392534967332457,0.0957899775592483
2025-10-08,2.609648502407648,0.7161971830518228,0.633905144217355,-10.183307896093938,3.8394926446199733,-0.49123776150680704,-0.4063706660884284,1.4314710425177213,1.3259704875215494,0.318383657589148
2025-10-09,1.0531591802022349,0.49807061410607323,0.8439701359582633,-5.965323663676272,3.4490634993628055,-0.29949771892492477,-0.2048184455381867,1.4607881645374028,1.5649547831317239,0.31000485695400876
2025-10-10,-0.0666753744346231,0.10279489478802885,1.0457396317916494,0.9137725531300805,2.6713146079391503,0.24038914579059156,-0.09190080914613465,1.5146103533640995,1.5906055548878875,0.5586845470015134
2025-10-11,-0.24473386100991232,-0.32780837327584245,0.8317783047617195,6.2082459850176415,1.2471572565618745,0.5802361195193646,0.038460863960653444,1.2486404602181755,1.7363636638814102,0.7292490491091947
2025-10-12,0.41426309496008323,-0.1415031149346753,0.6076334477368429,7.784255320764376,0.4562108179258771,0.7780380568372557,0.11119357463061023,0.9402211266211965,2.0895238379817087,0.7391955403564143
2025-10-13,1.0225881552030893,0.14065340224799397,0.4383747043513962,5.4057653671101855,0.18522217016699816,0.7877591815095906,0.20426153045575565,0.8447779188596791,2.0570675893966093,0.6368771969528262
2025-10-14,2.184001257952484,0.46872991470118813,0.2963913418716371,-0.7490682158057625,0.20795637189049732,0.5071903994724097,0.10075141525458857,0.49318200205295526,2.0711232642906663,0.4615866920280752
2025-10-15,2.395896507498961,0.9022947309305814,0.21767400408876897,-6.665476482062001,0.14248069364812482,0.2416650315379743,0.6620294175131896,0.4313537976507205,1.8875626516635304,0.26471219505146415
2025-10-16,1.0825312138555085,0.9707395251205904,0.07188061454686825,-4.063109434295854,0.32281845061516085,0.29704876052909157,1.1499889206956515,0.42098146439943446,0.6196908375765374,0.08225046742180532
2025-10-17,-0.2976798679616916,0.6877553173092877,-0.13886009727507978,3.7287507947603413,0.5670157350462193,0.40049226561759266,1.2221601592851736,0.6264949810409158,-0.41883351587350626,-0.05161644028656829
2025-10-18,-0.5351012661066743,0.5139396707152594,-0.5810645162523993,7.487628054071598,0.6556355309739519,0.5069211535843766,1.22090704882682,0.704989435726609,-0.8501393716355374,0.05729892484060848
2025-10-19,-0.2852441597469567,0.3471408428600288,-0.3792318247945202,8.699816834268002,0.4201608904292746,0.4147774381317822,1.078804549471794,0.6939125808306847,-0.8949401240585961,0.2711717603464095
2025-10-20,0.36554503759735285,0.695108826873721,0.27786697443254815,5.372135278387192,0.14652475063716117,0.29162261097305525,0.2790558636447446,0.7789804246784321,-0.503679426151857,0.4280191114457939
2025-10-21,1.6817274989941424,0.9405648600948436,1.2876960958292922,-2.3863777615240838,-0.16920203094652314,-0.09243820219155544,-0.46313435971177697,0.754472949533899,0.3455539790383669,0.41319795114352514
2025-10-22,2.248618553206451,0.8898654511512818,2.7865740300019484,-9.925402977010997,-0.3689714016030089,-0.35983002049626545,-0.2850735381596121,0.3925978945653087,1.0189868383071188,0.3089998873906219
2025-10-23,1.0940370264345567,0.300063164873475,4.0490026304896825,-8.186162483636242,-0.21832085228849563,-0.13116081993515238,1.0359500664323258,0.6314775682862763,0.32229292882297433,0.214344729235483
2025-10-24,0.3519781063918941,0.2385693289997708,4.321168298913766,-0.6977162676745065,-0.027974880730305948,0.18219033529218925,1.809007286683861,0.7982638860697431,-0.6208060994914621,0.06679872362164
2025-10-25,0.4462984117872059,0.3865582697700923,3.599922646801199,3.3510923958402032,0.04041960157335117,0.30546906777480676,1.948437544813047,2.051466801775271,-1.1273528697901631,0.1589924898825352
2025-10-26,0.7142102629915587,0.6255934867129082,2.455169629941088,4.354356658774299,-0.10656027254216878,0.15169942043541867,1.6456279291022469,3.4670648812358156,-1.1710659154489558,0.01572581038943772
2025-10-27,1.3170067247473787,1.0670939805815032,1.8426850062371536,2.1533471319665676,-0.3527641056203714,-0.09791727701072148,0.935217133917385,4.420639377255852,-0.3936027374473495,0.3286702665144889
2025-10-28,2.2035024278311877,1.6733036432128738,1.3498791566539186,-3.6176579221152654,-0.6525990989217404,-0.4681591487031649,-0.49594834272862115,4.614407727082053,0.9836029100693808,0.6057055963865021
2025-10-29,2.111404535398672,1.8652434776553428,1.218632746958114,-8.729346699993147,-0.682758639481711,-0.58690300168518,-1.4928350103497383,4.276442724093982,2.0106579158591997,0.6813976212434186
2025-10-30,2.731768863275525,1.3697197921346547,1.74295615738546,-6.55477834167911,-0.24822308627499978,-0.1525521624426792,-2.020185881393023,3.570481522076932,1.397895035501743,0.8874234568746163
2025-10-31,3.192819002234751,-0.5566201542232732,1.8238172959362544,0.046279886115746904,0.24037086098071173,0.4563088928501555,-2.8502436147725096,2.7171488089208156,0.46219556349703966,1.0761033093858619
2025-11-01,3.8856175526222207,-2.0153501594725656,1.267636309024504,4.269281812805192,0.31936253329026054,0.7122485220166457,-1.139293263186718,1.6636570151877705,0.013902014150993645,1.2564104307899202
2025-11-02,4.396345052660991,9.633116957115348,1.0913847314104186,5.024222739420199,0.1836492359182585,0.5939103294148526,0.5109869366742763,1.4696425144636944,-0.22658099269745866,1.8341586032123187
2025-11-03,4.271024960327594,18.799219178385943,1.2023578403803201,2.4145842539801143,-0.0793234751705539,0.24904833810400268,2.0922161027290636,1.1254137943955467,0.1480621471374301,2.028024148446741
2025-11-04,4.303723134438486,24.462945148165435,0.7997922247393883,-3.2523938295764774,-0.43831046951326463,-0.17585772130453325,2.6298250205638816,0.5830219641173837,1.615481768756078,2.310130603511442
2025-11-05,3.1024569501018817,25.84038118611543,0.6638505036314888,-9.614880153944762,-0.49221294237573177,-0.27609333993568164,4.975017940982486,-0.02977224094591932,2.666260627542575,2.158461178403933
2025-11-06,0.45929751208782094,22.39832922012417,1.1252369141183864,-6.198388794191541,0.0639011792587049,0.2099451588568857,6.821720384812466,-0.15932442944923184,2.013497961119005,1.700480235754407
2025-11-07,0.18861792139194913,15.298578941757297,1.258414993542074,0.061532445179387156,0.5181700885063009,0.6835850100150317,5.516086772988542,0.02487256418613612,0.8650624938439802,1.4099201871898768
2025-11-08,1.0018416914398616,4.89889784059535,1.0327063297490109,3.9365011875468103,0.8611745626603566,1.0830459335002873,2.870948591605661,0.18016120231300653,0.29070534674887827,0.9955195954493772
2025-11-09,1.8266048560842743,-3.08721297567004,0.8611297901002194,5.20372569524575,0.8203012148601398,1.0836377911857062,4.268776003481822,0.2941520937694752,-0.08707649540105318,0.7918328009540179
2025-11-10,2.48505121766341,1.2881161190018424,1.092367548755147,3.1364863118169466,0.5334265822224334,0.7042196077610197,4.537492766407848,0.3999499984354664,0.08776830889870252,0.9963906964336036
2025-11-11,3.482949097612207,1.9328743076253434,0.8505731720742565,-3.0595623793124394,0.0680885903430672,0.005922675208893462,3.4805603443791853,0.3894451160533948,1.1830241573047053,1.1365854931682957
2025-11-12,3.667537860759232,2.0593376455512655,0.7243777867905257,-9.102670147710045,-0.31844105958791213,-0.5038508721582491,3.2019537141373364,0.2201139856464859,2.093432891678599,1.365544263673854
2025-11-13,1.9571602340443846,1.6504446766478083,1.0741874648194432,-6.592387817395949,-0.029267866674196466,-0.18880728647657471,6.565087261244652,0.09018308384781978,1.5320196204628722,1.5396065126375957
2025-11-14,0.16908285941012416,0.965716187148832,1.3489383704045517,1.3380719784678172,0.30935765739730203,0.1339798204546612,7.984841274668588,0.21071804728857677,0.7071538459864334,1.689347173595602
2025-11-15,-0.6874107780486983,0.8271312347854175,0.8976339857071374,5.673410542762367,0.30937074292960687,0.1421580930646282,6.258622663641651,0.3146570246901965,0.5961963508397665,1.814648939510044
2025-11-16,-0.27881195521816743,0.6849823794598062,0.7654691563169742,7.469954405018484,0.3053896885919627,0.2355489559128316,4.605328026189796,0.28476462889326404,0.8324145496122586,1.5957300729808088
2025-11-17,0.14621604532896473,0.6799914207032594,0.617248158377939,5.35162187317129,0.16517620659748825,0.04966048364064637,4.466922235541605,0.2372110808267172,1.565605858056929,1.3322321540631175
2025-11-18,1.1175170075641105,0.7335989104213523,0.212685980777153,-0.6178946111962624,-0.13329057219413445,-0.36458685712736094,2.741065786562919,0.38332065215905187,3.146413276378024,1.129758170765018
2025-11-19,1.5310306804874239,0.9609942439277309,-0.1185801678202053,-7.37285580994749,-0.22013602516143538,-0.7165437877184478,3.31610915057463,0.42019238419162946,4.308576492121699,0.7967186183547952
2025-11-20,0.611642101774069,0.5361193822510306,0.4049485312624138,-6.851640958708031,0.2710023422161178,-0.5083761691401978,4.747063885368577,0.3780899303310445,3.607398663385721,0.553834556634009
2025-11-21,-0.388194092478429,0.03223306357791723,0.6816717987817209,0.548132141642193,0.9725658623918356,-0.019498574473229977,5.334256330260523,0.34276109277777295,2.332156595478938,0.44766713303721173
2025-11-22,-0.5071376943304302,-0.49914210920030266,0.7186225546985827,5.078890297035052,1.2506194168512694,-0.022771868020101456,4.961255113540973,0.25970411893995604,1.4973684916150056,0.5487045465078232
2025-11-23,-1.0389036147341706,-0.7995285040579266,0.29631369046732586,5.789917095753242,1.119900802086721,-0.025701311724115817,5.182263221142283,0.21774146600589672,1.1025601596673547,0.6303634259673365
2025-11-24,-1.1895914133586658,-0.9786147488859289,0.6341738268598252,4.00187683052985,1.1106091733821963,1.5378160166919694,6.430800341418408,0.12390068450608863,0.41924585839574185,0.7629677658866484
2025-11-25,-0.6867998239146433,-1.071007898433757,0.21748637887175087,1.5132293660822398,2.704881461205682,3.0950967165051724,7.4992370880530235,0.0036111316968277765,0.6207559700548246,0.8733158010608268
2025-11-26,-0.1838740889122166,-1.2577459501715318,0.12294472712695817,-0.7715013632891081,4.50268731379396,4.499895014663799,7.894124630550149,-0.00476789945592326,1.0114215639330213,0.9056383743635006
2025-11-27,-1.0309298408240766,-1.6332629721714158,0.7881016667720298,3.5715031529679084,6.1262360767647115,5.972117224198536,9.053401895138512,0.12210749099575642,0.07652826950343787,0.9097469726259491
2025-11-28,-1.4292260290754413,-1.5451943616521362,0.9571377114094923,10.115980006084127,7.206206612135385,6.623506045808949,6.7328836755056845,0.23345664064261437,-0.7668686486259111,0.848399027263375
2025-11-29,-1.1284068417004538,-1.288823874887833,0.519918474331253,13.53695408104415,7.307635792574751,6.221305500486692,1.8081215638879047,0.5407805633000428,-0.7086243382663168,0.7021941709070294
2025-11-30,-0.6091190404677657,0.3583174869708948,0.6048602390371879,12.444143530028839,5.9865890366653876,4.74529347467268,-0.4330117686024462,0.6625016774402831,0.08997652820118245,0.8126702421326506
2025-12-01,-0.2706801639201363,1.7661518723721155,0.4366591660645803,6.671681758012753,3.765856900239699,3.0764341316001933,-0.29868568646947824,0.7591721281481753,1.168116028857634,0.9372872824422834
2025-12-02,0.8007591334834107,2.836510762069657,0.5707842301487082,-1.1222481526697252,1.6000495660115586,2.374456737144235,-1.9082211704865513,0.7058979423525268,1.9656907556589052,0.9428660396305569
2025-12-03,1.2844463023728512,3.0625459891714315,0.5263071449829074,-7.650864494928101,1.2965501065163076,1.6723091228276838,0.31061341575018564,0.6793607398146688,2.598733597267719,0.6796456064494657
2025-12-04,0.42011276018950316,2.2669284720715046,1.2353019660596138,-3.9499649538901678,1.5051525056872512,1.5952485829551277,5.350271986808051,0.6693763777715169,1.9385422889014585,0.6629428985899244
2025-12-05,-0.14898799096449478,0.9891786352802542,1.5933456991724106,4.1088477867977105,1.7775931461228387,1.771319782754426,8.38797708812065,0.8509146761034375,0.8177943244898791,0.7273741178498695
2025-12-06,-0.017777536134543623,-0.0984336559839549,0.909852430673633,9.042525628222329,2.034780718823784,1.5869607983349607,7.693553879081105,0.8735080595052545,0.4336691656267068,0.7475405412588557
2025-12-07,0.4484004386908609,-0.7796432213964566,0.04547110733209509,10.125456630266614,2.19315715716068,1.3723799400159713,5.501688299462538,0.9931387861726021,0.28787735247237084,0.8904156215274939
2025-12-08,0.9140017577119695,-0.03636304875747304,-0.28907064776820485,7.974428722320794,1.80748931169188,0.8951358882040609,4.160006223208515,0.8345414937864843,0.6168616105114931,0.9904798419173247
2025-12-09,1.8898815947713634,0.398390133467247,-0.9380187810375749,3.8158823494157406,1.202196220301702,0.17134358241804146,-0.5199860688657896,0.640674336810904,1.2863459617284303,0.9415210055453463
2025-12-10,1.9446124580196775,0.8475766483615963,-1.0103512066708293,-3.639361704645421,0.8957355591630013,-0.35849974564870585,-4.271713723459921,0.39759188068567164,1.789554286706717,0.5163627489551595
2025-12-11,0.7926657018802872,0.7328828312183113,-0.6561207603172068,-6.716661260402947,1.4088462025414297,-0.21722904236222523,0.019787751368239802,0.5684066197427458,1.0498625865341429,-0.003383849919053063
2025-12-12,0.00983779553608815,0.534760609117514,-0.1896724705331439,-1.339209221634327,2.0786053041933625,0.06590770813698969,4.173300707287366,0.6083810897320452,0.05113680070041439,-0.17238285127957367
2025-12-13,0.4153203195948243,0.263761807418618,0.2615543228773521,2.264030257446058,2.4157281441624066,0.064668516224026,4.498282871167106,0.8394197717427898,-0.5154178954286991,-0.38620935720985305
2025-12-14,0.8525935957853575,-0.13298441423730992,0.5304212359088041,3.387443620139181,2.434779788451282,-0.03349550113006385,3.2608363557615765,0.9803855499687897,-0.757559487436205,-0.38488952727552417
2025-12-15,1.2950088263061181,0.050702574258108944,0.341800220510506,1.9376527446276224,2.2552979897170555,-0.23094006766495925,2.0302415821473723,1.0031479634615894,-0.5182050616722463,-0.16776305604340805
2025-12-16,1.9395056945327989,0.2675733515152262,0.09876645175301632,-0.9235624659992061,1.7517976443062662,-0.6567156620861262,-2.03446613096871,1.0107513583510885,0.2756958556652887,0.005297315343270732
2025-12-17,1.940286770973572,0.24130790337721483,-0.27108969405708816,-2.212391943786719,1.5190846074632776,-0.864619423640732,-6.269528951203608,1.1371779334373469,0.8937268572771788,0.14800884157068736
2025-12-18,0.49005221569516066,-0.1010624324161928,-0.041410843428945535,-0.4127278092211344,1.9425873818964914,-0.5541593663239286,-3.8381646646952636,1.106000286872983,0.3267305015229394,0.04812107976213105
2025-12-19,-1.4774852187030714,-0.652119206294462,-0.2854778343687602,4.658753218777804,2.514391443714504,-0.0947258121567871,0.17582678975327312,0.9331342779936755,-0.5765314029519395,-0.001212518271392046
2025-12-20,-0.9069835732401883,-1.128280051761241,-0.575034475215045,8.73171304354787,2.703337951434678,0.03285829625345811,1.4934551470430544,0.6003735759716579,-0.9747045589695,-0.13367786118500913
2025-12-21,-0.07576522106579285,-1.7076364205010297,-0.32346293033870194,9.339013932015021,3.1054212229810716,-0.07969034540131026,0.7299208465477262,0.27355397850381125,-1.108854154902373,-0.13928903464929449
2025-12-22,0.5548550873422563,-2.2644311247902977,0.01864153274625589,8.05676069988957,3.8688097587699124,0.058618767252607985,-1.0416288962686202,-0.0393804023408061,-1.4939398027407258,-0.32376136872587824
2025-12-23,1.7239917444185493,-2.43060602984721,0.0966370471392862,4.945469342795015,4.621890375822799,1.1903975712248638,-4.365047616203448,-0.1249790217851662,-1.1621519575592785,-0.4174481910961822
2025-12-24,2.198571421712718,-2.499463535073694,0.22369119333716014,-0.21656059604661335,4.948155928107761,2.554654403065416,-9.38190789859377,0.12745912279831473,-0.7993898930616522,-0.4524128427733018
2025-12-25,1.5603621258820035,-2.661280163754125,0.6993562015161112,1.2365575943237568,5.009518780226798,4.0726510780786445,-11.30223062248709,0.4408639911386597,-1.2985822609504785,-0.37301337481767116
2025-12-26,0.9694508953838876,-2.710130478312253,0.8184154781335018,7.2137467774427675,4.5052030199862,5.108563670330283,-11.01340898808597,0.6454113062035468,-1.8314636224339507,-0.3049718673058662
2025-12-27,-0.4210215231145367,-2.635898150050183,0.5258388967810089,11.708212304380906,3.342119819269152,5.348397139980477,-10.50847523490244,0.5335251135616781,-1.8232874513561392,-0.07166675893562686
2025-12-28,-0.506682474333678,-2.4405215254097286,0.2747253558089918,11.603176829253126,1.8490592457272967,4.628568207841656,-8.440926177310322,0.6053896045422653,-1.3500767430521807,0.15185963348268747
2025-12-29,-1.1828302619141604,-2.335897404266293,0.17254421162104988,11.351298753247802,1.1493536025304556,4.804117140121934,-6.279819481421131,0.2974644235346926,-1.2573761759427737,0.652444988660459
2025-12-30,-1.773961491624828,-2.7192615229297807,-0.0668071956193691,12.4574915173554,0.9864533302758254,5.121472213313732,-6.400751876603729,0.32605655864753336,-1.1908029809844738,0.6667931918949658
2025-12-31,-2.191803103679377,-2.5931338037626768,-0.06942715852545489,9.563322488730686,1.075797837703379,5.9679158148862586,-3.873785355250283,0.37146125353669884,-0.832576765698256,0.8367383832486026
2026-01-01,-2.982253111536678,-2.1671454569668067,0.22858289748308436,9.019005635896079,1.2417056842884888,6.569339576997457,-0.2219852093543477,0.8352398248950589,-1.2058855276992004,1.062903244535237
2026-01-02,-2.729561411400612,-1.8350679367897265,0.5048310248825232,14.041910554485021,1.1205638718552882,6.289080480974105,1.481801830023675,1.1069415844688848,-1.5864188662477705,1.1726167566308705
2026-01-03,-1.9051215178706813,-1.5103966893969076,0.2935713638818588,15.893803345720059,0.6670028324727925,5.103689211043394,0.5450501898603849,1.242467879537061,-1.287276450622117,1.3091779040942253
2026-01-04,-0.6848010750021227,-0.9737304746666228,0.15130339862352646,14.306838388268705,0.0114850628737137,3.5135780556354335,0.13183645264316024,1.052082767214386,-0.7192041004005176,1.3937795816560807
2026-01-05,0.1774756751811121,-0.5447881817779183,0.06589605462396733,8.86792708562368,-0.4990900731954953,1.9078047278031214,0.357042720349698,0.9013967187360565,-0.03435082969161894,1.5877884683385388
2026-01-06,1.547974856449912,0.28987770021756337,-0.34423037677008367,4.516230414115292,-0.9263780733652802,1.3743938039674766,-2.338588275893025,0.7322420008835363,0.5431076242617302,2.024867366152144
2026-01-07,1.5707706311104428,0.5265058511114998,-0.35426433184307154,0.39430697065666354,-1.1429105083089832,1.0156280274019192,-3.9079382697744336,0.7470313840093585,1.0346595964748202,2.014121991357902
2026-01-08,0.8210714909374023,0.86076983119391,0.08750941046516753,2.1833170429715545,-0.777851803344684,1.101019387911379,-0.17106824082587138,0.6904943008765454,0.3890660521487741,1.85492729977026
2026-01-09,0.7103361142971228,0.7445341878340339,0.47585625660284253,8.973852905294583,-0.3605211000886305,1.2360041371181087,2.6538139091038913,0.929871706370718,-0.4778746077407615,1.461088548589946
2026-01-10,1.4322295606917428,0.3718705288024257,0.44340548357164006,16.164367227261394,-0.17235960400673006,0.8922033955773232,1.5063708975901198,0.9607881516596588,-0.8307724980763288,0.8691812939904
2026-01-11,2.3190572452282967,0.12660553559940912,0.48665294344308324,18.681704028365463,-0.23330616097687537,0.5202857336208595,-0.02939642489685534,1.2011064639015274,-0.6910810344737033,0.4044415739422067
2026-01-12,3.4863174897173694,0.1261790518395613,0.267488799627729,17.46631700908716,-0.5253003021803152,0.2234949878233683,0.19231947456430562,1.25024740011422,-0.23139472575314057,0.07014772605494547
2026-01-13,4.473087075075282,0.850640803654564,0.10110746149941466,11.517081673201638,-1.029209354149969,-0.25329706781741057,-1.272422521789492,1.3739766532562014,0.4846624782954249,0.04476635311592267
2026-01-14,4.143719102469789,1.684360730649479,-0.1328976362645892,3.0079956191639217,-1.2813009954842935,-0.6789070664133929,-2.2298216080681597,1.6822996040975609,1.1226023828390213,0.28587832751561765
2026-01-15,3.4894608779588134,2.091936507055034,0.34300169791149515,1.5432537226970893,-1.0960849253848275,-0.414460295066156,0.9776016804620863,1.5915359993226479,0.7092148383645078,0.2106216514383596
2026-01-16,3.3439194523048643,1.8333351376404663,0.4457255102555223,9.973178882245925,-0.465305859575539,0.1781211710709993,3.8568459626107074,1.4027681201211049,-0.47297814921047443,-0.008850702419330806
2026-01-17,3.933502784879666,1.2182573851168603,0.5926790122484811,15.851094279773811,-0.18501843498917114,0.3986816677990995,2.893807474523561,1.2369836157479464,-0.9076356776306966,-0.25589970000894835
2026-01-18,4.987430161597663,1.110557374692016,0.7744861552875953,19.401234116654297,0.05769219736990107,0.48126274832127375,1.2950363796117847,0.9757411660064056,-0.5958701869155116,-0.3589842797502823
2026-01-19,5.582109160585973,1.063732587233169,0.7522269741528131,18.597579055647856,0.007275392074298582,0.3052827092836123,0.7344146933815929,1.323445274904676,0.20204072690103592,-0.3357034982764056
2026-01-20,5.9790024216482145,0.9375417686065615,0.2993710366136748,14.086371876500905,-0.23645346062579214,-0.1689444187523042,-2.429285940037234,1.466561392118433,1.218605016648947,-0.07147245805942949
2026-01-21,4.54097392024093,0.9617873652990198,0.3416286564378625,5.4724294700968334,-0.27439697244662664,-0.5605452168028433,-3.1130630760878173,1.5997050060944658,1.7520403945300917,0.2766462899613444
2026-01-22,1.093793773162853,1.2487808216946168,0.6751213589365457,0.04408459609460132,-0.11954743711277903,-0.5634490611324042,0.2926692018963932,1.8659894665953787,1.2743342955559567,0.5843405638386311
2026-01-23,3.134729366019589,1.543366750379707,0.8754299288536785,2.890803946297046,-0.015271637400843903,-0.37172891570675104,2.0228768707700118,2.1655105902049425,0.46032106900398406,0.7151533256045783
2026-01-24,6.8354560466207674,1.5234683569583245,0.7267671976619817,6.290994896472275,0.08019137243423607,-0.004075129842189704,1.7361489806211614,2.2287766613443365,-0.45147444157122174,0.5571133731890364
2026-01-25,10.87633651128129,1.3780761305282279,0.6807557579836054,7.808636372663894,-0.12338443570086602,0.05010487679225527,2.037990858813401,2.1773209800438,-0.7859588689917228,0.6660950024317788
2026-01-26,13.62480209030309,1.7202116254757132,0.40490655972066697,7.272263177721329,-0.3163336989900549,-0.0522309298349604,2.6557453997008906,1.6743793795970607,-0.3127093149274378,0.9069793743138483
2026-01-27,15.780494726420763,2.0616587369871904,0.03648629207411129,5.41721592941899,-0.65025067252873,-0.4873976904494657,-0.3600282908434263,1.5004648310667545,0.6845696109534825,1.261716589606899
2026-01-28,13.64243419895311,1.995283857123292,-0.1726394323803459,2.2896533749702743,-0.7111872303669632,-0.6942535721550164,-3.226141769242676,0.9492632399129728,1.3609675732707573,1.505702692124139
2026-01-29,14.577408112451801,2.4848443323431733,0.41137840199947007,-1.1261862710648634,-0.13451437415182843,-0.2138518090193716,2.802694137464787,0.6265193058175623,1.1393814815013086,1.717544708558596
2026-01-30,15.530330206488742,3.3719799020378356,1.3604141096775575,-1.5570188061799566,0.2551362416381713,0.13393316291746138,5.870812471340042,0.9715477344451028,0.9061179391093399,1.7917423175001084
2026-01-31,19.198273136064387,3.8324143241180475,1.4601623207349024,-0.4905498615948994,0.40073179897556377,0.2619302000998433,5.542843649760107,1.173340454507933,0.8962104196164773,1.6111175017310222
2026-02-01,27.836554456252507,4.1097930420976425,1.7820488122863156,-0.5166154636886098,0.30024777153874604,0.22096778814625678,3.8292266615617554,1.7099396159183646,0.7329432915142624,1.0504944141968198
2026-02-02,32.909578431226265,4.4282141960712424,1.8969458703998943,-0.5507978065359465,0.003162023422693206,-0.10179647174144262,3.4997708511815597,2.08817413047899,1.1466922744043153,1.0025007794327838
2026-02-03,33.402415420613515,5.0030868850604255,1.941505364175227,-0.49887952896380294,-0.5107160352535592,-0.6861373795308885,-1.5497716833761255,2.0581297685783624,2.6459885956727462,1.0092558001820693
2026-02-04,22.28791029195835,5.192691957829531,1.7018532648019502,-0.586808167304069,-0.7884421315618172,-1.1245131019789316,-6.579222592657198,3.1561712672214504,3.6803112038700143,1.15795782211187
2026-02-05,19.16457153441316,5.068748118844409,1.7300495541909762,-0.5641227037109566,-0.5574561455778679,-0.8148441390097805,-3.9992222120174046,4.50222632106203,3.2448540518902136,1.1615122937927096
2026-02-06,53.92277715790634,4.915019118428364,1.2440979530891207,-0.022567435193917053,-0.3161824895103226,-0.41036518291414276,-0.47299738662440716,5.668427599318846,2.290448954930382,1.2811001056496834
2026-02-07,74.82873822033598,4.1993459123003944,0.6273273996157144,0.2990208114189161,-0.3272078810133928,-0.3762556850214567,0.41843259074539957,6.296400444150563,1.5022619072121612,1.1897314345343313
2026-02-08,84.55764292916689,2.9750536374348004,-0.5693242386620507,0.4948374247041986,-0.44596553051101295,-0.4358694289062283,1.4812397886146695,5.787270803137595,0.6032661275918597,0.8909547647650654
2026-02-09,86.09213767871789,1.891282398525327,-1.1591977113519596,0.4221044375172552,-0.6857247160834632,-0.6765335261644769,1.1247866979072945,5.144667471884221,-0.04419304905584595,0.6147323601031092
2026-02-10,71.48321673373981,1.5391105212776695,-1.4381831115909869,0.1772235781667542,-0.9269851468207921,-1.1723426019189378,-2.4962588023227856,4.263672582621905,0.4932817782442082,0.42440879791459524
2026-02-11,43.59773985872169,1.1002278143562887,-1.4523463578543647,-0.122513137396459,-0.9248542080006141,-1.3228139351490458,-5.695782717628772,3.133050982396291,1.2688934980489572,0.15835477510609708
2026-02-12,5.438396572931783,0.4212134240961577,-1.4482929366163824,-0.5758657224768745,-0.4391443631309085,-0.78087663082102,-1.6205314033870497,3.433443598936202,0.8791899419580067,-0.08519291668569057
2026-02-13,-12.418505989025164,0.6042074857321204,-1.2625865869349868,-0.790632987615241,0.2362365374922577,0.1470909952894725,2.442355800129163,4.232036736057148,-0.1400878645921346,-0.2373149625509465
2026-02-14,-0.5062158560202096,1.0919843388988426,-1.863642240973722,-0.5861124426523392,0.41149864191154467,0.5406630216638425,1.9396805130243107,4.656403340815676,-0.7416725483361142,-0.19789835471491077
2026-02-15,-0.7824622656220238,1.725272392652095,-2.156501281934642,-0.5321573258743901,0.29205071195231025,0.6910460782307075,3.0029486347011694,4.630990697073013,-1.046499733133438,-0.3459954872604892
2026-02-16,0.9439879387089316,1.9384788266553472,-2.4452553290336896,-0.4337515397120367,0.016822362114798543,0.5909152078843266,4.654042698089357,4.111387019966625,-1.6672254120629824,-0.39210439329835245
2026-02-17,2.03756686960502,1.978126493463206,-2.2514362478558128,-0.36793008858378956,-0.5642993989206857,0.05128363719418157,0.5150755337250663,4.145577110556532,-0.40170651129036533,-0.24435129506732725
2026-02-18,2.5786352261036822,1.7467779128501497,-1.9095194018876778,-0.30077420564433255,-0.8139677847218347,-0.38155727999800687,-2.0967673578439117,4.315084251027573,1.357936274604261,-0.19599817288630897
2026-02-19,2.03977961768546,0.6264266331844289,-1.1102168476556558,-0.24844063968460445,-0.5880216194942853,-0.16918447646656318,2.0466582769572756,4.924233799653946,1.7208899524785572,-0.059612772388420575
2026-02-20,2.271248869462909,-0.4078893344357802,-0.40804801344105057,-0.2576277252579962,-0.3096995069645996,0.23843358394058417,5.622487611245267,5.430872773714962,1.9447005788562446,0.18961458001589152
2026-02-21,1.6248722772482205,-0.8862679855539844,-0.31619649291510915,-0.25247433199483377,-0.01215825256168137,0.6463617161162192,4.3820006329829555,5.516995873037416,1.940017547717464,0.3227971862584758
2026-02-22,1.3014447821955886,-0.6683533790495829,-0.6462290515550679,-0.3025960964432811,-0.010370783604849804,0.645564256964862,2.871789592533931,4.640686728540161,1.9650945052652415,0.60394298121915
2026-02-23,1.1748209746588294,-0.3507102578810469,-0.902898803729634,-0.3727657662445042,-0.258299159885001,0.3757420102309192,1.5934134146245216,3.0724776247606735,1.6936030030267686,0.8857213693599729
2026-02-24,2.4298579416105017,0.2930057503943794,-0.9979905978427437,-0.3537355176868692,-0.5712897839207348,-0.08477075454798699,-2.0989332974543125,1.6540107413552967,1.3561688009181962,1.1159372273566237
2026-02-25,2.2175020637670033,0.717770906316921,-0.848176085835694,-0.3191013966664876,-0.7759907116629472,-0.44175065155443594,-6.463235839892514,0.5657564370612574,1.8275473280931331,1.5427413061530784
2026-02-26,1.0523297303213468,0.14317613937324253,-0.47098196484528543,-0.36077047982838684,-0.3611069809888477,-0.14421702636465433,-1.6494911611430383,-0.11051524315807747,1.06351168027149,1.7445456602903742
2026-02-27,0.11750930770444129,-0.4556011896716557,0.136289234965397,-0.30789816439148227,0.04641110490221319,0.5000909228727093,2.56319979672329,0.6633436066161882,0.13416672511330036,2.41132772472493
2026-02-28,0.032205823105531765,-0.9907333520770143,0.4820909891111002,-0.22207114186533897,0.23127952697193319,1.0338045539396645,3.7221909225892564,1.6621961595171284,0.20789698801749187,3.548206222666721
2026-03-01,0.510783881959947,1.552014066995265,0.31339872598175006,-0.8664860458518846,0.1884502081579896,1.326065814746041,4.927612224787007,2.514995163443929,0.3757033789450525,4.617036051301576
2026-03-02,1.9448901354365609,4.088819788167273,-0.16045069635430004,0.22177575139579986,-0.004909956105023816,1.247787905473201,5.614531645112433,2.796868487116981,0.9943103825900336,5.755223008085834
2026-03-03,2.822128822100555,5.977703287526041,-0.3572656506790603,1.4606637458137426,-0.3891030123042723,0.7749657858022052,2.2648757494488687,2.7771160974858744,1.9865328575982102,6.656117139116703
2026-03-04,2.8857367833227006,6.801426735000019,-0.037452258416656545,2.498439152298421,-0.5028562667359133,0.4219089532773676,-0.3884079993412095,3.2578399939640876,2.2464615582073666,7.949603174679374
2026-03-05,2.8993902021178966,6.029576729118234,0.9085155633711665,2.8448228681197727,-0.09705402092522264,0.7211132289688502,6.273916009037205,3.810987038301744,2.4905929763147485,10.074905497404822
2026-03-06,3.080258560348457,3.9848160772184746,1.645452349920791,2.9191007050010143,0.4071423411309727,1.1673630041771035,12.351508531770405,4.45454158153805,2.366160743478395,12.52906546118789
2026-03-07,3.488962052388207,1.4421875711830638,1.5868458623595365,2.7509900662556723,0.5843097233675878,1.4147304690099576,12.883358247522887,5.386801859531789,2.6505755080711544,16.906496583374864
2026-03-08,3.685497350777361,-0.6853988489671389,2.0194008022672167,2.156360591760243,0.5490496912712209,1.4722805895546718,11.586091486065412,6.101213417086131,2.743291606034438,20.987641112928635
2026-03-09,4.197467433049453,0.32796683008523086,1.5378393294180432,0.9303055458102786,0.22955132406217452,1.1936252251117112,10.44406720058534,8.099011667872599,2.500223149528499,24.983482342016988
2026-03-10,4.396733445479512,0.34860033279218877,0.6806446235366184,1.3904334395231521,-0.28997557451422173,0.5153891030249161,7.5377177681620795,8.939984020862074,2.5188336853708857,25.20523617698292
2026-03-11,3.738267838437036,-0.2234689423205425,0.25858990418324745,1.4092416715888783,-0.5431985782757939,0.013507264060951643,6.923463314303658,9.134655934663924,1.8428947827347826,24.244494675042926
2026-03-12,0.7154072008526904,-0.6322754723310804,0.27089402278854036,1.1920242941223862,-0.1624130144625156,0.2219875699465031,15.261857491752298,13.863924963097958,-0.10006908523576263,24.330621603147094
2026-03-13,-0.10933217013172274,-0.931001395401058,0.560668591779115,0.6081771505422896,0.27205869094095736,0.9987830162613849,34.55469417136425,22.864434523092726,-0.6037716024301863,23.06894547908651
2026-03-14,-0.9492869585827246,-0.8141532058172644,0.38198723973253146,0.3834931171040279,0.41273614266978637,1.3745545527575949,45.13298557460073,27.50222979278843,-0.6837755817766691,20.149674834852878
2026-03-15,-0.9302124779458445,-0.22569506303670855,-0.10251786276332793,0.2869298904411687,0.4164667374366697,1.2433087163033931,45.42667473387428,28.99865873295765,-0.540600389891787,18.063113391562933
2026-03-16,-0.5216656042156115,0.4986948269686025,0.15439669379570203,0.22948133718118183,0.23564975611044778,1.286577683976412,46.66223458793161,26.013783677819728,-0.10016664174402039,14.866076869758423
2026-03-17,0.4544931067204775,1.3200696171532071,-0.2544638547154802,0.17034811780064799,-0.13552474302253745,0.9983565173456247,54.12439912362418,20.81325046639093,0.9137892931160875,12.237049631162598
2026-03-18,1.1962961956718325,1.4376958794460217,-0.5051478108780728,0.19051713468150128,-0.348366013272565,0.9813926860976375,65.74935091163562,12.271958968697044,1.6458575843361158,7.76984729429881
2026-03-19,0.5037259869545211,0.8774861343259045,-0.0961163841527298,0.1835984790036005,0.12753943015746044,1.6896421456530242,90.00855302634996,3.8679377198623537,0.8767616837004143,5.1565775858335545
2026-03-20,-0.37966464483442436,0.7077834820743862,0.10933791967091437,0.1098564352977724,0.5881179419310354,2.3508674448702984,118.79850327284436,0.9966216387955414,0.14253032636037963,5.046904850547442
2026-03-21,-0.9422034937977318,-0.059154644742053085,0.027560575047021574,-0.08648238299664977,0.6717928700273221,2.671796759402122,133.2305011708582,1.7571312132341044,-0.19159464690383096,4.1061004401694925
2026-03-22,-1.1621288359579462,-0.5716068768630106,0.009937965722642014,-0.04916861991101072,0.5694242051360968,2.4599597516399467,119.84308689646349,0.7220420641389197,-0.3702619104321259,2.9675304523926793
2026-03-23,-0.2644981080612114,-0.5269800840664093,0.03098386766905063,0.014392778542848738,0.2911399570881632,1.6677350195782599,82.19734327049837,0.7694581490649924,-0.2749174376790226,2.5639331803991507
2026-03-24,0.8068673947414234,-0.5388679708794087,-0.4560640300723156,0.1816671146605728,-0.22511855713544296,0.8606391154181917,50.14835640019601,0.0816227142118605,0.643345681815385,2.2513983205032932
2026-03-25,1.4461859433574706,-0.4824029670027079,-0.2550507922059106,0.29277144326416565,-0.5011717707941781,0.14954130200161925,32.72470416414149,-0.1852346719897947,1.2892707205948708,2.1026520761328773
2026-03-26,0.4790728834387258,-0.49860899352285865,0.11379057820717704,0.6076936294524181,-0.12282487284376258,0.4544980951201755,53.44006845131561,0.30233682458793537,0.6932287303043148,2.771641316534959
2026-03-27,-0.4169307033699372,-0.6450449277627696,0.5925118329483133,0.829675445283636,0.42221372840767796,1.0348149889089187,82.51938560043337,0.8273774725659786,-0.052116818812360445,3.407724433069619
2026-03-28,-0.5538280309543893,-0.7780808254550071,0.9801159625770541,0.838574488587287,0.6661092031306367,1.2977424465620369,107.11124797421067,1.1623654907280392,0.01862572570867606,3.952175615909671
2026-03-29,-1.1967591593202789,-0.9441223891997276,1.111308916338196,0.6149652668825872,0.7251914235453094,1.2753842576799355,107.2959594106252,1.2549846244483296,0.1789949242052825,3.9818304513491793
2026-03-30,-0.41151516515560815,-0.8504566994047117,0.9971611762121503,0.435442388900379,0.6389704397007336,1.0763596532223956,84.1874126817898,1.0331830354511948,0.7555972733468914,3.775971509693038
2026-03-31,0.389908969855196,-0.8673092263522534,0.4865104420713684,0.19783867869563754,0.3003818561334759,0.5877991257141788,40.15814872358801,0.8136774438870842,1.3740557444879915,3.244534866933135
2026-04-01,0.6343967058269948,-1.0216885834517697,-0.5269192379913881,0.05144139144364636,0.044409352897990785,0.04578353943114433,12.672393782143933,0.5334759055932342,1.6480031585916692,2.3874478269465733
2026-04-02,-0.6175939274781094,-1.4367616671643206,0.09571335570962983,-0.07529313095189041,0.6046094022246611,0.10114172282185792,30.81391069743222,0.6175387763074514,0.5202849508538346,4.964893629911862
2026-04-03,-1.5921237177378704,-1.7658304380362781,1.171388571209728,-0.015342473085602088,1.386424924119761,0.5219320387673013,67.31566131591202,1.0462885562866953,-0.652444634269928,7.916077236961059
2026-04-04,-1.0455738878457648,-2.1721242595947037,1.4345636498458554,0.020176276217502537,1.6505730372704408,0.6754235120074403,90.03306426410272,0.9900708965777425,-1.218747779584402,9.505102379904814
2026-04-05,-0.5299121104503058,-1.3203891600002777,1.7931604639047893,0.037453050115019475,1.6345780931619147,0.6177878818720762,96.29169549924414,1.0760176164759345,-0.9688372874877855,9.473585134729259
2026-04-06,-0.08697567306832943,0.0024843480562418,1.405277937200526,-0.01945445346958998,1.3613875150995398,0.36736554405687255,82.98656911155089,1.2875159985634939,-0.23640068478151707,9.58841203124855
2026-04-07,1.6096423618140747,1.1745469756968416,0.8155295196836596,-0.09272407001017949,0.804229954436147,-0.12216665984564631,52.73003839055882,0.9738406851814692,1.1674946636301253,9.031406187179464
2026-04-08,2.1330348558601826,1.2142091086264744,0.5567367834528192,-0.15438947537038258,0.45815630524892165,-0.37181671837513347,13.66673975324078,0.8561272387186023,1.7311881213522669,7.478351200527107
2026-04-09,1.1828920135447316,1.3570337323393624,0.7621696646691187,-0.18932591358564466,0.7393639955979086,-0.14047832993672293,-7.805998243510474,0.9678431361746908,1.0514487807921675,9.055978773534285
2026-04-10,0.2495647360672037,1.3018321641928283,1.4057526230993658,-0.24832346333219849,1.2411797009265606,0.14880811257524046,-1.185543948495249,1.183561816865755,0.13175526747205202,12.558387581817863
2026-04-11,0.6370945204412494,0.9850981407936785,1.3465001670333598,-0.2659547622933449,1.4152791780811924,0.24502012768260925,-3.709115013718407,1.1638257435863926,-0.23402814002119157,13.263311368248232
2026-04-12,2.23058826027142,0.7522298784663789,1.075088973503621,-0.2226939134231745,1.2815081336501062,0.04254743907710533,-0.23543405099463535,1.0358215881576864,-0.35467925452343463,11.865528570340075
2026-04-13,3.295797129229843,1.26081923179375,1.4097535669295036,-0.14762386249950799,1.0251185870774706,-0.17885441225822532,-0.28273590634985984,0.9354443287085205,0.039919606658048265,8.561216274971807
2026-04-14,4.574275901302428,1.9380533588057833,0.36220035456540106,-0.13799831802418153,0.5727471453833745,-0.413720243239167,-0.33608318461892167,1.0183046454865936,1.4054194765858157,5.7795253847780295
2026-04-15,5.513232811516806,1.9374037691296397,0.4513947352579324,-0.08598208195943019,0.39041131104469395,-0.4430766041458556,-0.3218988819697339,0.8205373898523933,2.365436874018935,2.56984784420469
2026-04-16,4.134458320874502,0.7337130199934443,2.6167976295235236,0.041807238207292576,0.855463568597263,0.09636764317559257,-0.29198233997426615,1.0287840577265954,1.8105432740883984,-0.020848495480279883
2026-04-17,1.9193267153947857,-0.1295979174217036,4.362347688839485,0.09663787055316286,1.3710283703220367,0.6440773912935709,-0.5782975892004666,1.3868069016000943,1.00901502990334,0.7358171528708101
2026-04-18,0.4871093159328257,-1.0242929406796355,4.906496857805187,0.07065124904050124,1.3485856087656973,0.7254592186347717,-0.721842176822234,1.575524920239623,0.6638465932616213,0.4494833520179043
2026-04-19,-0.4505007398396949,-0.29181049931629593,5.275667796451241,0.07038757317817154,1.1594228767194594,0.48401982392319776,-0.8372024254061624,1.3789765240583864,0.47798379288841947,0.118530348674356
2026-04-20,-0.26439345661325225,0.5566561307083825,4.941346037890357,-0.12192097104943833,0.745828923157086,0.030739613746853807,-1.0009217435890112,1.3217570084085308,0.516591788352249,-0.030418162306016187
2026-04-21,0.7928389856944078,1.2025119584037296,3.6956592185008206,0.18955238593004714,0.10415249615145705,-0.5241135805234037,-1.271747187712387,0.8065296953326206,0.9295500872905909,-0.34048194074834187
2026-04-22,1.9957550741160404,1.7303797345389658,2.116807290988462,1.2073046990984988,-0.3767058945953371,-0.89106110244793,-1.6323285576348374,0.3130522838449935,1.565079029821084,-1.0857599981322865
2026-04-23,1.7423941711594058,1.4763599619215622,3.399225051073298,2.2037294758456354,-0.05579975706590634,-0.62576968674638,-1.6560702853068883,-0.12398739768647142,0.8227423124004059,-0.26332008848582994
2026-04-24,0.826608130313436,0.6167779340079564,5.7445001845195565,2.8078149944098993,0.4131155509118155,-0.20366543883787677,-1.463348219657318,0.2664129057843709,-0.16708892578724532,0.7822427113517278
2026-04-25,0.34069420589978816,-0.6649404056721285,6.496736505289886,2.923468269500028,0.4979210034288639,-0.060544907008677,-1.280715216818123,0.5008737154836963,-0.6283926123870022,1.7683109027032045
2026-04-26,-0.005454882284368057,-1.569396700442152,6.581444558954082,2.514317972175096,0.3224626306341767,-0.007741261044204586,-1.0472387639584946,0.6485861366659886,-0.7291583127855749,2.3523359977983795
2026-04-27,-0.25878815060534727,-0.7789795301141872,6.465195776189279,1.6680371337359439,0.08845964483332687,-0.14095964433803992,-1.0602014901178238,0.7764256040529111,-0.36298253666442637,2.402708901830783
2026-04-28,0.25535933913034475,-0.3463112543644364,5.0884197630440235,0.5011220401290244,-0.39928969333711006,-0.4888625755694477,-1.2279690143933648,0.702860365116279,0.530347285141354,2.074140704993201
2026-04-29,0.94204844665284,-0.20441670869335768,3.8676967169680743,-0.03426901960572936,-0.8226176890609859,-0.7124934932386969,-1.5961294214841528,0.29397669356662137,1.1076805184925527,0.9833517226496009
2026-04-30,0.1449592840850632,-0.9752467910001364,5.219826563685503,0.08313040208627426,-0.6119066841236473,-0.34131889323912146,-2.1069547714409493,-0.043419331116296415,0.4414757688721343,-0.33504405560599676
2026-05-01,-0.8237522452084629,-0.5177032963879713,7.200689023537125,0.10014138754144127,-0.1204349800348132,0.27977146063313213,-2.29573071945251,-0.05518474596816311,-0.5171441006942148,-0.10992036211611568
2026-05-02,-1.2750716056524323,-0.02224382185208546,7.415563696300952,0.03580665321051471,0.021055034481651788,0.5832324781776832,-2.356217701815179,0.44351670279105215,-0.9346049324373671,-0.08060070949724651
2026-05-03,-1.423280549950611,1.874458498098525,6.783122160680951,0.0034981538441191287,-0.007009195538941953,0.6637429428923262,-2.118863392313257,0.8044226997094045,-1.0489889929990182,0.055659207774345416
2026-05-04,-0.5537267387429816,3.9548232209551326,5.124063958794525,-0.03461486137499215,-0.22206411000133047,0.5302414020110884,-1.7784324683460957,1.1406640152391225,-0.69842403003335,0.10249605097089907
2026-05-05,0.6428210927936353,5.55944316417102,2.4163689737424225,-0.02401707255915227,-0.5377420396417787,0.018576319565986484,-1.414226322940464,1.1150874503617123,0.3554926119617557,-0.006133345950180843
2026-05-06,1.418337087225531,5.971968655229496,-0.3900346079624678,-0.040192313847130214,-0.624796652375805,-0.45213635597604285,-1.2547853069820705,0.7323987623822908,1.0499797529709138,-0.10045372201581076
2026-05-07,0.6221604540509138,5.225348493781686,-0.5715603980344997,-0.023211780342398992,-0.16505962407835303,-0.2303776743162743,-0.8308162376387795,0.6256573001773382,0.5883688399827383,-0.27410464464880263
2026-05-08,-0.29854705846447416,3.3750401024037684,0.23939847555526267,0.014628738198339639,0.35023490193330103,0.16185330741157064,-0.49366889132914143,0.4725330982465956,-0.11571496643984858,-0.11555009671853143
2026-05-09,-0.5118160994473645,2.235467460031874,0.9286859347396448,0.05374833314789639,0.40099408583306007,0.33592652052949024,-0.37151352479530453,0.4472226639360535,-0.5008181176481389,0.16128868185624742
2026-05-10,-0.7472185731034672,1.2254214299405857,0.8382715224396138,0.04923119498219566,0.20370643687283893,0.279712789900417,-0.5917534381448332,0.44818645083559,-0.6155871465407902,0.5881861102786675
2026-05-11,-0.0008781126717345864,1.4804421894926767,1.139100700151625,0.08830254764133227,-0.061503768825006584,0.11855276020228094,-0.7677254474700748,0.6655188486076363,-0.1924989225061203,0.8543193419454013
2026-05-12,1.7566763837174992,1.5273084531828995,0.642239768458026,0.49090201407443496,-0.47189489739728796,-0.2316869316870179,-0.9690038772571192,0.6951782175633692,0.8036936177756812,0.9801124883864486
2026-05-13,2.632345330036597,1.0109320709591156,-0.2657163119076084,0.7619098341264396,-0.4880320769551953,-0.4540377725576187,-1.0755365104756183,0.42939121723723594,1.4355674312446873,0.8245951035390129
2026-05-14,2.041797312733024,0.32235286989435635,-0.8200431532863265,0.9156857775836715,0.1917448620731636,0.0020386757510859554,-1.0235180133174646,0.6619892077056172,0.7721183933391352,0.5034088914934322
2026-05-15,0.8508391226031005,-0.600404816905104,-0.43166223592199116,0.8889733005372885,0.8947062531558289,0.5581212391376015,-0.7065261163316375,0.9162039557154275,-0.06186606676605362,0.181528921996861
2026-05-16,0.19655810708403212,-1.683833514455652,-0.955694406895387,0.7140898424421669,1.1401102864096524,0.7551148741354446,-0.49774352409065337,0.959089934910876,-0.48942627622883544,-0.16488235078055388
2026-05-17,-0.16525783263703953,-0.20969503541121495,-1.182763656664879,0.4583043154099889,1.0011501463503951,0.7338004385462316,-0.4291075027914035,0.9674751833461301,-0.6107174375098713,-0.09418234215873432
2026-05-18,-0.510847075484158,1.3711290520913182,-1.4816396070915048,0.1281642660027932,0.610552368491581,0.48233903252194044,-0.5463224659562482,0.9680670689867623,-0.40917581902893746,-0.027063954618285976
2026-05-19,0.16243006924407544,2.2771846365010995,-1.507235665371757,-0.10129827387275657,0.0911762863021922,0.039639635054609115,-0.7542513856131922,0.8507332106735205,0.42373135843184134,-0.053205452815058535
2026-05-20,0.670482877985531,2.7026640047212873,-1.4341335274064435,0.031005325099999415,-0.3411934425612944,-0.19849517121273702,-0.7786739986671799,0.5227235292235579,1.1490631141356984,0.006895458180554751
2026-05-21,-0.08402955537175154,2.063457940239203,-0.8257955985659388,0.037474584234448986,-0.22798590007120426,-0.003325913773188771,-0.6033461936631204,0.428069305096338,0.7581000601824017,0.1420769730861554
2026-05-22,-0.18974960175266598,0.7480553230634518,-0.04248512586439608,0.06113424232873215,0.539714831383488,0.7032354729876309,0.1033805844288602,0.9212353496526677,-0.47826383226251623,0.11378597885014333
2026-05-23,-0.0851789283016475,-1.1579318662175886,0.17200342512952524,-0.01239019238438021,0.9440965790828331,1.0263001372587615,0.5776784872653054,1.7291252122736027,-1.063371501186014,0.08172306011505291
2026-05-24,-0.08714424497901486,-2.2051039275433735,0.9755574901365881,-0.0724546283033577,1.042423775213838,1.036414499744071,0.773972107334293,2.6051593919598406,-1.3722325977378247,-0.014380881317675287
2026-05-25,-0.042108557488116455,-1.1343831521738996,0.43539844492154467,-0.13880823759529193,0.82438280241354,0.8270354578694352,0.5766516863220291,3.3373570572418387,-1.1298402694302976,0.19945605326584756
2026-05-26,-0.039992922722141465,-0.7939133936390066,0.15049534247118293,-0.17144456699940627,0.2535232068445755,0.3258662476087715,0.28455890997244976,3.811254699226321,-0.24998117453895416,0.1253828410451547
2026-05-27,-0.08696243965154558,-0.9828477606114786,-1.2906073375325742,-0.23499519601944835,-0.2266764240832331,-0.08135046370477954,0.14362835845625857,3.646360016606999,0.48901778548979946,0.27972795238038234
2026-05-28,-0.4098514176099399,-0.5651215814625941,-1.179891273609547,-0.23820597959631656,-0.2116614410152796,-0.011763536772820654,0.5839695951742169,4.3660962292920305,0.3945196702792177,0.4514111823415178
2026-05-29,-0.9338936839102315,0.021479470002295158,-0.7898468924797295,-0.21411345496117723,0.027503110721080817,0.28500385030121694,1.3069593714481058,5.259285318979754,-0.04969494715523286,0.6969366509650703
2026-05-30,-1.6606881214789275,0.7594200005631748,-0.02054104321187993,-0.1606929405333714,0.449770665596934,0.8173149486944207,2.3210078153334965,6.334988520802884,-0.835621400650552,1.0228321559804527
2026-05-31,-2.562370215116345,1.654824647642759,1.102192827161919,-0.08034012720087877,1.0993808302890435,1.582730556452705,3.642896422955715,7.616266868407966,-1.9898044337803424,1.423270293149477
