end_period_ts,open_interest,price.close,price.high,price.low,price.mean,price.open,price.previous,volume,yes_ask.close,yes_ask.high,yes_ask.low,yes_ask.open,yes_bid.close,yes_bid.high,yes_bid.low,yes_bid.open,market_ticker,market_title,event_ticker,series_ticker,no_sub_title,rules_primary,rules_secondary,yes_sub_title,market_status,market_result,market_open_time,market_end_time,period_interval,period_label
1755144000,0.00,,,,,,,0.00,0.1000,1.0000,0.1000,1.0000,0.0300,0.0600,0.0000,0.0200,KXELECTIONMOVZOHRAN-25-ZMAM-B10.5,Margin of victory for Zohran Mamdani in the Mayoral Election?,KXELECTIONMOVZOHRAN-25,,9-11.99%,"If the popular vote margin of victory is 9-11.99%  for Zohran Mamdani in the 2025 NYC Mayoral Election, then the market resolves to Yes.","The margin of victory is calculated by taking the voting percentage received by Zohran Mamdani minus the percentage of the person finishing immediately behind him, or immediately ahead if he loses. Only certified results are used for resolution. If the election is cancelled, postponed beyond expiration, or no certified results are available, all markets resolve to No. Recounts that change the certified margin before expiration use the most recent certified results.


 Clarification (11/17/25):  If no rounding rules are otherwise specified, then the raw calculated margin of victory percentage will be rounded to the furthest decimal point necessary to align with listed strikes (e.g. if strikes are 6 - 8.99%, to two decimal places). In this case, the margin of victory will be rounded to two decimal points. For example, if the final margin of victory is 8.99501, this would be rounded to 9.00%.  Each candidate's vote share is calculated by dividing their total votes by the total number of ballots cast according to the certified results. A candidate's total includes all votes received across any ballot line they appear on, plus write-ins.",9-11.99%,finalized,yes,2025-08-13 14:00:00+00:00,2025-12-03 01:44:48.719034+00:00,1440,daily
1755230400,0.00,,,,,,,0.00,0.1000,0.1300,0.1000,0.1000,0.0300,0.0300,0.0000,0.0300,KXELECTIONMOVZOHRAN-25-ZMAM-B10.5,Margin of victory for Zohran Mamdani in the Mayoral Election?,KXELECTIONMOVZOHRAN-25,,9-11.99%,"If the popular vote margin of victory is 9-11.99%  for Zohran Mamdani in the 2025 NYC Mayoral Election, then the market resolves to Yes.","The margin of victory is calculated by taking the voting percentage received by Zohran Mamdani minus the percentage of the person finishing immediately behind him, or immediately ahead if he loses. Only certified results are used for resolution. If the election is cancelled, postponed beyond expiration, or no certified results are available, all markets resolve to No. Recounts that change the certified margin before expiration use the most recent certified results.


 Clarification (11/17/25):  If no rounding rules are otherwise specified, then the raw calculated margin of victory percentage will be rounded to the furthest decimal point necessary to align with listed strikes (e.g. if strikes are 6 - 8.99%, to two decimal places). In this case, the margin of victory will be rounded to two decimal points. For example, if the final margin of victory is 8.99501, this would be rounded to 9.00%.  Each candidate's vote share is calculated by dividing their total votes by the total number of ballots cast according to the certified results. A candidate's total includes all votes received across any ballot line they appear on, plus write-ins.",9-11.99%,finalized,yes,2025-08-13 14:00:00+00:00,2025-12-03 01:44:48.719034+00:00,1440,daily
1755316800,0.00,,,,,,,0.00,0.1000,0.1300,0.1000,0.1000,0.0300,0.0300,0.0000,0.0300,KXELECTIONMOVZOHRAN-25-ZMAM-B10.5,Margin of victory for Zohran Mamdani in the Mayoral Election?,KXELECTIONMOVZOHRAN-25,,9-11.99%,"If the popular vote margin of victory is 9-11.99%  for Zohran Mamdani in the 2025 NYC Mayoral Election, then the market resolves to Yes.","The margin of victory is calculated by taking the voting percentage received by Zohran Mamdani minus the percentage of the person finishing immediately behind him, or immediately ahead if he loses. Only certified results are used for resolution. If the election is cancelled, postponed beyond expiration, or no certified results are available, all markets resolve to No. Recounts that change the certified margin before expiration use the most recent certified results.


 Clarification (11/17/25):  If no rounding rules are otherwise specified, then the raw calculated margin of victory percentage will be rounded to the furthest decimal point necessary to align with listed strikes (e.g. if strikes are 6 - 8.99%, to two decimal places). In this case, the margin of victory will be rounded to two decimal points. For example, if the final margin of victory is 8.99501, this would be rounded to 9.00%.  Each candidate's vote share is calculated by dividing their total votes by the total number of ballots cast according to the certified results. A candidate's total includes all votes received across any ballot line they appear on, plus write-ins.",9-11.99%,finalized,yes,2025-08-13 14:00:00+00:00,2025-12-03 01:44:48.719034+00:00,1440,daily
1755403200,0.00,,,,,,,0.00,0.1000,0.1000,0.0900,0.1000,0.0300,0.0300,0.0300,0.0300,KXELECTIONMOVZOHRAN-25-ZMAM-B10.5,Margin of victory for Zohran Mamdani in the Mayoral Election?,KXELECTIONMOVZOHRAN-25,,9-11.99%,"If the popular vote margin of victory is 9-11.99%  for Zohran Mamdani in the 2025 NYC Mayoral Election, then the market resolves to Yes.","The margin of victory is calculated by taking the voting percentage received by Zohran Mamdani minus the percentage of the person finishing immediately behind him, or immediately ahead if he loses. Only certified results are used for resolution. If the election is cancelled, postponed beyond expiration, or no certified results are available, all markets resolve to No. Recounts that change the certified margin before expiration use the most recent certified results.


 Clarification (11/17/25):  If no rounding rules are otherwise specified, then the raw calculated margin of victory percentage will be rounded to the furthest decimal point necessary to align with listed strikes (e.g. if strikes are 6 - 8.99%, to two decimal places). In this case, the margin of victory will be rounded to two decimal points. For example, if the final margin of victory is 8.99501, this would be rounded to 9.00%.  Each candidate's vote share is calculated by dividing their total votes by the total number of ballots cast according to the certified results. A candidate's total includes all votes received across any ballot line they appear on, plus write-ins.",9-11.99%,finalized,yes,2025-08-13 14:00:00+00:00,2025-12-03 01:44:48.719034+00:00,1440,daily
1755489600,0.00,,,,,,,0.00,0.1000,0.1000,0.1000,0.1000,0.0300,0.0300,0.0300,0.0300,KXELECTIONMOVZOHRAN-25-ZMAM-B10.5,Margin of victory for Zohran Mamdani in the Mayoral Election?,KXELECTIONMOVZOHRAN-25,,9-11.99%,"If the popular vote margin of victory is 9-11.99%  for Zohran Mamdani in the 2025 NYC Mayoral Election, then the market resolves to Yes.","The margin of victory is calculated by taking the voting percentage received by Zohran Mamdani minus the percentage of the person finishing immediately behind him, or immediately ahead if he loses. Only certified results are used for resolution. If the election is cancelled, postponed beyond expiration, or no certified results are available, all markets resolve to No. Recounts that change the certified margin before expiration use the most recent certified results.


 Clarification (11/17/25):  If no rounding rules are otherwise specified, then the raw calculated margin of victory percentage will be rounded to the furthest decimal point necessary to align with listed strikes (e.g. if strikes are 6 - 8.99%, to two decimal places). In this case, the margin of victory will be rounded to two decimal points. For example, if the final margin of victory is 8.99501, this would be rounded to 9.00%.  Each candidate's vote share is calculated by dividing their total votes by the total number of ballots cast according to the certified results. A candidate's total includes all votes received across any ballot line they appear on, plus write-ins.",9-11.99%,finalized,yes,2025-08-13 14:00:00+00:00,2025-12-03 01:44:48.719034+00:00,1440,daily
1755576000,0.00,,,,,,,0.00,0.0800,0.1000,0.0800,0.1000,0.0300,0.0300,0.0000,0.0300,KXELECTIONMOVZOHRAN-25-ZMAM-B10.5,Margin of victory for Zohran Mamdani in the Mayoral Election?,KXELECTIONMOVZOHRAN-25,,9-11.99%,"If the popular vote margin of victory is 9-11.99%  for Zohran Mamdani in the 2025 NYC Mayoral Election, then the market resolves to Yes.","The margin of victory is calculated by taking the voting percentage received by Zohran Mamdani minus the percentage of the person finishing immediately behind him, or immediately ahead if he loses. Only certified results are used for resolution. If the election is cancelled, postponed beyond expiration, or no certified results are available, all markets resolve to No. Recounts that change the certified margin before expiration use the most recent certified results.


 Clarification (11/17/25):  If no rounding rules are otherwise specified, then the raw calculated margin of victory percentage will be rounded to the furthest decimal point necessary to align with listed strikes (e.g. if strikes are 6 - 8.99%, to two decimal places). In this case, the margin of victory will be rounded to two decimal points. For example, if the final margin of victory is 8.99501, this would be rounded to 9.00%.  Each candidate's vote share is calculated by dividing their total votes by the total number of ballots cast according to the certified results. A candidate's total includes all votes received across any ballot line they appear on, plus write-ins.",9-11.99%,finalized,yes,2025-08-13 14:00:00+00:00,2025-12-03 01:44:48.719034+00:00,1440,daily
1755662400,1.00,0.0800,0.0800,0.0800,0.0800,0.0800,,1.00,0.0800,0.0800,0.0800,0.0800,0.0300,0.0300,0.0300,0.0300,KXELECTIONMOVZOHRAN-25-ZMAM-B10.5,Margin of victory for Zohran Mamdani in the Mayoral Election?,KXELECTIONMOVZOHRAN-25,,9-11.99%,"If the popular vote margin of victory is 9-11.99%  for Zohran Mamdani in the 2025 NYC Mayoral Election, then the market resolves to Yes.","The margin of victory is calculated by taking the voting percentage received by Zohran Mamdani minus the percentage of the person finishing immediately behind him, or immediately ahead if he loses. Only certified results are used for resolution. If the election is cancelled, postponed beyond expiration, or no certified results are available, all markets resolve to No. Recounts that change the certified margin before expiration use the most recent certified results.


 Clarification (11/17/25):  If no rounding rules are otherwise specified, then the raw calculated margin of victory percentage will be rounded to the furthest decimal point necessary to align with listed strikes (e.g. if strikes are 6 - 8.99%, to two decimal places). In this case, the margin of victory will be rounded to two decimal points. For example, if the final margin of victory is 8.99501, this would be rounded to 9.00%.  Each candidate's vote share is calculated by dividing their total votes by the total number of ballots cast according to the certified results. A candidate's total includes all votes received across any ballot line they appear on, plus write-ins.",9-11.99%,finalized,yes,2025-08-13 14:00:00+00:00,2025-12-03 01:44:48.719034+00:00,1440,daily
1755748800,5.00,0.0800,0.0800,0.0800,0.0800,0.0800,0.0800,4.00,0.0800,0.0800,0.0800,0.0800,0.0300,0.0300,0.0300,0.0300,KXELECTIONMOVZOHRAN-25-ZMAM-B10.5,Margin of victory for Zohran Mamdani in the Mayoral Election?,KXELECTIONMOVZOHRAN-25,,9-11.99%,"If the popular vote margin of victory is 9-11.99%  for Zohran Mamdani in the 2025 NYC Mayoral Election, then the market resolves to Yes.","The margin of victory is calculated by taking the voting percentage received by Zohran Mamdani minus the percentage of the person finishing immediately behind him, or immediately ahead if he loses. Only certified results are used for resolution. If the election is cancelled, postponed beyond expiration, or no certified results are available, all markets resolve to No. Recounts that change the certified margin before expiration use the most recent certified results.


 Clarification (11/17/25):  If no rounding rules are otherwise specified, then the raw calculated margin of victory percentage will be rounded to the furthest decimal point necessary to align with listed strikes (e.g. if strikes are 6 - 8.99%, to two decimal places). In this case, the margin of victory will be rounded to two decimal points. For example, if the final margin of victory is 8.99501, this would be rounded to 9.00%.  Each candidate's vote share is calculated by dividing their total votes by the total number of ballots cast according to the certified results. A candidate's total includes all votes received across any ballot line they appear on, plus write-ins.",9-11.99%,finalized,yes,2025-08-13 14:00:00+00:00,2025-12-03 01:44:48.719034+00:00,1440,daily
1755835200,5.00,,,,,,0.0800,0.00,0.1000,0.1000,0.0800,0.0800,0.0300,0.0300,0.0300,0.0300,KXELECTIONMOVZOHRAN-25-ZMAM-B10.5,Margin of victory for Zohran Mamdani in the Mayoral Election?,KXELECTIONMOVZOHRAN-25,,9-11.99%,"If the popular vote margin of victory is 9-11.99%  for Zohran Mamdani in the 2025 NYC Mayoral Election, then the market resolves to Yes.","The margin of victory is calculated by taking the voting percentage received by Zohran Mamdani minus the percentage of the person finishing immediately behind him, or immediately ahead if he loses. Only certified results are used for resolution. If the election is cancelled, postponed beyond expiration, or no certified results are available, all markets resolve to No. Recounts that change the certified margin before expiration use the most recent certified results.


 Clarification (11/17/25):  If no rounding rules are otherwise specified, then the raw calculated margin of victory percentage will be rounded to the furthest decimal point necessary to align with listed strikes (e.g. if strikes are 6 - 8.99%, to two decimal places). In this case, the margin of victory will be rounded to two decimal points. For example, if the final margin of victory is 8.99501, this would be rounded to 9.00%.  Each candidate's vote share is calculated by dividing their total votes by the total number of ballots cast according to the certified results. A candidate's total includes all votes received across any ballot line they appear on, plus write-ins.",9-11.99%,finalized,yes,2025-08-13 14:00:00+00:00,2025-12-03 01:44:48.719034+00:00,1440,daily
1755921600,5.00,,,,,,0.0800,0.00,0.1000,0.1000,0.1000,0.1000,0.0300,0.0300,0.0300,0.0300,KXELECTIONMOVZOHRAN-25-ZMAM-B10.5,Margin of victory for Zohran Mamdani in the Mayoral Election?,KXELECTIONMOVZOHRAN-25,,9-11.99%,"If the popular vote margin of victory is 9-11.99%  for Zohran Mamdani in the 2025 NYC Mayoral Election, then the market resolves to Yes.","The margin of victory is calculated by taking the voting percentage received by Zohran Mamdani minus the percentage of the person finishing immediately behind him, or immediately ahead if he loses. Only certified results are used for resolution. If the election is cancelled, postponed beyond expiration, or no certified results are available, all markets resolve to No. Recounts that change the certified margin before expiration use the most recent certified results.


 Clarification (11/17/25):  If no rounding rules are otherwise specified, then the raw calculated margin of victory percentage will be rounded to the furthest decimal point necessary to align with listed strikes (e.g. if strikes are 6 - 8.99%, to two decimal places). In this case, the margin of victory will be rounded to two decimal points. For example, if the final margin of victory is 8.99501, this would be rounded to 9.00%.  Each candidate's vote share is calculated by dividing their total votes by the total number of ballots cast according to the certified results. A candidate's total includes all votes received across any ballot line they appear on, plus write-ins.",9-11.99%,finalized,yes,2025-08-13 14:00:00+00:00,2025-12-03 01:44:48.719034+00:00,1440,daily
1756008000,5.00,,,,,,0.0800,0.00,0.1000,0.1300,0.1000,0.1000,0.0300,0.0300,0.0000,0.0300,KXELECTIONMOVZOHRAN-25-ZMAM-B10.5,Margin of victory for Zohran Mamdani in the Mayoral Election?,KXELECTIONMOVZOHRAN-25,,9-11.99%,"If the popular vote margin of victory is 9-11.99%  for Zohran Mamdani in the 2025 NYC Mayoral Election, then the market resolves to Yes.","The margin of victory is calculated by taking the voting percentage received by Zohran Mamdani minus the percentage of the person finishing immediately behind him, or immediately ahead if he loses. Only certified results are used for resolution. If the election is cancelled, postponed beyond expiration, or no certified results are available, all markets resolve to No. Recounts that change the certified margin before expiration use the most recent certified results.


 Clarification (11/17/25):  If no rounding rules are otherwise specified, then the raw calculated margin of victory percentage will be rounded to the furthest decimal point necessary to align with listed strikes (e.g. if strikes are 6 - 8.99%, to two decimal places). In this case, the margin of victory will be rounded to two decimal points. For example, if the final margin of victory is 8.99501, this would be rounded to 9.00%.  Each candidate's vote share is calculated by dividing their total votes by the total number of ballots cast according to the certified results. A candidate's total includes all votes received across any ballot line they appear on, plus write-ins.",9-11.99%,finalized,yes,2025-08-13 14:00:00+00:00,2025-12-03 01:44:48.719034+00:00,1440,daily
1756094400,5.00,,,,,,0.0800,0.00,0.1000,0.1000,0.1000,0.1000,0.0300,0.0300,0.0300,0.0300,KXELECTIONMOVZOHRAN-25-ZMAM-B10.5,Margin of victory for Zohran Mamdani in the Mayoral Election?,KXELECTIONMOVZOHRAN-25,,9-11.99%,"If the popular vote margin of victory is 9-11.99%  for Zohran Mamdani in the 2025 NYC Mayoral Election, then the market resolves to Yes.","The margin of victory is calculated by taking the voting percentage received by Zohran Mamdani minus the percentage of the person finishing immediately behind him, or immediately ahead if he loses. Only certified results are used for resolution. If the election is cancelled, postponed beyond expiration, or no certified results are available, all markets resolve to No. Recounts that change the certified margin before expiration use the most recent certified results.


 Clarification (11/17/25):  If no rounding rules are otherwise specified, then the raw calculated margin of victory percentage will be rounded to the furthest decimal point necessary to align with listed strikes (e.g. if strikes are 6 - 8.99%, to two decimal places). In this case, the margin of victory will be rounded to two decimal points. For example, if the final margin of victory is 8.99501, this would be rounded to 9.00%.  Each candidate's vote share is calculated by dividing their total votes by the total number of ballots cast according to the certified results. A candidate's total includes all votes received across any ballot line they appear on, plus write-ins.",9-11.99%,finalized,yes,2025-08-13 14:00:00+00:00,2025-12-03 01:44:48.719034+00:00,1440,daily
1756180800,6.00,0.1000,0.1000,0.1000,0.1000,0.1000,0.0800,6.00,0.1000,0.1300,0.1000,0.1000,0.0300,0.0300,0.0000,0.0300,KXELECTIONMOVZOHRAN-25-ZMAM-B10.5,Margin of victory for Zohran Mamdani in the Mayoral Election?,KXELECTIONMOVZOHRAN-25,,9-11.99%,"If the popular vote margin of victory is 9-11.99%  for Zohran Mamdani in the 2025 NYC Mayoral Election, then the market resolves to Yes.","The margin of victory is calculated by taking the voting percentage received by Zohran Mamdani minus the percentage of the person finishing immediately behind him, or immediately ahead if he loses. Only certified results are used for resolution. If the election is cancelled, postponed beyond expiration, or no certified results are available, all markets resolve to No. Recounts that change the certified margin before expiration use the most recent certified results.


 Clarification (11/17/25):  If no rounding rules are otherwise specified, then the raw calculated margin of victory percentage will be rounded to the furthest decimal point necessary to align with listed strikes (e.g. if strikes are 6 - 8.99%, to two decimal places). In this case, the margin of victory will be rounded to two decimal points. For example, if the final margin of victory is 8.99501, this would be rounded to 9.00%.  Each candidate's vote share is calculated by dividing their total votes by the total number of ballots cast according to the certified results. A candidate's total includes all votes received across any ballot line they appear on, plus write-ins.",9-11.99%,finalized,yes,2025-08-13 14:00:00+00:00,2025-12-03 01:44:48.719034+00:00,1440,daily
1756267200,6.00,,,,,,0.1000,0.00,0.1100,0.1300,0.1000,0.1000,0.0200,0.0300,0.0000,0.0300,KXELECTIONMOVZOHRAN-25-ZMAM-B10.5,Margin of victory for Zohran Mamdani in the Mayoral Election?,KXELECTIONMOVZOHRAN-25,,9-11.99%,"If the popular vote margin of victory is 9-11.99%  for Zohran Mamdani in the 2025 NYC Mayoral Election, then the market resolves to Yes.","The margin of victory is calculated by taking the voting percentage received by Zohran Mamdani minus the percentage of the person finishing immediately behind him, or immediately ahead if he loses. Only certified results are used for resolution. If the election is cancelled, postponed beyond expiration, or no certified results are available, all markets resolve to No. Recounts that change the certified margin before expiration use the most recent certified results.


 Clarification (11/17/25):  If no rounding rules are otherwise specified, then the raw calculated margin of victory percentage will be rounded to the furthest decimal point necessary to align with listed strikes (e.g. if strikes are 6 - 8.99%, to two decimal places). In this case, the margin of victory will be rounded to two decimal points. For example, if the final margin of victory is 8.99501, this would be rounded to 9.00%.  Each candidate's vote share is calculated by dividing their total votes by the total number of ballots cast according to the certified results. A candidate's total includes all votes received across any ballot line they appear on, plus write-ins.",9-11.99%,finalized,yes,2025-08-13 14:00:00+00:00,2025-12-03 01:44:48.719034+00:00,1440,daily
1756353600,6.00,,,,,,0.1000,0.00,0.1100,0.1100,0.1100,0.1100,0.0200,0.0200,0.0200,0.0200,KXELECTIONMOVZOHRAN-25-ZMAM-B10.5,Margin of victory for Zohran Mamdani in the Mayoral Election?,KXELECTIONMOVZOHRAN-25,,9-11.99%,"If the popular vote margin of victory is 9-11.99%  for Zohran Mamdani in the 2025 NYC Mayoral Election, then the market resolves to Yes.","The margin of victory is calculated by taking the voting percentage received by Zohran Mamdani minus the percentage of the person finishing immediately behind him, or immediately ahead if he loses. Only certified results are used for resolution. If the election is cancelled, postponed beyond expiration, or no certified results are available, all markets resolve to No. Recounts that change the certified margin before expiration use the most recent certified results.


 Clarification (11/17/25):  If no rounding rules are otherwise specified, then the raw calculated margin of victory percentage will be rounded to the furthest decimal point necessary to align with listed strikes (e.g. if strikes are 6 - 8.99%, to two decimal places). In this case, the margin of victory will be rounded to two decimal points. For example, if the final margin of victory is 8.99501, this would be rounded to 9.00%.  Each candidate's vote share is calculated by dividing their total votes by the total number of ballots cast according to the certified results. A candidate's total includes all votes received across any ballot line they appear on, plus write-ins.",9-11.99%,finalized,yes,2025-08-13 14:00:00+00:00,2025-12-03 01:44:48.719034+00:00,1440,daily
1756440000,7.00,0.1100,0.1100,0.1100,0.1100,0.1100,0.1000,1.00,0.1100,0.1100,0.1100,0.1100,0.0200,0.0200,0.0200,0.0200,KXELECTIONMOVZOHRAN-25-ZMAM-B10.5,Margin of victory for Zohran Mamdani in the Mayoral Election?,KXELECTIONMOVZOHRAN-25,,9-11.99%,"If the popular vote margin of victory is 9-11.99%  for Zohran Mamdani in the 2025 NYC Mayoral Election, then the market resolves to Yes.","The margin of victory is calculated by taking the voting percentage received by Zohran Mamdani minus the percentage of the person finishing immediately behind him, or immediately ahead if he loses. Only certified results are used for resolution. If the election is cancelled, postponed beyond expiration, or no certified results are available, all markets resolve to No. Recounts that change the certified margin before expiration use the most recent certified results.


 Clarification (11/17/25):  If no rounding rules are otherwise specified, then the raw calculated margin of victory percentage will be rounded to the furthest decimal point necessary to align with listed strikes (e.g. if strikes are 6 - 8.99%, to two decimal places). In this case, the margin of victory will be rounded to two decimal points. For example, if the final margin of victory is 8.99501, this would be rounded to 9.00%.  Each candidate's vote share is calculated by dividing their total votes by the total number of ballots cast according to the certified results. A candidate's total includes all votes received across any ballot line they appear on, plus write-ins.",9-11.99%,finalized,yes,2025-08-13 14:00:00+00:00,2025-12-03 01:44:48.719034+00:00,1440,daily
1756526400,7.00,,,,,,0.1100,0.00,0.1100,0.1100,0.1100,0.1100,0.0200,0.0200,0.0200,0.0200,KXELECTIONMOVZOHRAN-25-ZMAM-B10.5,Margin of victory for Zohran Mamdani in the Mayoral Election?,KXELECTIONMOVZOHRAN-25,,9-11.99%,"If the popular vote margin of victory is 9-11.99%  for Zohran Mamdani in the 2025 NYC Mayoral Election, then the market resolves to Yes.","The margin of victory is calculated by taking the voting percentage received by Zohran Mamdani minus the percentage of the person finishing immediately behind him, or immediately ahead if he loses. Only certified results are used for resolution. If the election is cancelled, postponed beyond expiration, or no certified results are available, all markets resolve to No. Recounts that change the certified margin before expiration use the most recent certified results.


 Clarification (11/17/25):  If no rounding rules are otherwise specified, then the raw calculated margin of victory percentage will be rounded to the furthest decimal point necessary to align with listed strikes (e.g. if strikes are 6 - 8.99%, to two decimal places). In this case, the margin of victory will be rounded to two decimal points. For example, if the final margin of victory is 8.99501, this would be rounded to 9.00%.  Each candidate's vote share is calculated by dividing their total votes by the total number of ballots cast according to the certified results. A candidate's total includes all votes received across any ballot line they appear on, plus write-ins.",9-11.99%,finalized,yes,2025-08-13 14:00:00+00:00,2025-12-03 01:44:48.719034+00:00,1440,daily
1756612800,7.00,,,,,,0.1100,0.00,0.1100,0.1300,0.1100,0.1100,0.0200,0.0200,0.0000,0.0200,KXELECTIONMOVZOHRAN-25-ZMAM-B10.5,Margin of victory for Zohran Mamdani in the Mayoral Election?,KXELECTIONMOVZOHRAN-25,,9-11.99%,"If the popular vote margin of victory is 9-11.99%  for Zohran Mamdani in the 2025 NYC Mayoral Election, then the market resolves to Yes.","The margin of victory is calculated by taking the voting percentage received by Zohran Mamdani minus the percentage of the person finishing immediately behind him, or immediately ahead if he loses. Only certified results are used for resolution. If the election is cancelled, postponed beyond expiration, or no certified results are available, all markets resolve to No. Recounts that change the certified margin before expiration use the most recent certified results.


 Clarification (11/17/25):  If no rounding rules are otherwise specified, then the raw calculated margin of victory percentage will be rounded to the furthest decimal point necessary to align with listed strikes (e.g. if strikes are 6 - 8.99%, to two decimal places). In this case, the margin of victory will be rounded to two decimal points. For example, if the final margin of victory is 8.99501, this would be rounded to 9.00%.  Each candidate's vote share is calculated by dividing their total votes by the total number of ballots cast according to the certified results. A candidate's total includes all votes received across any ballot line they appear on, plus write-ins.",9-11.99%,finalized,yes,2025-08-13 14:00:00+00:00,2025-12-03 01:44:48.719034+00:00,1440,daily
1756699200,7.00,,,,,,0.1100,0.00,0.1100,0.1100,0.1100,0.1100,0.0200,0.0200,0.0200,0.0200,KXELECTIONMOVZOHRAN-25-ZMAM-B10.5,Margin of victory for Zohran Mamdani in the Mayoral Election?,KXELECTIONMOVZOHRAN-25,,9-11.99%,"If the popular vote margin of victory is 9-11.99%  for Zohran Mamdani in the 2025 NYC Mayoral Election, then the market resolves to Yes.","The margin of victory is calculated by taking the voting percentage received by Zohran Mamdani minus the percentage of the person finishing immediately behind him, or immediately ahead if he loses. Only certified results are used for resolution. If the election is cancelled, postponed beyond expiration, or no certified results are available, all markets resolve to No. Recounts that change the certified margin before expiration use the most recent certified results.


 Clarification (11/17/25):  If no rounding rules are otherwise specified, then the raw calculated margin of victory percentage will be rounded to the furthest decimal point necessary to align with listed strikes (e.g. if strikes are 6 - 8.99%, to two decimal places). In this case, the margin of victory will be rounded to two decimal points. For example, if the final margin of victory is 8.99501, this would be rounded to 9.00%.  Each candidate's vote share is calculated by dividing their total votes by the total number of ballots cast according to the certified results. A candidate's total includes all votes received across any ballot line they appear on, plus write-ins.",9-11.99%,finalized,yes,2025-08-13 14:00:00+00:00,2025-12-03 01:44:48.719034+00:00,1440,daily
1756785600,7.00,,,,,,0.1100,0.00,0.1100,0.1100,0.1100,0.1100,0.0500,0.0500,0.0200,0.0200,KXELECTIONMOVZOHRAN-25-ZMAM-B10.5,Margin of victory for Zohran Mamdani in the Mayoral Election?,KXELECTIONMOVZOHRAN-25,,9-11.99%,"If the popular vote margin of victory is 9-11.99%  for Zohran Mamdani in the 2025 NYC Mayoral Election, then the market resolves to Yes.","The margin of victory is calculated by taking the voting percentage received by Zohran Mamdani minus the percentage of the person finishing immediately behind him, or immediately ahead if he loses. Only certified results are used for resolution. If the election is cancelled, postponed beyond expiration, or no certified results are available, all markets resolve to No. Recounts that change the certified margin before expiration use the most recent certified results.


 Clarification (11/17/25):  If no rounding rules are otherwise specified, then the raw calculated margin of victory percentage will be rounded to the furthest decimal point necessary to align with listed strikes (e.g. if strikes are 6 - 8.99%, to two decimal places). In this case, the margin of victory will be rounded to two decimal points. For example, if the final margin of victory is 8.99501, this would be rounded to 9.00%.  Each candidate's vote share is calculated by dividing their total votes by the total number of ballots cast according to the certified results. A candidate's total includes all votes received across any ballot line they appear on, plus write-ins.",9-11.99%,finalized,yes,2025-08-13 14:00:00+00:00,2025-12-03 01:44:48.719034+00:00,1440,daily
1756872000,107.00,0.1100,0.1100,0.1100,0.1100,0.1100,0.1100,100.00,0.1100,0.1200,0.1100,0.1100,0.0500,0.0500,0.0500,0.0500,KXELECTIONMOVZOHRAN-25-ZMAM-B10.5,Margin of victory for Zohran Mamdani in the Mayoral Election?,KXELECTIONMOVZOHRAN-25,,9-11.99%,"If the popular vote margin of victory is 9-11.99%  for Zohran Mamdani in the 2025 NYC Mayoral Election, then the market resolves to Yes.","The margin of victory is calculated by taking the voting percentage received by Zohran Mamdani minus the percentage of the person finishing immediately behind him, or immediately ahead if he loses. Only certified results are used for resolution. If the election is cancelled, postponed beyond expiration, or no certified results are available, all markets resolve to No. Recounts that change the certified margin before expiration use the most recent certified results.


 Clarification (11/17/25):  If no rounding rules are otherwise specified, then the raw calculated margin of victory percentage will be rounded to the furthest decimal point necessary to align with listed strikes (e.g. if strikes are 6 - 8.99%, to two decimal places). In this case, the margin of victory will be rounded to two decimal points. For example, if the final margin of victory is 8.99501, this would be rounded to 9.00%.  Each candidate's vote share is calculated by dividing their total votes by the total number of ballots cast according to the certified results. A candidate's total includes all votes received across any ballot line they appear on, plus write-ins.",9-11.99%,finalized,yes,2025-08-13 14:00:00+00:00,2025-12-03 01:44:48.719034+00:00,1440,daily
1756958400,107.00,,,,,,0.1100,0.00,0.1100,0.1100,0.1100,0.1100,0.0500,0.0500,0.0500,0.0500,KXELECTIONMOVZOHRAN-25-ZMAM-B10.5,Margin of victory for Zohran Mamdani in the Mayoral Election?,KXELECTIONMOVZOHRAN-25,,9-11.99%,"If the popular vote margin of victory is 9-11.99%  for Zohran Mamdani in the 2025 NYC Mayoral Election, then the market resolves to Yes.","The margin of victory is calculated by taking the voting percentage received by Zohran Mamdani minus the percentage of the person finishing immediately behind him, or immediately ahead if he loses. Only certified results are used for resolution. If the election is cancelled, postponed beyond expiration, or no certified results are available, all markets resolve to No. Recounts that change the certified margin before expiration use the most recent certified results.


 Clarification (11/17/25):  If no rounding rules are otherwise specified, then the raw calculated margin of victory percentage will be rounded to the furthest decimal point necessary to align with listed strikes (e.g. if strikes are 6 - 8.99%, to two decimal places). In this case, the margin of victory will be rounded to two decimal points. For example, if the final margin of victory is 8.99501, this would be rounded to 9.00%.  Each candidate's vote share is calculated by dividing their total votes by the total number of ballots cast according to the certified results. A candidate's total includes all votes received across any ballot line they appear on, plus write-ins.",9-11.99%,finalized,yes,2025-08-13 14:00:00+00:00,2025-12-03 01:44:48.719034+00:00,1440,daily
1757044800,107.00,,,,,,0.1100,0.00,0.1100,0.1300,0.1100,0.1100,0.0500,0.0500,0.0500,0.0500,KXELECTIONMOVZOHRAN-25-ZMAM-B10.5,Margin of victory for Zohran Mamdani in the Mayoral Election?,KXELECTIONMOVZOHRAN-25,,9-11.99%,"If the popular vote margin of victory is 9-11.99%  for Zohran Mamdani in the 2025 NYC Mayoral Election, then the market resolves to Yes.","The margin of victory is calculated by taking the voting percentage received by Zohran Mamdani minus the percentage of the person finishing immediately behind him, or immediately ahead if he loses. Only certified results are used for resolution. If the election is cancelled, postponed beyond expiration, or no certified results are available, all markets resolve to No. Recounts that change the certified margin before expiration use the most recent certified results.


 Clarification (11/17/25):  If no rounding rules are otherwise specified, then the raw calculated margin of victory percentage will be rounded to the furthest decimal point necessary to align with listed strikes (e.g. if strikes are 6 - 8.99%, to two decimal places). In this case, the margin of victory will be rounded to two decimal points. For example, if the final margin of victory is 8.99501, this would be rounded to 9.00%.  Each candidate's vote share is calculated by dividing their total votes by the total number of ballots cast according to the certified results. A candidate's total includes all votes received across any ballot line they appear on, plus write-ins.",9-11.99%,finalized,yes,2025-08-13 14:00:00+00:00,2025-12-03 01:44:48.719034+00:00,1440,daily
1757131200,107.00,,,,,,0.1100,0.00,0.1100,0.1300,0.1100,0.1100,0.0500,0.0500,0.0500,0.0500,KXELECTIONMOVZOHRAN-25-ZMAM-B10.5,Margin of victory for Zohran Mamdani in the Mayoral Election?,KXELECTIONMOVZOHRAN-25,,9-11.99%,"If the popular vote margin of victory is 9-11.99%  for Zohran Mamdani in the 2025 NYC Mayoral Election, then the market resolves to Yes.","The margin of victory is calculated by taking the voting percentage received by Zohran Mamdani minus the percentage of the person finishing immediately behind him, or immediately ahead if he loses. Only certified results are used for resolution. If the election is cancelled, postponed beyond expiration, or no certified results are available, all markets resolve to No. Recounts that change the certified margin before expiration use the most recent certified results.


 Clarification (11/17/25):  If no rounding rules are otherwise specified, then the raw calculated margin of victory percentage will be rounded to the furthest decimal point necessary to align with listed strikes (e.g. if strikes are 6 - 8.99%, to two decimal places). In this case, the margin of victory will be rounded to two decimal points. For example, if the final margin of victory is 8.99501, this would be rounded to 9.00%.  Each candidate's vote share is calculated by dividing their total votes by the total number of ballots cast according to the certified results. A candidate's total includes all votes received across any ballot line they appear on, plus write-ins.",9-11.99%,finalized,yes,2025-08-13 14:00:00+00:00,2025-12-03 01:44:48.719034+00:00,1440,daily
1757217600,109.00,0.1100,0.1100,0.1100,0.1100,0.1100,0.1100,2.00,0.1100,0.1100,0.1100,0.1100,0.0500,0.0500,0.0500,0.0500,KXELECTIONMOVZOHRAN-25-ZMAM-B10.5,Margin of victory for Zohran Mamdani in the Mayoral Election?,KXELECTIONMOVZOHRAN-25,,9-11.99%,"If the popular vote margin of victory is 9-11.99%  for Zohran Mamdani in the 2025 NYC Mayoral Election, then the market resolves to Yes.","The margin of victory is calculated by taking the voting percentage received by Zohran Mamdani minus the percentage of the person finishing immediately behind him, or immediately ahead if he loses. Only certified results are used for resolution. If the election is cancelled, postponed beyond expiration, or no certified results are available, all markets resolve to No. Recounts that change the certified margin before expiration use the most recent certified results.


 Clarification (11/17/25):  If no rounding rules are otherwise specified, then the raw calculated margin of victory percentage will be rounded to the furthest decimal point necessary to align with listed strikes (e.g. if strikes are 6 - 8.99%, to two decimal places). In this case, the margin of victory will be rounded to two decimal points. For example, if the final margin of victory is 8.99501, this would be rounded to 9.00%.  Each candidate's vote share is calculated by dividing their total votes by the total number of ballots cast according to the certified results. A candidate's total includes all votes received across any ballot line they appear on, plus write-ins.",9-11.99%,finalized,yes,2025-08-13 14:00:00+00:00,2025-12-03 01:44:48.719034+00:00,1440,daily
1757304000,109.00,,,,,,0.1100,0.00,0.1100,0.1100,0.1100,0.1100,0.0500,0.0500,0.0500,0.0500,KXELECTIONMOVZOHRAN-25-ZMAM-B10.5,Margin of victory for Zohran Mamdani in the Mayoral Election?,KXELECTIONMOVZOHRAN-25,,9-11.99%,"If the popular vote margin of victory is 9-11.99%  for Zohran Mamdani in the 2025 NYC Mayoral Election, then the market resolves to Yes.","The margin of victory is calculated by taking the voting percentage received by Zohran Mamdani minus the percentage of the person finishing immediately behind him, or immediately ahead if he loses. Only certified results are used for resolution. If the election is cancelled, postponed beyond expiration, or no certified results are available, all markets resolve to No. Recounts that change the certified margin before expiration use the most recent certified results.


 Clarification (11/17/25):  If no rounding rules are otherwise specified, then the raw calculated margin of victory percentage will be rounded to the furthest decimal point necessary to align with listed strikes (e.g. if strikes are 6 - 8.99%, to two decimal places). In this case, the margin of victory will be rounded to two decimal points. For example, if the final margin of victory is 8.99501, this would be rounded to 9.00%.  Each candidate's vote share is calculated by dividing their total votes by the total number of ballots cast according to the certified results. A candidate's total includes all votes received across any ballot line they appear on, plus write-ins.",9-11.99%,finalized,yes,2025-08-13 14:00:00+00:00,2025-12-03 01:44:48.719034+00:00,1440,daily
1757390400,109.00,,,,,,0.1100,0.00,0.1100,0.1100,0.1100,0.1100,0.0500,0.0500,0.0500,0.0500,KXELECTIONMOVZOHRAN-25-ZMAM-B10.5,Margin of victory for Zohran Mamdani in the Mayoral Election?,KXELECTIONMOVZOHRAN-25,,9-11.99%,"If the popular vote margin of victory is 9-11.99%  for Zohran Mamdani in the 2025 NYC Mayoral Election, then the market resolves to Yes.","The margin of victory is calculated by taking the voting percentage received by Zohran Mamdani minus the percentage of the person finishing immediately behind him, or immediately ahead if he loses. Only certified results are used for resolution. If the election is cancelled, postponed beyond expiration, or no certified results are available, all markets resolve to No. Recounts that change the certified margin before expiration use the most recent certified results.


 Clarification (11/17/25):  If no rounding rules are otherwise specified, then the raw calculated margin of victory percentage will be rounded to the furthest decimal point necessary to align with listed strikes (e.g. if strikes are 6 - 8.99%, to two decimal places). In this case, the margin of victory will be rounded to two decimal points. For example, if the final margin of victory is 8.99501, this would be rounded to 9.00%.  Each candidate's vote share is calculated by dividing their total votes by the total number of ballots cast according to the certified results. A candidate's total includes all votes received across any ballot line they appear on, plus write-ins.",9-11.99%,finalized,yes,2025-08-13 14:00:00+00:00,2025-12-03 01:44:48.719034+00:00,1440,daily
1757476800,109.00,,,,,,0.1100,0.00,0.1100,0.1100,0.1100,0.1100,0.0500,0.0500,0.0500,0.0500,KXELECTIONMOVZOHRAN-25-ZMAM-B10.5,Margin of victory for Zohran Mamdani in the Mayoral Election?,KXELECTIONMOVZOHRAN-25,,9-11.99%,"If the popular vote margin of victory is 9-11.99%  for Zohran Mamdani in the 2025 NYC Mayoral Election, then the market resolves to Yes.","The margin of victory is calculated by taking the voting percentage received by Zohran Mamdani minus the percentage of the person finishing immediately behind him, or immediately ahead if he loses. Only certified results are used for resolution. If the election is cancelled, postponed beyond expiration, or no certified results are available, all markets resolve to No. Recounts that change the certified margin before expiration use the most recent certified results.


 Clarification (11/17/25):  If no rounding rules are otherwise specified, then the raw calculated margin of victory percentage will be rounded to the furthest decimal point necessary to align with listed strikes (e.g. if strikes are 6 - 8.99%, to two decimal places). In this case, the margin of victory will be rounded to two decimal points. For example, if the final margin of victory is 8.99501, this would be rounded to 9.00%.  Each candidate's vote share is calculated by dividing their total votes by the total number of ballots cast according to the certified results. A candidate's total includes all votes received across any ballot line they appear on, plus write-ins.",9-11.99%,finalized,yes,2025-08-13 14:00:00+00:00,2025-12-03 01:44:48.719034+00:00,1440,daily
1757563200,109.00,,,,,,0.1100,0.00,0.1100,0.1100,0.1100,0.1100,0.0500,0.0500,0.0500,0.0500,KXELECTIONMOVZOHRAN-25-ZMAM-B10.5,Margin of victory for Zohran Mamdani in the Mayoral Election?,KXELECTIONMOVZOHRAN-25,,9-11.99%,"If the popular vote margin of victory is 9-11.99%  for Zohran Mamdani in the 2025 NYC Mayoral Election, then the market resolves to Yes.","The margin of victory is calculated by taking the voting percentage received by Zohran Mamdani minus the percentage of the person finishing immediately behind him, or immediately ahead if he loses. Only certified results are used for resolution. If the election is cancelled, postponed beyond expiration, or no certified results are available, all markets resolve to No. Recounts that change the certified margin before expiration use the most recent certified results.


 Clarification (11/17/25):  If no rounding rules are otherwise specified, then the raw calculated margin of victory percentage will be rounded to the furthest decimal point necessary to align with listed strikes (e.g. if strikes are 6 - 8.99%, to two decimal places). In this case, the margin of victory will be rounded to two decimal points. For example, if the final margin of victory is 8.99501, this would be rounded to 9.00%.  Each candidate's vote share is calculated by dividing their total votes by the total number of ballots cast according to the certified results. A candidate's total includes all votes received across any ballot line they appear on, plus write-ins.",9-11.99%,finalized,yes,2025-08-13 14:00:00+00:00,2025-12-03 01:44:48.719034+00:00,1440,daily
1757649600,109.00,,,,,,0.1100,0.00,0.1100,0.1100,0.1100,0.1100,0.0500,0.0500,0.0500,0.0500,KXELECTIONMOVZOHRAN-25-ZMAM-B10.5,Margin of victory for Zohran Mamdani in the Mayoral Election?,KXELECTIONMOVZOHRAN-25,,9-11.99%,"If the popular vote margin of victory is 9-11.99%  for Zohran Mamdani in the 2025 NYC Mayoral Election, then the market resolves to Yes.","The margin of victory is calculated by taking the voting percentage received by Zohran Mamdani minus the percentage of the person finishing immediately behind him, or immediately ahead if he loses. Only certified results are used for resolution. If the election is cancelled, postponed beyond expiration, or no certified results are available, all markets resolve to No. Recounts that change the certified margin before expiration use the most recent certified results.


 Clarification (11/17/25):  If no rounding rules are otherwise specified, then the raw calculated margin of victory percentage will be rounded to the furthest decimal point necessary to align with listed strikes (e.g. if strikes are 6 - 8.99%, to two decimal places). In this case, the margin of victory will be rounded to two decimal points. For example, if the final margin of victory is 8.99501, this would be rounded to 9.00%.  Each candidate's vote share is calculated by dividing their total votes by the total number of ballots cast according to the certified results. A candidate's total includes all votes received across any ballot line they appear on, plus write-ins.",9-11.99%,finalized,yes,2025-08-13 14:00:00+00:00,2025-12-03 01:44:48.719034+00:00,1440,daily
1757736000,209.00,0.0500,0.0500,0.0500,0.0500,0.0500,0.1100,100.00,0.0900,0.1100,0.0900,0.1100,0.0200,0.0500,0.0200,0.0500,KXELECTIONMOVZOHRAN-25-ZMAM-B10.5,Margin of victory for Zohran Mamdani in the Mayoral Election?,KXELECTIONMOVZOHRAN-25,,9-11.99%,"If the popular vote margin of victory is 9-11.99%  for Zohran Mamdani in the 2025 NYC Mayoral Election, then the market resolves to Yes.","The margin of victory is calculated by taking the voting percentage received by Zohran Mamdani minus the percentage of the person finishing immediately behind him, or immediately ahead if he loses. Only certified results are used for resolution. If the election is cancelled, postponed beyond expiration, or no certified results are available, all markets resolve to No. Recounts that change the certified margin before expiration use the most recent certified results.


 Clarification (11/17/25):  If no rounding rules are otherwise specified, then the raw calculated margin of victory percentage will be rounded to the furthest decimal point necessary to align with listed strikes (e.g. if strikes are 6 - 8.99%, to two decimal places). In this case, the margin of victory will be rounded to two decimal points. For example, if the final margin of victory is 8.99501, this would be rounded to 9.00%.  Each candidate's vote share is calculated by dividing their total votes by the total number of ballots cast according to the certified results. A candidate's total includes all votes received across any ballot line they appear on, plus write-ins.",9-11.99%,finalized,yes,2025-08-13 14:00:00+00:00,2025-12-03 01:44:48.719034+00:00,1440,daily
1757822400,209.00,,,,,,0.0500,0.00,0.0800,0.0900,0.0800,0.0900,0.0200,0.0200,0.0200,0.0200,KXELECTIONMOVZOHRAN-25-ZMAM-B10.5,Margin of victory for Zohran Mamdani in the Mayoral Election?,KXELECTIONMOVZOHRAN-25,,9-11.99%,"If the popular vote margin of victory is 9-11.99%  for Zohran Mamdani in the 2025 NYC Mayoral Election, then the market resolves to Yes.","The margin of victory is calculated by taking the voting percentage received by Zohran Mamdani minus the percentage of the person finishing immediately behind him, or immediately ahead if he loses. Only certified results are used for resolution. If the election is cancelled, postponed beyond expiration, or no certified results are available, all markets resolve to No. Recounts that change the certified margin before expiration use the most recent certified results.


 Clarification (11/17/25):  If no rounding rules are otherwise specified, then the raw calculated margin of victory percentage will be rounded to the furthest decimal point necessary to align with listed strikes (e.g. if strikes are 6 - 8.99%, to two decimal places). In this case, the margin of victory will be rounded to two decimal points. For example, if the final margin of victory is 8.99501, this would be rounded to 9.00%.  Each candidate's vote share is calculated by dividing their total votes by the total number of ballots cast according to the certified results. A candidate's total includes all votes received across any ballot line they appear on, plus write-ins.",9-11.99%,finalized,yes,2025-08-13 14:00:00+00:00,2025-12-03 01:44:48.719034+00:00,1440,daily
1757908800,209.00,,,,,,0.0500,0.00,0.0800,0.0800,0.0800,0.0800,0.0200,0.0200,0.0200,0.0200,KXELECTIONMOVZOHRAN-25-ZMAM-B10.5,Margin of victory for Zohran Mamdani in the Mayoral Election?,KXELECTIONMOVZOHRAN-25,,9-11.99%,"If the popular vote margin of victory is 9-11.99%  for Zohran Mamdani in the 2025 NYC Mayoral Election, then the market resolves to Yes.","The margin of victory is calculated by taking the voting percentage received by Zohran Mamdani minus the percentage of the person finishing immediately behind him, or immediately ahead if he loses. Only certified results are used for resolution. If the election is cancelled, postponed beyond expiration, or no certified results are available, all markets resolve to No. Recounts that change the certified margin before expiration use the most recent certified results.


 Clarification (11/17/25):  If no rounding rules are otherwise specified, then the raw calculated margin of victory percentage will be rounded to the furthest decimal point necessary to align with listed strikes (e.g. if strikes are 6 - 8.99%, to two decimal places). In this case, the margin of victory will be rounded to two decimal points. For example, if the final margin of victory is 8.99501, this would be rounded to 9.00%.  Each candidate's vote share is calculated by dividing their total votes by the total number of ballots cast according to the certified results. A candidate's total includes all votes received across any ballot line they appear on, plus write-ins.",9-11.99%,finalized,yes,2025-08-13 14:00:00+00:00,2025-12-03 01:44:48.719034+00:00,1440,daily
1757995200,209.00,,,,,,0.0500,0.00,0.0800,0.0800,0.0800,0.0800,0.0200,0.0200,0.0200,0.0200,KXELECTIONMOVZOHRAN-25-ZMAM-B10.5,Margin of victory for Zohran Mamdani in the Mayoral Election?,KXELECTIONMOVZOHRAN-25,,9-11.99%,"If the popular vote margin of victory is 9-11.99%  for Zohran Mamdani in the 2025 NYC Mayoral Election, then the market resolves to Yes.","The margin of victory is calculated by taking the voting percentage received by Zohran Mamdani minus the percentage of the person finishing immediately behind him, or immediately ahead if he loses. Only certified results are used for resolution. If the election is cancelled, postponed beyond expiration, or no certified results are available, all markets resolve to No. Recounts that change the certified margin before expiration use the most recent certified results.


 Clarification (11/17/25):  If no rounding rules are otherwise specified, then the raw calculated margin of victory percentage will be rounded to the furthest decimal point necessary to align with listed strikes (e.g. if strikes are 6 - 8.99%, to two decimal places). In this case, the margin of victory will be rounded to two decimal points. For example, if the final margin of victory is 8.99501, this would be rounded to 9.00%.  Each candidate's vote share is calculated by dividing their total votes by the total number of ballots cast according to the certified results. A candidate's total includes all votes received across any ballot line they appear on, plus write-ins.",9-11.99%,finalized,yes,2025-08-13 14:00:00+00:00,2025-12-03 01:44:48.719034+00:00,1440,daily
1758081600,209.00,,,,,,0.0500,0.00,0.0800,0.0800,0.0800,0.0800,0.0200,0.0200,0.0200,0.0200,KXELECTIONMOVZOHRAN-25-ZMAM-B10.5,Margin of victory for Zohran Mamdani in the Mayoral Election?,KXELECTIONMOVZOHRAN-25,,9-11.99%,"If the popular vote margin of victory is 9-11.99%  for Zohran Mamdani in the 2025 NYC Mayoral Election, then the market resolves to Yes.","The margin of victory is calculated by taking the voting percentage received by Zohran Mamdani minus the percentage of the person finishing immediately behind him, or immediately ahead if he loses. Only certified results are used for resolution. If the election is cancelled, postponed beyond expiration, or no certified results are available, all markets resolve to No. Recounts that change the certified margin before expiration use the most recent certified results.


 Clarification (11/17/25):  If no rounding rules are otherwise specified, then the raw calculated margin of victory percentage will be rounded to the furthest decimal point necessary to align with listed strikes (e.g. if strikes are 6 - 8.99%, to two decimal places). In this case, the margin of victory will be rounded to two decimal points. For example, if the final margin of victory is 8.99501, this would be rounded to 9.00%.  Each candidate's vote share is calculated by dividing their total votes by the total number of ballots cast according to the certified results. A candidate's total includes all votes received across any ballot line they appear on, plus write-ins.",9-11.99%,finalized,yes,2025-08-13 14:00:00+00:00,2025-12-03 01:44:48.719034+00:00,1440,daily
1758168000,211.00,0.0800,0.0800,0.0800,0.0800,0.0800,0.0500,2.00,0.0800,0.0800,0.0800,0.0800,0.0200,0.0200,0.0200,0.0200,KXELECTIONMOVZOHRAN-25-ZMAM-B10.5,Margin of victory for Zohran Mamdani in the Mayoral Election?,KXELECTIONMOVZOHRAN-25,,9-11.99%,"If the popular vote margin of victory is 9-11.99%  for Zohran Mamdani in the 2025 NYC Mayoral Election, then the market resolves to Yes.","The margin of victory is calculated by taking the voting percentage received by Zohran Mamdani minus the percentage of the person finishing immediately behind him, or immediately ahead if he loses. Only certified results are used for resolution. If the election is cancelled, postponed beyond expiration, or no certified results are available, all markets resolve to No. Recounts that change the certified margin before expiration use the most recent certified results.


 Clarification (11/17/25):  If no rounding rules are otherwise specified, then the raw calculated margin of victory percentage will be rounded to the furthest decimal point necessary to align with listed strikes (e.g. if strikes are 6 - 8.99%, to two decimal places). In this case, the margin of victory will be rounded to two decimal points. For example, if the final margin of victory is 8.99501, this would be rounded to 9.00%.  Each candidate's vote share is calculated by dividing their total votes by the total number of ballots cast according to the certified results. A candidate's total includes all votes received across any ballot line they appear on, plus write-ins.",9-11.99%,finalized,yes,2025-08-13 14:00:00+00:00,2025-12-03 01:44:48.719034+00:00,1440,daily
1758254400,211.00,,,,,,0.0800,0.00,0.0800,0.0800,0.0800,0.0800,0.0200,0.0200,0.0200,0.0200,KXELECTIONMOVZOHRAN-25-ZMAM-B10.5,Margin of victory for Zohran Mamdani in the Mayoral Election?,KXELECTIONMOVZOHRAN-25,,9-11.99%,"If the popular vote margin of victory is 9-11.99%  for Zohran Mamdani in the 2025 NYC Mayoral Election, then the market resolves to Yes.","The margin of victory is calculated by taking the voting percentage received by Zohran Mamdani minus the percentage of the person finishing immediately behind him, or immediately ahead if he loses. Only certified results are used for resolution. If the election is cancelled, postponed beyond expiration, or no certified results are available, all markets resolve to No. Recounts that change the certified margin before expiration use the most recent certified results.


 Clarification (11/17/25):  If no rounding rules are otherwise specified, then the raw calculated margin of victory percentage will be rounded to the furthest decimal point necessary to align with listed strikes (e.g. if strikes are 6 - 8.99%, to two decimal places). In this case, the margin of victory will be rounded to two decimal points. For example, if the final margin of victory is 8.99501, this would be rounded to 9.00%.  Each candidate's vote share is calculated by dividing their total votes by the total number of ballots cast according to the certified results. A candidate's total includes all votes received across any ballot line they appear on, plus write-ins.",9-11.99%,finalized,yes,2025-08-13 14:00:00+00:00,2025-12-03 01:44:48.719034+00:00,1440,daily
1758340800,211.00,,,,,,0.0800,0.00,0.0800,0.0800,0.0800,0.0800,0.0200,0.0200,0.0200,0.0200,KXELECTIONMOVZOHRAN-25-ZMAM-B10.5,Margin of victory for Zohran Mamdani in the Mayoral Election?,KXELECTIONMOVZOHRAN-25,,9-11.99%,"If the popular vote margin of victory is 9-11.99%  for Zohran Mamdani in the 2025 NYC Mayoral Election, then the market resolves to Yes.","The margin of victory is calculated by taking the voting percentage received by Zohran Mamdani minus the percentage of the person finishing immediately behind him, or immediately ahead if he loses. Only certified results are used for resolution. If the election is cancelled, postponed beyond expiration, or no certified results are available, all markets resolve to No. Recounts that change the certified margin before expiration use the most recent certified results.


 Clarification (11/17/25):  If no rounding rules are otherwise specified, then the raw calculated margin of victory percentage will be rounded to the furthest decimal point necessary to align with listed strikes (e.g. if strikes are 6 - 8.99%, to two decimal places). In this case, the margin of victory will be rounded to two decimal points. For example, if the final margin of victory is 8.99501, this would be rounded to 9.00%.  Each candidate's vote share is calculated by dividing their total votes by the total number of ballots cast according to the certified results. A candidate's total includes all votes received across any ballot line they appear on, plus write-ins.",9-11.99%,finalized,yes,2025-08-13 14:00:00+00:00,2025-12-03 01:44:48.719034+00:00,1440,daily
1758427200,211.00,,,,,,0.0800,0.00,0.0800,0.0800,0.0800,0.0800,0.0200,0.0200,0.0200,0.0200,KXELECTIONMOVZOHRAN-25-ZMAM-B10.5,Margin of victory for Zohran Mamdani in the Mayoral Election?,KXELECTIONMOVZOHRAN-25,,9-11.99%,"If the popular vote margin of victory is 9-11.99%  for Zohran Mamdani in the 2025 NYC Mayoral Election, then the market resolves to Yes.","The margin of victory is calculated by taking the voting percentage received by Zohran Mamdani minus the percentage of the person finishing immediately behind him, or immediately ahead if he loses. Only certified results are used for resolution. If the election is cancelled, postponed beyond expiration, or no certified results are available, all markets resolve to No. Recounts that change the certified margin before expiration use the most recent certified results.


 Clarification (11/17/25):  If no rounding rules are otherwise specified, then the raw calculated margin of victory percentage will be rounded to the furthest decimal point necessary to align with listed strikes (e.g. if strikes are 6 - 8.99%, to two decimal places). In this case, the margin of victory will be rounded to two decimal points. For example, if the final margin of victory is 8.99501, this would be rounded to 9.00%.  Each candidate's vote share is calculated by dividing their total votes by the total number of ballots cast according to the certified results. A candidate's total includes all votes received across any ballot line they appear on, plus write-ins.",9-11.99%,finalized,yes,2025-08-13 14:00:00+00:00,2025-12-03 01:44:48.719034+00:00,1440,daily
1758513600,211.00,,,,,,0.0800,0.00,0.0800,0.0800,0.0800,0.0800,0.0200,0.0200,0.0200,0.0200,KXELECTIONMOVZOHRAN-25-ZMAM-B10.5,Margin of victory for Zohran Mamdani in the Mayoral Election?,KXELECTIONMOVZOHRAN-25,,9-11.99%,"If the popular vote margin of victory is 9-11.99%  for Zohran Mamdani in the 2025 NYC Mayoral Election, then the market resolves to Yes.","The margin of victory is calculated by taking the voting percentage received by Zohran Mamdani minus the percentage of the person finishing immediately behind him, or immediately ahead if he loses. Only certified results are used for resolution. If the election is cancelled, postponed beyond expiration, or no certified results are available, all markets resolve to No. Recounts that change the certified margin before expiration use the most recent certified results.


 Clarification (11/17/25):  If no rounding rules are otherwise specified, then the raw calculated margin of victory percentage will be rounded to the furthest decimal point necessary to align with listed strikes (e.g. if strikes are 6 - 8.99%, to two decimal places). In this case, the margin of victory will be rounded to two decimal points. For example, if the final margin of victory is 8.99501, this would be rounded to 9.00%.  Each candidate's vote share is calculated by dividing their total votes by the total number of ballots cast according to the certified results. A candidate's total includes all votes received across any ballot line they appear on, plus write-ins.",9-11.99%,finalized,yes,2025-08-13 14:00:00+00:00,2025-12-03 01:44:48.719034+00:00,1440,daily
1758600000,211.00,,,,,,0.0800,0.00,0.0800,0.0800,0.0800,0.0800,0.0200,0.0200,0.0200,0.0200,KXELECTIONMOVZOHRAN-25-ZMAM-B10.5,Margin of victory for Zohran Mamdani in the Mayoral Election?,KXELECTIONMOVZOHRAN-25,,9-11.99%,"If the popular vote margin of victory is 9-11.99%  for Zohran Mamdani in the 2025 NYC Mayoral Election, then the market resolves to Yes.","The margin of victory is calculated by taking the voting percentage received by Zohran Mamdani minus the percentage of the person finishing immediately behind him, or immediately ahead if he loses. Only certified results are used for resolution. If the election is cancelled, postponed beyond expiration, or no certified results are available, all markets resolve to No. Recounts that change the certified margin before expiration use the most recent certified results.


 Clarification (11/17/25):  If no rounding rules are otherwise specified, then the raw calculated margin of victory percentage will be rounded to the furthest decimal point necessary to align with listed strikes (e.g. if strikes are 6 - 8.99%, to two decimal places). In this case, the margin of victory will be rounded to two decimal points. For example, if the final margin of victory is 8.99501, this would be rounded to 9.00%.  Each candidate's vote share is calculated by dividing their total votes by the total number of ballots cast according to the certified results. A candidate's total includes all votes received across any ballot line they appear on, plus write-ins.",9-11.99%,finalized,yes,2025-08-13 14:00:00+00:00,2025-12-03 01:44:48.719034+00:00,1440,daily
1758686400,211.00,,,,,,0.0800,0.00,0.0800,0.0800,0.0800,0.0800,0.0200,0.0200,0.0200,0.0200,KXELECTIONMOVZOHRAN-25-ZMAM-B10.5,Margin of victory for Zohran Mamdani in the Mayoral Election?,KXELECTIONMOVZOHRAN-25,,9-11.99%,"If the popular vote margin of victory is 9-11.99%  for Zohran Mamdani in the 2025 NYC Mayoral Election, then the market resolves to Yes.","The margin of victory is calculated by taking the voting percentage received by Zohran Mamdani minus the percentage of the person finishing immediately behind him, or immediately ahead if he loses. Only certified results are used for resolution. If the election is cancelled, postponed beyond expiration, or no certified results are available, all markets resolve to No. Recounts that change the certified margin before expiration use the most recent certified results.


 Clarification (11/17/25):  If no rounding rules are otherwise specified, then the raw calculated margin of victory percentage will be rounded to the furthest decimal point necessary to align with listed strikes (e.g. if strikes are 6 - 8.99%, to two decimal places). In this case, the margin of victory will be rounded to two decimal points. For example, if the final margin of victory is 8.99501, this would be rounded to 9.00%.  Each candidate's vote share is calculated by dividing their total votes by the total number of ballots cast according to the certified results. A candidate's total includes all votes received across any ballot line they appear on, plus write-ins.",9-11.99%,finalized,yes,2025-08-13 14:00:00+00:00,2025-12-03 01:44:48.719034+00:00,1440,daily
1758772800,211.00,,,,,,0.0800,0.00,0.0800,0.0800,0.0800,0.0800,0.0000,0.0200,0.0000,0.0200,KXELECTIONMOVZOHRAN-25-ZMAM-B10.5,Margin of victory for Zohran Mamdani in the Mayoral Election?,KXELECTIONMOVZOHRAN-25,,9-11.99%,"If the popular vote margin of victory is 9-11.99%  for Zohran Mamdani in the 2025 NYC Mayoral Election, then the market resolves to Yes.","The margin of victory is calculated by taking the voting percentage received by Zohran Mamdani minus the percentage of the person finishing immediately behind him, or immediately ahead if he loses. Only certified results are used for resolution. If the election is cancelled, postponed beyond expiration, or no certified results are available, all markets resolve to No. Recounts that change the certified margin before expiration use the most recent certified results.


 Clarification (11/17/25):  If no rounding rules are otherwise specified, then the raw calculated margin of victory percentage will be rounded to the furthest decimal point necessary to align with listed strikes (e.g. if strikes are 6 - 8.99%, to two decimal places). In this case, the margin of victory will be rounded to two decimal points. For example, if the final margin of victory is 8.99501, this would be rounded to 9.00%.  Each candidate's vote share is calculated by dividing their total votes by the total number of ballots cast according to the certified results. A candidate's total includes all votes received across any ballot line they appear on, plus write-ins.",9-11.99%,finalized,yes,2025-08-13 14:00:00+00:00,2025-12-03 01:44:48.719034+00:00,1440,daily
1758859200,211.00,0.0900,0.0900,0.0800,0.0897,0.0800,0.0800,100.00,0.0900,0.1000,0.0800,0.0800,0.0300,0.0300,0.0000,0.0000,KXELECTIONMOVZOHRAN-25-ZMAM-B10.5,Margin of victory for Zohran Mamdani in the Mayoral Election?,KXELECTIONMOVZOHRAN-25,,9-11.99%,"If the popular vote margin of victory is 9-11.99%  for Zohran Mamdani in the 2025 NYC Mayoral Election, then the market resolves to Yes.","The margin of victory is calculated by taking the voting percentage received by Zohran Mamdani minus the percentage of the person finishing immediately behind him, or immediately ahead if he loses. Only certified results are used for resolution. If the election is cancelled, postponed beyond expiration, or no certified results are available, all markets resolve to No. Recounts that change the certified margin before expiration use the most recent certified results.


 Clarification (11/17/25):  If no rounding rules are otherwise specified, then the raw calculated margin of victory percentage will be rounded to the furthest decimal point necessary to align with listed strikes (e.g. if strikes are 6 - 8.99%, to two decimal places). In this case, the margin of victory will be rounded to two decimal points. For example, if the final margin of victory is 8.99501, this would be rounded to 9.00%.  Each candidate's vote share is calculated by dividing their total votes by the total number of ballots cast according to the certified results. A candidate's total includes all votes received across any ballot line they appear on, plus write-ins.",9-11.99%,finalized,yes,2025-08-13 14:00:00+00:00,2025-12-03 01:44:48.719034+00:00,1440,daily
1758945600,211.00,,,,,,0.0900,0.00,0.0900,0.0900,0.0900,0.0900,0.0300,0.0300,0.0300,0.0300,KXELECTIONMOVZOHRAN-25-ZMAM-B10.5,Margin of victory for Zohran Mamdani in the Mayoral Election?,KXELECTIONMOVZOHRAN-25,,9-11.99%,"If the popular vote margin of victory is 9-11.99%  for Zohran Mamdani in the 2025 NYC Mayoral Election, then the market resolves to Yes.","The margin of victory is calculated by taking the voting percentage received by Zohran Mamdani minus the percentage of the person finishing immediately behind him, or immediately ahead if he loses. Only certified results are used for resolution. If the election is cancelled, postponed beyond expiration, or no certified results are available, all markets resolve to No. Recounts that change the certified margin before expiration use the most recent certified results.


 Clarification (11/17/25):  If no rounding rules are otherwise specified, then the raw calculated margin of victory percentage will be rounded to the furthest decimal point necessary to align with listed strikes (e.g. if strikes are 6 - 8.99%, to two decimal places). In this case, the margin of victory will be rounded to two decimal points. For example, if the final margin of victory is 8.99501, this would be rounded to 9.00%.  Each candidate's vote share is calculated by dividing their total votes by the total number of ballots cast according to the certified results. A candidate's total includes all votes received across any ballot line they appear on, plus write-ins.",9-11.99%,finalized,yes,2025-08-13 14:00:00+00:00,2025-12-03 01:44:48.719034+00:00,1440,daily
1759032000,212.00,0.0900,0.0900,0.0900,0.0900,0.0900,0.0900,1.00,0.0900,0.0900,0.0900,0.0900,0.0300,0.0300,0.0300,0.0300,KXELECTIONMOVZOHRAN-25-ZMAM-B10.5,Margin of victory for Zohran Mamdani in the Mayoral Election?,KXELECTIONMOVZOHRAN-25,,9-11.99%,"If the popular vote margin of victory is 9-11.99%  for Zohran Mamdani in the 2025 NYC Mayoral Election, then the market resolves to Yes.","The margin of victory is calculated by taking the voting percentage received by Zohran Mamdani minus the percentage of the person finishing immediately behind him, or immediately ahead if he loses. Only certified results are used for resolution. If the election is cancelled, postponed beyond expiration, or no certified results are available, all markets resolve to No. Recounts that change the certified margin before expiration use the most recent certified results.


 Clarification (11/17/25):  If no rounding rules are otherwise specified, then the raw calculated margin of victory percentage will be rounded to the furthest decimal point necessary to align with listed strikes (e.g. if strikes are 6 - 8.99%, to two decimal places). In this case, the margin of victory will be rounded to two decimal points. For example, if the final margin of victory is 8.99501, this would be rounded to 9.00%.  Each candidate's vote share is calculated by dividing their total votes by the total number of ballots cast according to the certified results. A candidate's total includes all votes received across any ballot line they appear on, plus write-ins.",9-11.99%,finalized,yes,2025-08-13 14:00:00+00:00,2025-12-03 01:44:48.719034+00:00,1440,daily
1759118400,212.00,,,,,,0.0900,0.00,0.0900,0.1000,0.0900,0.0900,0.0300,0.0300,0.0300,0.0300,KXELECTIONMOVZOHRAN-25-ZMAM-B10.5,Margin of victory for Zohran Mamdani in the Mayoral Election?,KXELECTIONMOVZOHRAN-25,,9-11.99%,"If the popular vote margin of victory is 9-11.99%  for Zohran Mamdani in the 2025 NYC Mayoral Election, then the market resolves to Yes.","The margin of victory is calculated by taking the voting percentage received by Zohran Mamdani minus the percentage of the person finishing immediately behind him, or immediately ahead if he loses. Only certified results are used for resolution. If the election is cancelled, postponed beyond expiration, or no certified results are available, all markets resolve to No. Recounts that change the certified margin before expiration use the most recent certified results.


 Clarification (11/17/25):  If no rounding rules are otherwise specified, then the raw calculated margin of victory percentage will be rounded to the furthest decimal point necessary to align with listed strikes (e.g. if strikes are 6 - 8.99%, to two decimal places). In this case, the margin of victory will be rounded to two decimal points. For example, if the final margin of victory is 8.99501, this would be rounded to 9.00%.  Each candidate's vote share is calculated by dividing their total votes by the total number of ballots cast according to the certified results. A candidate's total includes all votes received across any ballot line they appear on, plus write-ins.",9-11.99%,finalized,yes,2025-08-13 14:00:00+00:00,2025-12-03 01:44:48.719034+00:00,1440,daily
1759204800,239.00,0.1000,0.1000,0.0900,0.0919,0.0900,0.0900,27.00,0.1000,0.1000,0.0900,0.0900,0.0900,0.0900,0.0300,0.0300,KXELECTIONMOVZOHRAN-25-ZMAM-B10.5,Margin of victory for Zohran Mamdani in the Mayoral Election?,KXELECTIONMOVZOHRAN-25,,9-11.99%,"If the popular vote margin of victory is 9-11.99%  for Zohran Mamdani in the 2025 NYC Mayoral Election, then the market resolves to Yes.","The margin of victory is calculated by taking the voting percentage received by Zohran Mamdani minus the percentage of the person finishing immediately behind him, or immediately ahead if he loses. Only certified results are used for resolution. If the election is cancelled, postponed beyond expiration, or no certified results are available, all markets resolve to No. Recounts that change the certified margin before expiration use the most recent certified results.


 Clarification (11/17/25):  If no rounding rules are otherwise specified, then the raw calculated margin of victory percentage will be rounded to the furthest decimal point necessary to align with listed strikes (e.g. if strikes are 6 - 8.99%, to two decimal places). In this case, the margin of victory will be rounded to two decimal points. For example, if the final margin of victory is 8.99501, this would be rounded to 9.00%.  Each candidate's vote share is calculated by dividing their total votes by the total number of ballots cast according to the certified results. A candidate's total includes all votes received across any ballot line they appear on, plus write-ins.",9-11.99%,finalized,yes,2025-08-13 14:00:00+00:00,2025-12-03 01:44:48.719034+00:00,1440,daily
1759291200,265.00,0.1000,0.1000,0.0900,0.0921,0.1000,0.1000,126.00,0.0900,0.1000,0.0900,0.1000,0.0300,0.0900,0.0300,0.0900,KXELECTIONMOVZOHRAN-25-ZMAM-B10.5,Margin of victory for Zohran Mamdani in the Mayoral Election?,KXELECTIONMOVZOHRAN-25,,9-11.99%,"If the popular vote margin of victory is 9-11.99%  for Zohran Mamdani in the 2025 NYC Mayoral Election, then the market resolves to Yes.","The margin of victory is calculated by taking the voting percentage received by Zohran Mamdani minus the percentage of the person finishing immediately behind him, or immediately ahead if he loses. Only certified results are used for resolution. If the election is cancelled, postponed beyond expiration, or no certified results are available, all markets resolve to No. Recounts that change the certified margin before expiration use the most recent certified results.


 Clarification (11/17/25):  If no rounding rules are otherwise specified, then the raw calculated margin of victory percentage will be rounded to the furthest decimal point necessary to align with listed strikes (e.g. if strikes are 6 - 8.99%, to two decimal places). In this case, the margin of victory will be rounded to two decimal points. For example, if the final margin of victory is 8.99501, this would be rounded to 9.00%.  Each candidate's vote share is calculated by dividing their total votes by the total number of ballots cast according to the certified results. A candidate's total includes all votes received across any ballot line they appear on, plus write-ins.",9-11.99%,finalized,yes,2025-08-13 14:00:00+00:00,2025-12-03 01:44:48.719034+00:00,1440,daily
1759377600,283.00,0.0900,0.0900,0.0900,0.0900,0.0900,0.1000,18.00,0.0900,0.1000,0.0900,0.0900,0.0300,0.0300,0.0300,0.0300,KXELECTIONMOVZOHRAN-25-ZMAM-B10.5,Margin of victory for Zohran Mamdani in the Mayoral Election?,KXELECTIONMOVZOHRAN-25,,9-11.99%,"If the popular vote margin of victory is 9-11.99%  for Zohran Mamdani in the 2025 NYC Mayoral Election, then the market resolves to Yes.","The margin of victory is calculated by taking the voting percentage received by Zohran Mamdani minus the percentage of the person finishing immediately behind him, or immediately ahead if he loses. Only certified results are used for resolution. If the election is cancelled, postponed beyond expiration, or no certified results are available, all markets resolve to No. Recounts that change the certified margin before expiration use the most recent certified results.


 Clarification (11/17/25):  If no rounding rules are otherwise specified, then the raw calculated margin of victory percentage will be rounded to the furthest decimal point necessary to align with listed strikes (e.g. if strikes are 6 - 8.99%, to two decimal places). In this case, the margin of victory will be rounded to two decimal points. For example, if the final margin of victory is 8.99501, this would be rounded to 9.00%.  Each candidate's vote share is calculated by dividing their total votes by the total number of ballots cast according to the certified results. A candidate's total includes all votes received across any ballot line they appear on, plus write-ins.",9-11.99%,finalized,yes,2025-08-13 14:00:00+00:00,2025-12-03 01:44:48.719034+00:00,1440,daily
1759464000,292.00,0.0900,0.0900,0.0900,0.0900,0.0900,0.0900,9.00,0.0900,0.1000,0.0900,0.0900,0.0300,0.0300,0.0300,0.0300,KXELECTIONMOVZOHRAN-25-ZMAM-B10.5,Margin of victory for Zohran Mamdani in the Mayoral Election?,KXELECTIONMOVZOHRAN-25,,9-11.99%,"If the popular vote margin of victory is 9-11.99%  for Zohran Mamdani in the 2025 NYC Mayoral Election, then the market resolves to Yes.","The margin of victory is calculated by taking the voting percentage received by Zohran Mamdani minus the percentage of the person finishing immediately behind him, or immediately ahead if he loses. Only certified results are used for resolution. If the election is cancelled, postponed beyond expiration, or no certified results are available, all markets resolve to No. Recounts that change the certified margin before expiration use the most recent certified results.


 Clarification (11/17/25):  If no rounding rules are otherwise specified, then the raw calculated margin of victory percentage will be rounded to the furthest decimal point necessary to align with listed strikes (e.g. if strikes are 6 - 8.99%, to two decimal places). In this case, the margin of victory will be rounded to two decimal points. For example, if the final margin of victory is 8.99501, this would be rounded to 9.00%.  Each candidate's vote share is calculated by dividing their total votes by the total number of ballots cast according to the certified results. A candidate's total includes all votes received across any ballot line they appear on, plus write-ins.",9-11.99%,finalized,yes,2025-08-13 14:00:00+00:00,2025-12-03 01:44:48.719034+00:00,1440,daily
1759550400,299.00,0.0900,0.0900,0.0900,0.0900,0.0900,0.0900,7.00,0.0900,0.1000,0.0900,0.0900,0.0300,0.0300,0.0300,0.0300,KXELECTIONMOVZOHRAN-25-ZMAM-B10.5,Margin of victory for Zohran Mamdani in the Mayoral Election?,KXELECTIONMOVZOHRAN-25,,9-11.99%,"If the popular vote margin of victory is 9-11.99%  for Zohran Mamdani in the 2025 NYC Mayoral Election, then the market resolves to Yes.","The margin of victory is calculated by taking the voting percentage received by Zohran Mamdani minus the percentage of the person finishing immediately behind him, or immediately ahead if he loses. Only certified results are used for resolution. If the election is cancelled, postponed beyond expiration, or no certified results are available, all markets resolve to No. Recounts that change the certified margin before expiration use the most recent certified results.


 Clarification (11/17/25):  If no rounding rules are otherwise specified, then the raw calculated margin of victory percentage will be rounded to the furthest decimal point necessary to align with listed strikes (e.g. if strikes are 6 - 8.99%, to two decimal places). In this case, the margin of victory will be rounded to two decimal points. For example, if the final margin of victory is 8.99501, this would be rounded to 9.00%.  Each candidate's vote share is calculated by dividing their total votes by the total number of ballots cast according to the certified results. A candidate's total includes all votes received across any ballot line they appear on, plus write-ins.",9-11.99%,finalized,yes,2025-08-13 14:00:00+00:00,2025-12-03 01:44:48.719034+00:00,1440,daily
1759636800,741.00,0.1100,0.1100,0.0900,0.1063,0.0900,0.0900,442.00,0.1000,0.1300,0.0900,0.0900,0.0500,0.0500,0.0300,0.0300,KXELECTIONMOVZOHRAN-25-ZMAM-B10.5,Margin of victory for Zohran Mamdani in the Mayoral Election?,KXELECTIONMOVZOHRAN-25,,9-11.99%,"If the popular vote margin of victory is 9-11.99%  for Zohran Mamdani in the 2025 NYC Mayoral Election, then the market resolves to Yes.","The margin of victory is calculated by taking the voting percentage received by Zohran Mamdani minus the percentage of the person finishing immediately behind him, or immediately ahead if he loses. Only certified results are used for resolution. If the election is cancelled, postponed beyond expiration, or no certified results are available, all markets resolve to No. Recounts that change the certified margin before expiration use the most recent certified results.


 Clarification (11/17/25):  If no rounding rules are otherwise specified, then the raw calculated margin of victory percentage will be rounded to the furthest decimal point necessary to align with listed strikes (e.g. if strikes are 6 - 8.99%, to two decimal places). In this case, the margin of victory will be rounded to two decimal points. For example, if the final margin of victory is 8.99501, this would be rounded to 9.00%.  Each candidate's vote share is calculated by dividing their total votes by the total number of ballots cast according to the certified results. A candidate's total includes all votes received across any ballot line they appear on, plus write-ins.",9-11.99%,finalized,yes,2025-08-13 14:00:00+00:00,2025-12-03 01:44:48.719034+00:00,1440,daily
1759723200,741.00,,,,,,0.1100,0.00,0.1000,0.1000,0.1000,0.1000,0.0400,0.0500,0.0400,0.0500,KXELECTIONMOVZOHRAN-25-ZMAM-B10.5,Margin of victory for Zohran Mamdani in the Mayoral Election?,KXELECTIONMOVZOHRAN-25,,9-11.99%,"If the popular vote margin of victory is 9-11.99%  for Zohran Mamdani in the 2025 NYC Mayoral Election, then the market resolves to Yes.","The margin of victory is calculated by taking the voting percentage received by Zohran Mamdani minus the percentage of the person finishing immediately behind him, or immediately ahead if he loses. Only certified results are used for resolution. If the election is cancelled, postponed beyond expiration, or no certified results are available, all markets resolve to No. Recounts that change the certified margin before expiration use the most recent certified results.


 Clarification (11/17/25):  If no rounding rules are otherwise specified, then the raw calculated margin of victory percentage will be rounded to the furthest decimal point necessary to align with listed strikes (e.g. if strikes are 6 - 8.99%, to two decimal places). In this case, the margin of victory will be rounded to two decimal points. For example, if the final margin of victory is 8.99501, this would be rounded to 9.00%.  Each candidate's vote share is calculated by dividing their total votes by the total number of ballots cast according to the certified results. A candidate's total includes all votes received across any ballot line they appear on, plus write-ins.",9-11.99%,finalized,yes,2025-08-13 14:00:00+00:00,2025-12-03 01:44:48.719034+00:00,1440,daily
1759809600,742.00,0.1000,0.1000,0.1000,0.1000,0.1000,0.1100,1.00,0.1100,0.1100,0.1000,0.1000,0.0900,0.0900,0.0300,0.0400,KXELECTIONMOVZOHRAN-25-ZMAM-B10.5,Margin of victory for Zohran Mamdani in the Mayoral Election?,KXELECTIONMOVZOHRAN-25,,9-11.99%,"If the popular vote margin of victory is 9-11.99%  for Zohran Mamdani in the 2025 NYC Mayoral Election, then the market resolves to Yes.","The margin of victory is calculated by taking the voting percentage received by Zohran Mamdani minus the percentage of the person finishing immediately behind him, or immediately ahead if he loses. Only certified results are used for resolution. If the election is cancelled, postponed beyond expiration, or no certified results are available, all markets resolve to No. Recounts that change the certified margin before expiration use the most recent certified results.


 Clarification (11/17/25):  If no rounding rules are otherwise specified, then the raw calculated margin of victory percentage will be rounded to the furthest decimal point necessary to align with listed strikes (e.g. if strikes are 6 - 8.99%, to two decimal places). In this case, the margin of victory will be rounded to two decimal points. For example, if the final margin of victory is 8.99501, this would be rounded to 9.00%.  Each candidate's vote share is calculated by dividing their total votes by the total number of ballots cast according to the certified results. A candidate's total includes all votes received across any ballot line they appear on, plus write-ins.",9-11.99%,finalized,yes,2025-08-13 14:00:00+00:00,2025-12-03 01:44:48.719034+00:00,1440,daily
1759896000,742.00,,,,,,0.1000,0.00,0.1000,0.1100,0.1000,0.1100,0.0500,0.0900,0.0400,0.0900,KXELECTIONMOVZOHRAN-25-ZMAM-B10.5,Margin of victory for Zohran Mamdani in the Mayoral Election?,KXELECTIONMOVZOHRAN-25,,9-11.99%,"If the popular vote margin of victory is 9-11.99%  for Zohran Mamdani in the 2025 NYC Mayoral Election, then the market resolves to Yes.","The margin of victory is calculated by taking the voting percentage received by Zohran Mamdani minus the percentage of the person finishing immediately behind him, or immediately ahead if he loses. Only certified results are used for resolution. If the election is cancelled, postponed beyond expiration, or no certified results are available, all markets resolve to No. Recounts that change the certified margin before expiration use the most recent certified results.


 Clarification (11/17/25):  If no rounding rules are otherwise specified, then the raw calculated margin of victory percentage will be rounded to the furthest decimal point necessary to align with listed strikes (e.g. if strikes are 6 - 8.99%, to two decimal places). In this case, the margin of victory will be rounded to two decimal points. For example, if the final margin of victory is 8.99501, this would be rounded to 9.00%.  Each candidate's vote share is calculated by dividing their total votes by the total number of ballots cast according to the certified results. A candidate's total includes all votes received across any ballot line they appear on, plus write-ins.",9-11.99%,finalized,yes,2025-08-13 14:00:00+00:00,2025-12-03 01:44:48.719034+00:00,1440,daily
1759982400,1003.00,0.1100,0.1100,0.1000,0.1074,0.1000,0.1000,261.00,0.1100,0.1100,0.1000,0.1000,0.0500,0.0600,0.0500,0.0500,KXELECTIONMOVZOHRAN-25-ZMAM-B10.5,Margin of victory for Zohran Mamdani in the Mayoral Election?,KXELECTIONMOVZOHRAN-25,,9-11.99%,"If the popular vote margin of victory is 9-11.99%  for Zohran Mamdani in the 2025 NYC Mayoral Election, then the market resolves to Yes.","The margin of victory is calculated by taking the voting percentage received by Zohran Mamdani minus the percentage of the person finishing immediately behind him, or immediately ahead if he loses. Only certified results are used for resolution. If the election is cancelled, postponed beyond expiration, or no certified results are available, all markets resolve to No. Recounts that change the certified margin before expiration use the most recent certified results.


 Clarification (11/17/25):  If no rounding rules are otherwise specified, then the raw calculated margin of victory percentage will be rounded to the furthest decimal point necessary to align with listed strikes (e.g. if strikes are 6 - 8.99%, to two decimal places). In this case, the margin of victory will be rounded to two decimal points. For example, if the final margin of victory is 8.99501, this would be rounded to 9.00%.  Each candidate's vote share is calculated by dividing their total votes by the total number of ballots cast according to the certified results. A candidate's total includes all votes received across any ballot line they appear on, plus write-ins.",9-11.99%,finalized,yes,2025-08-13 14:00:00+00:00,2025-12-03 01:44:48.719034+00:00,1440,daily
1760068800,1003.00,,,,,,0.1100,0.00,0.1000,0.1100,0.1000,0.1100,0.0600,0.0600,0.0300,0.0500,KXELECTIONMOVZOHRAN-25-ZMAM-B10.5,Margin of victory for Zohran Mamdani in the Mayoral Election?,KXELECTIONMOVZOHRAN-25,,9-11.99%,"If the popular vote margin of victory is 9-11.99%  for Zohran Mamdani in the 2025 NYC Mayoral Election, then the market resolves to Yes.","The margin of victory is calculated by taking the voting percentage received by Zohran Mamdani minus the percentage of the person finishing immediately behind him, or immediately ahead if he loses. Only certified results are used for resolution. If the election is cancelled, postponed beyond expiration, or no certified results are available, all markets resolve to No. Recounts that change the certified margin before expiration use the most recent certified results.


 Clarification (11/17/25):  If no rounding rules are otherwise specified, then the raw calculated margin of victory percentage will be rounded to the furthest decimal point necessary to align with listed strikes (e.g. if strikes are 6 - 8.99%, to two decimal places). In this case, the margin of victory will be rounded to two decimal points. For example, if the final margin of victory is 8.99501, this would be rounded to 9.00%.  Each candidate's vote share is calculated by dividing their total votes by the total number of ballots cast according to the certified results. A candidate's total includes all votes received across any ballot line they appear on, plus write-ins.",9-11.99%,finalized,yes,2025-08-13 14:00:00+00:00,2025-12-03 01:44:48.719034+00:00,1440,daily
1760155200,1003.00,,,,,,0.1100,0.00,0.1000,0.1000,0.1000,0.1000,0.0700,0.0700,0.0600,0.0600,KXELECTIONMOVZOHRAN-25-ZMAM-B10.5,Margin of victory for Zohran Mamdani in the Mayoral Election?,KXELECTIONMOVZOHRAN-25,,9-11.99%,"If the popular vote margin of victory is 9-11.99%  for Zohran Mamdani in the 2025 NYC Mayoral Election, then the market resolves to Yes.","The margin of victory is calculated by taking the voting percentage received by Zohran Mamdani minus the percentage of the person finishing immediately behind him, or immediately ahead if he loses. Only certified results are used for resolution. If the election is cancelled, postponed beyond expiration, or no certified results are available, all markets resolve to No. Recounts that change the certified margin before expiration use the most recent certified results.


 Clarification (11/17/25):  If no rounding rules are otherwise specified, then the raw calculated margin of victory percentage will be rounded to the furthest decimal point necessary to align with listed strikes (e.g. if strikes are 6 - 8.99%, to two decimal places). In this case, the margin of victory will be rounded to two decimal points. For example, if the final margin of victory is 8.99501, this would be rounded to 9.00%.  Each candidate's vote share is calculated by dividing their total votes by the total number of ballots cast according to the certified results. A candidate's total includes all votes received across any ballot line they appear on, plus write-ins.",9-11.99%,finalized,yes,2025-08-13 14:00:00+00:00,2025-12-03 01:44:48.719034+00:00,1440,daily
1760241600,1003.00,,,,,,0.1100,0.00,0.1000,0.1000,0.1000,0.1000,0.0700,0.0700,0.0700,0.0700,KXELECTIONMOVZOHRAN-25-ZMAM-B10.5,Margin of victory for Zohran Mamdani in the Mayoral Election?,KXELECTIONMOVZOHRAN-25,,9-11.99%,"If the popular vote margin of victory is 9-11.99%  for Zohran Mamdani in the 2025 NYC Mayoral Election, then the market resolves to Yes.","The margin of victory is calculated by taking the voting percentage received by Zohran Mamdani minus the percentage of the person finishing immediately behind him, or immediately ahead if he loses. Only certified results are used for resolution. If the election is cancelled, postponed beyond expiration, or no certified results are available, all markets resolve to No. Recounts that change the certified margin before expiration use the most recent certified results.


 Clarification (11/17/25):  If no rounding rules are otherwise specified, then the raw calculated margin of victory percentage will be rounded to the furthest decimal point necessary to align with listed strikes (e.g. if strikes are 6 - 8.99%, to two decimal places). In this case, the margin of victory will be rounded to two decimal points. For example, if the final margin of victory is 8.99501, this would be rounded to 9.00%.  Each candidate's vote share is calculated by dividing their total votes by the total number of ballots cast according to the certified results. A candidate's total includes all votes received across any ballot line they appear on, plus write-ins.",9-11.99%,finalized,yes,2025-08-13 14:00:00+00:00,2025-12-03 01:44:48.719034+00:00,1440,daily
1760328000,1012.00,0.0900,0.0900,0.0900,0.0900,0.0900,0.1100,9.00,0.0900,0.1000,0.0900,0.1000,0.0700,0.0700,0.0700,0.0700,KXELECTIONMOVZOHRAN-25-ZMAM-B10.5,Margin of victory for Zohran Mamdani in the Mayoral Election?,KXELECTIONMOVZOHRAN-25,,9-11.99%,"If the popular vote margin of victory is 9-11.99%  for Zohran Mamdani in the 2025 NYC Mayoral Election, then the market resolves to Yes.","The margin of victory is calculated by taking the voting percentage received by Zohran Mamdani minus the percentage of the person finishing immediately behind him, or immediately ahead if he loses. Only certified results are used for resolution. If the election is cancelled, postponed beyond expiration, or no certified results are available, all markets resolve to No. Recounts that change the certified margin before expiration use the most recent certified results.


 Clarification (11/17/25):  If no rounding rules are otherwise specified, then the raw calculated margin of victory percentage will be rounded to the furthest decimal point necessary to align with listed strikes (e.g. if strikes are 6 - 8.99%, to two decimal places). In this case, the margin of victory will be rounded to two decimal points. For example, if the final margin of victory is 8.99501, this would be rounded to 9.00%.  Each candidate's vote share is calculated by dividing their total votes by the total number of ballots cast according to the certified results. A candidate's total includes all votes received across any ballot line they appear on, plus write-ins.",9-11.99%,finalized,yes,2025-08-13 14:00:00+00:00,2025-12-03 01:44:48.719034+00:00,1440,daily
1760414400,1012.00,,,,,,0.0900,0.00,0.0900,0.0900,0.0900,0.0900,0.0700,0.0700,0.0700,0.0700,KXELECTIONMOVZOHRAN-25-ZMAM-B10.5,Margin of victory for Zohran Mamdani in the Mayoral Election?,KXELECTIONMOVZOHRAN-25,,9-11.99%,"If the popular vote margin of victory is 9-11.99%  for Zohran Mamdani in the 2025 NYC Mayoral Election, then the market resolves to Yes.","The margin of victory is calculated by taking the voting percentage received by Zohran Mamdani minus the percentage of the person finishing immediately behind him, or immediately ahead if he loses. Only certified results are used for resolution. If the election is cancelled, postponed beyond expiration, or no certified results are available, all markets resolve to No. Recounts that change the certified margin before expiration use the most recent certified results.


 Clarification (11/17/25):  If no rounding rules are otherwise specified, then the raw calculated margin of victory percentage will be rounded to the furthest decimal point necessary to align with listed strikes (e.g. if strikes are 6 - 8.99%, to two decimal places). In this case, the margin of victory will be rounded to two decimal points. For example, if the final margin of victory is 8.99501, this would be rounded to 9.00%.  Each candidate's vote share is calculated by dividing their total votes by the total number of ballots cast according to the certified results. A candidate's total includes all votes received across any ballot line they appear on, plus write-ins.",9-11.99%,finalized,yes,2025-08-13 14:00:00+00:00,2025-12-03 01:44:48.719034+00:00,1440,daily
1760500800,1012.00,,,,,,0.0900,0.00,0.0900,0.0900,0.0900,0.0900,0.0700,0.0700,0.0700,0.0700,KXELECTIONMOVZOHRAN-25-ZMAM-B10.5,Margin of victory for Zohran Mamdani in the Mayoral Election?,KXELECTIONMOVZOHRAN-25,,9-11.99%,"If the popular vote margin of victory is 9-11.99%  for Zohran Mamdani in the 2025 NYC Mayoral Election, then the market resolves to Yes.","The margin of victory is calculated by taking the voting percentage received by Zohran Mamdani minus the percentage of the person finishing immediately behind him, or immediately ahead if he loses. Only certified results are used for resolution. If the election is cancelled, postponed beyond expiration, or no certified results are available, all markets resolve to No. Recounts that change the certified margin before expiration use the most recent certified results.


 Clarification (11/17/25):  If no rounding rules are otherwise specified, then the raw calculated margin of victory percentage will be rounded to the furthest decimal point necessary to align with listed strikes (e.g. if strikes are 6 - 8.99%, to two decimal places). In this case, the margin of victory will be rounded to two decimal points. For example, if the final margin of victory is 8.99501, this would be rounded to 9.00%.  Each candidate's vote share is calculated by dividing their total votes by the total number of ballots cast according to the certified results. A candidate's total includes all votes received across any ballot line they appear on, plus write-ins.",9-11.99%,finalized,yes,2025-08-13 14:00:00+00:00,2025-12-03 01:44:48.719034+00:00,1440,daily
1760587200,1016.00,0.0900,0.0900,0.0900,0.0900,0.0900,0.0900,4.00,0.0900,0.0900,0.0900,0.0900,0.0700,0.0700,0.0700,0.0700,KXELECTIONMOVZOHRAN-25-ZMAM-B10.5,Margin of victory for Zohran Mamdani in the Mayoral Election?,KXELECTIONMOVZOHRAN-25,,9-11.99%,"If the popular vote margin of victory is 9-11.99%  for Zohran Mamdani in the 2025 NYC Mayoral Election, then the market resolves to Yes.","The margin of victory is calculated by taking the voting percentage received by Zohran Mamdani minus the percentage of the person finishing immediately behind him, or immediately ahead if he loses. Only certified results are used for resolution. If the election is cancelled, postponed beyond expiration, or no certified results are available, all markets resolve to No. Recounts that change the certified margin before expiration use the most recent certified results.


 Clarification (11/17/25):  If no rounding rules are otherwise specified, then the raw calculated margin of victory percentage will be rounded to the furthest decimal point necessary to align with listed strikes (e.g. if strikes are 6 - 8.99%, to two decimal places). In this case, the margin of victory will be rounded to two decimal points. For example, if the final margin of victory is 8.99501, this would be rounded to 9.00%.  Each candidate's vote share is calculated by dividing their total votes by the total number of ballots cast according to the certified results. A candidate's total includes all votes received across any ballot line they appear on, plus write-ins.",9-11.99%,finalized,yes,2025-08-13 14:00:00+00:00,2025-12-03 01:44:48.719034+00:00,1440,daily
1760673600,1064.00,0.1000,0.1000,0.0900,0.0977,0.0900,0.0900,48.00,0.0800,0.1000,0.0800,0.0900,0.0600,0.0700,0.0600,0.0700,KXELECTIONMOVZOHRAN-25-ZMAM-B10.5,Margin of victory for Zohran Mamdani in the Mayoral Election?,KXELECTIONMOVZOHRAN-25,,9-11.99%,"If the popular vote margin of victory is 9-11.99%  for Zohran Mamdani in the 2025 NYC Mayoral Election, then the market resolves to Yes.","The margin of victory is calculated by taking the voting percentage received by Zohran Mamdani minus the percentage of the person finishing immediately behind him, or immediately ahead if he loses. Only certified results are used for resolution. If the election is cancelled, postponed beyond expiration, or no certified results are available, all markets resolve to No. Recounts that change the certified margin before expiration use the most recent certified results.


 Clarification (11/17/25):  If no rounding rules are otherwise specified, then the raw calculated margin of victory percentage will be rounded to the furthest decimal point necessary to align with listed strikes (e.g. if strikes are 6 - 8.99%, to two decimal places). In this case, the margin of victory will be rounded to two decimal points. For example, if the final margin of victory is 8.99501, this would be rounded to 9.00%.  Each candidate's vote share is calculated by dividing their total votes by the total number of ballots cast according to the certified results. A candidate's total includes all votes received across any ballot line they appear on, plus write-ins.",9-11.99%,finalized,yes,2025-08-13 14:00:00+00:00,2025-12-03 01:44:48.719034+00:00,1440,daily
1760760000,2867.00,0.0700,0.0800,0.0600,0.0623,0.0800,0.1000,1805.00,0.0700,0.0800,0.0700,0.0800,0.0600,0.0600,0.0300,0.0600,KXELECTIONMOVZOHRAN-25-ZMAM-B10.5,Margin of victory for Zohran Mamdani in the Mayoral Election?,KXELECTIONMOVZOHRAN-25,,9-11.99%,"If the popular vote margin of victory is 9-11.99%  for Zohran Mamdani in the 2025 NYC Mayoral Election, then the market resolves to Yes.","The margin of victory is calculated by taking the voting percentage received by Zohran Mamdani minus the percentage of the person finishing immediately behind him, or immediately ahead if he loses. Only certified results are used for resolution. If the election is cancelled, postponed beyond expiration, or no certified results are available, all markets resolve to No. Recounts that change the certified margin before expiration use the most recent certified results.


 Clarification (11/17/25):  If no rounding rules are otherwise specified, then the raw calculated margin of victory percentage will be rounded to the furthest decimal point necessary to align with listed strikes (e.g. if strikes are 6 - 8.99%, to two decimal places). In this case, the margin of victory will be rounded to two decimal points. For example, if the final margin of victory is 8.99501, this would be rounded to 9.00%.  Each candidate's vote share is calculated by dividing their total votes by the total number of ballots cast according to the certified results. A candidate's total includes all votes received across any ballot line they appear on, plus write-ins.",9-11.99%,finalized,yes,2025-08-13 14:00:00+00:00,2025-12-03 01:44:48.719034+00:00,1440,daily
1760846400,5346.00,0.0700,0.0700,0.0200,0.0408,0.0600,0.0700,2482.00,0.0700,0.0700,0.0500,0.0700,0.0600,0.0600,0.0200,0.0600,KXELECTIONMOVZOHRAN-25-ZMAM-B10.5,Margin of victory for Zohran Mamdani in the Mayoral Election?,KXELECTIONMOVZOHRAN-25,,9-11.99%,"If the popular vote margin of victory is 9-11.99%  for Zohran Mamdani in the 2025 NYC Mayoral Election, then the market resolves to Yes.","The margin of victory is calculated by taking the voting percentage received by Zohran Mamdani minus the percentage of the person finishing immediately behind him, or immediately ahead if he loses. Only certified results are used for resolution. If the election is cancelled, postponed beyond expiration, or no certified results are available, all markets resolve to No. Recounts that change the certified margin before expiration use the most recent certified results.


 Clarification (11/17/25):  If no rounding rules are otherwise specified, then the raw calculated margin of victory percentage will be rounded to the furthest decimal point necessary to align with listed strikes (e.g. if strikes are 6 - 8.99%, to two decimal places). In this case, the margin of victory will be rounded to two decimal points. For example, if the final margin of victory is 8.99501, this would be rounded to 9.00%.  Each candidate's vote share is calculated by dividing their total votes by the total number of ballots cast according to the certified results. A candidate's total includes all votes received across any ballot line they appear on, plus write-ins.",9-11.99%,finalized,yes,2025-08-13 14:00:00+00:00,2025-12-03 01:44:48.719034+00:00,1440,daily
1760932800,6324.00,0.0300,0.0700,0.0300,0.0601,0.0600,0.0700,1000.00,0.0700,0.0700,0.0700,0.0700,0.0300,0.0600,0.0300,0.0600,KXELECTIONMOVZOHRAN-25-ZMAM-B10.5,Margin of victory for Zohran Mamdani in the Mayoral Election?,KXELECTIONMOVZOHRAN-25,,9-11.99%,"If the popular vote margin of victory is 9-11.99%  for Zohran Mamdani in the 2025 NYC Mayoral Election, then the market resolves to Yes.","The margin of victory is calculated by taking the voting percentage received by Zohran Mamdani minus the percentage of the person finishing immediately behind him, or immediately ahead if he loses. Only certified results are used for resolution. If the election is cancelled, postponed beyond expiration, or no certified results are available, all markets resolve to No. Recounts that change the certified margin before expiration use the most recent certified results.


 Clarification (11/17/25):  If no rounding rules are otherwise specified, then the raw calculated margin of victory percentage will be rounded to the furthest decimal point necessary to align with listed strikes (e.g. if strikes are 6 - 8.99%, to two decimal places). In this case, the margin of victory will be rounded to two decimal points. For example, if the final margin of victory is 8.99501, this would be rounded to 9.00%.  Each candidate's vote share is calculated by dividing their total votes by the total number of ballots cast according to the certified results. A candidate's total includes all votes received across any ballot line they appear on, plus write-ins.",9-11.99%,finalized,yes,2025-08-13 14:00:00+00:00,2025-12-03 01:44:48.719034+00:00,1440,daily
1761019200,6640.00,0.0700,0.0700,0.0300,0.0504,0.0300,0.0300,316.00,0.0700,0.0700,0.0600,0.0700,0.0300,0.0300,0.0300,0.0300,KXELECTIONMOVZOHRAN-25-ZMAM-B10.5,Margin of victory for Zohran Mamdani in the Mayoral Election?,KXELECTIONMOVZOHRAN-25,,9-11.99%,"If the popular vote margin of victory is 9-11.99%  for Zohran Mamdani in the 2025 NYC Mayoral Election, then the market resolves to Yes.","The margin of victory is calculated by taking the voting percentage received by Zohran Mamdani minus the percentage of the person finishing immediately behind him, or immediately ahead if he loses. Only certified results are used for resolution. If the election is cancelled, postponed beyond expiration, or no certified results are available, all markets resolve to No. Recounts that change the certified margin before expiration use the most recent certified results.


 Clarification (11/17/25):  If no rounding rules are otherwise specified, then the raw calculated margin of victory percentage will be rounded to the furthest decimal point necessary to align with listed strikes (e.g. if strikes are 6 - 8.99%, to two decimal places). In this case, the margin of victory will be rounded to two decimal points. For example, if the final margin of victory is 8.99501, this would be rounded to 9.00%.  Each candidate's vote share is calculated by dividing their total votes by the total number of ballots cast according to the certified results. A candidate's total includes all votes received across any ballot line they appear on, plus write-ins.",9-11.99%,finalized,yes,2025-08-13 14:00:00+00:00,2025-12-03 01:44:48.719034+00:00,1440,daily
1761105600,7212.00,0.0600,0.0700,0.0600,0.0673,0.0700,0.0700,572.00,0.0600,0.0700,0.0600,0.0700,0.0300,0.0600,0.0300,0.0300,KXELECTIONMOVZOHRAN-25-ZMAM-B10.5,Margin of victory for Zohran Mamdani in the Mayoral Election?,KXELECTIONMOVZOHRAN-25,,9-11.99%,"If the popular vote margin of victory is 9-11.99%  for Zohran Mamdani in the 2025 NYC Mayoral Election, then the market resolves to Yes.","The margin of victory is calculated by taking the voting percentage received by Zohran Mamdani minus the percentage of the person finishing immediately behind him, or immediately ahead if he loses. Only certified results are used for resolution. If the election is cancelled, postponed beyond expiration, or no certified results are available, all markets resolve to No. Recounts that change the certified margin before expiration use the most recent certified results.


 Clarification (11/17/25):  If no rounding rules are otherwise specified, then the raw calculated margin of victory percentage will be rounded to the furthest decimal point necessary to align with listed strikes (e.g. if strikes are 6 - 8.99%, to two decimal places). In this case, the margin of victory will be rounded to two decimal points. For example, if the final margin of victory is 8.99501, this would be rounded to 9.00%.  Each candidate's vote share is calculated by dividing their total votes by the total number of ballots cast according to the certified results. A candidate's total includes all votes received across any ballot line they appear on, plus write-ins.",9-11.99%,finalized,yes,2025-08-13 14:00:00+00:00,2025-12-03 01:44:48.719034+00:00,1440,daily
1761192000,7709.00,0.0500,0.0600,0.0300,0.0489,0.0600,0.0600,597.00,0.0500,0.0600,0.0400,0.0600,0.0400,0.0400,0.0300,0.0300,KXELECTIONMOVZOHRAN-25-ZMAM-B10.5,Margin of victory for Zohran Mamdani in the Mayoral Election?,KXELECTIONMOVZOHRAN-25,,9-11.99%,"If the popular vote margin of victory is 9-11.99%  for Zohran Mamdani in the 2025 NYC Mayoral Election, then the market resolves to Yes.","The margin of victory is calculated by taking the voting percentage received by Zohran Mamdani minus the percentage of the person finishing immediately behind him, or immediately ahead if he loses. Only certified results are used for resolution. If the election is cancelled, postponed beyond expiration, or no certified results are available, all markets resolve to No. Recounts that change the certified margin before expiration use the most recent certified results.


 Clarification (11/17/25):  If no rounding rules are otherwise specified, then the raw calculated margin of victory percentage will be rounded to the furthest decimal point necessary to align with listed strikes (e.g. if strikes are 6 - 8.99%, to two decimal places). In this case, the margin of victory will be rounded to two decimal points. For example, if the final margin of victory is 8.99501, this would be rounded to 9.00%.  Each candidate's vote share is calculated by dividing their total votes by the total number of ballots cast according to the certified results. A candidate's total includes all votes received across any ballot line they appear on, plus write-ins.",9-11.99%,finalized,yes,2025-08-13 14:00:00+00:00,2025-12-03 01:44:48.719034+00:00,1440,daily
1761278400,25321.00,0.0600,0.0600,0.0400,0.0439,0.0500,0.0500,17612.00,0.0600,0.0600,0.0400,0.0500,0.0400,0.0500,0.0300,0.0400,KXELECTIONMOVZOHRAN-25-ZMAM-B10.5,Margin of victory for Zohran Mamdani in the Mayoral Election?,KXELECTIONMOVZOHRAN-25,,9-11.99%,"If the popular vote margin of victory is 9-11.99%  for Zohran Mamdani in the 2025 NYC Mayoral Election, then the market resolves to Yes.","The margin of victory is calculated by taking the voting percentage received by Zohran Mamdani minus the percentage of the person finishing immediately behind him, or immediately ahead if he loses. Only certified results are used for resolution. If the election is cancelled, postponed beyond expiration, or no certified results are available, all markets resolve to No. Recounts that change the certified margin before expiration use the most recent certified results.


 Clarification (11/17/25):  If no rounding rules are otherwise specified, then the raw calculated margin of victory percentage will be rounded to the furthest decimal point necessary to align with listed strikes (e.g. if strikes are 6 - 8.99%, to two decimal places). In this case, the margin of victory will be rounded to two decimal points. For example, if the final margin of victory is 8.99501, this would be rounded to 9.00%.  Each candidate's vote share is calculated by dividing their total votes by the total number of ballots cast according to the certified results. A candidate's total includes all votes received across any ballot line they appear on, plus write-ins.",9-11.99%,finalized,yes,2025-08-13 14:00:00+00:00,2025-12-03 01:44:48.719034+00:00,1440,daily
1761364800,32876.00,0.0600,0.0700,0.0400,0.0527,0.0600,0.0600,7555.00,0.0600,0.0700,0.0500,0.0600,0.0500,0.0500,0.0400,0.0400,KXELECTIONMOVZOHRAN-25-ZMAM-B10.5,Margin of victory for Zohran Mamdani in the Mayoral Election?,KXELECTIONMOVZOHRAN-25,,9-11.99%,"If the popular vote margin of victory is 9-11.99%  for Zohran Mamdani in the 2025 NYC Mayoral Election, then the market resolves to Yes.","The margin of victory is calculated by taking the voting percentage received by Zohran Mamdani minus the percentage of the person finishing immediately behind him, or immediately ahead if he loses. Only certified results are used for resolution. If the election is cancelled, postponed beyond expiration, or no certified results are available, all markets resolve to No. Recounts that change the certified margin before expiration use the most recent certified results.


 Clarification (11/17/25):  If no rounding rules are otherwise specified, then the raw calculated margin of victory percentage will be rounded to the furthest decimal point necessary to align with listed strikes (e.g. if strikes are 6 - 8.99%, to two decimal places). In this case, the margin of victory will be rounded to two decimal points. For example, if the final margin of victory is 8.99501, this would be rounded to 9.00%.  Each candidate's vote share is calculated by dividing their total votes by the total number of ballots cast according to the certified results. A candidate's total includes all votes received across any ballot line they appear on, plus write-ins.",9-11.99%,finalized,yes,2025-08-13 14:00:00+00:00,2025-12-03 01:44:48.719034+00:00,1440,daily
1761451200,34984.00,0.0600,0.0600,0.0400,0.0520,0.0600,0.0600,4149.00,0.0600,0.0700,0.0500,0.0600,0.0500,0.0600,0.0400,0.0500,KXELECTIONMOVZOHRAN-25-ZMAM-B10.5,Margin of victory for Zohran Mamdani in the Mayoral Election?,KXELECTIONMOVZOHRAN-25,,9-11.99%,"If the popular vote margin of victory is 9-11.99%  for Zohran Mamdani in the 2025 NYC Mayoral Election, then the market resolves to Yes.","The margin of victory is calculated by taking the voting percentage received by Zohran Mamdani minus the percentage of the person finishing immediately behind him, or immediately ahead if he loses. Only certified results are used for resolution. If the election is cancelled, postponed beyond expiration, or no certified results are available, all markets resolve to No. Recounts that change the certified margin before expiration use the most recent certified results.


 Clarification (11/17/25):  If no rounding rules are otherwise specified, then the raw calculated margin of victory percentage will be rounded to the furthest decimal point necessary to align with listed strikes (e.g. if strikes are 6 - 8.99%, to two decimal places). In this case, the margin of victory will be rounded to two decimal points. For example, if the final margin of victory is 8.99501, this would be rounded to 9.00%.  Each candidate's vote share is calculated by dividing their total votes by the total number of ballots cast according to the certified results. A candidate's total includes all votes received across any ballot line they appear on, plus write-ins.",9-11.99%,finalized,yes,2025-08-13 14:00:00+00:00,2025-12-03 01:44:48.719034+00:00,1440,daily
1761537600,35028.00,0.0500,0.0600,0.0400,0.0490,0.0600,0.0600,346.00,0.0500,0.0600,0.0500,0.0600,0.0400,0.0500,0.0400,0.0500,KXELECTIONMOVZOHRAN-25-ZMAM-B10.5,Margin of victory for Zohran Mamdani in the Mayoral Election?,KXELECTIONMOVZOHRAN-25,,9-11.99%,"If the popular vote margin of victory is 9-11.99%  for Zohran Mamdani in the 2025 NYC Mayoral Election, then the market resolves to Yes.","The margin of victory is calculated by taking the voting percentage received by Zohran Mamdani minus the percentage of the person finishing immediately behind him, or immediately ahead if he loses. Only certified results are used for resolution. If the election is cancelled, postponed beyond expiration, or no certified results are available, all markets resolve to No. Recounts that change the certified margin before expiration use the most recent certified results.


 Clarification (11/17/25):  If no rounding rules are otherwise specified, then the raw calculated margin of victory percentage will be rounded to the furthest decimal point necessary to align with listed strikes (e.g. if strikes are 6 - 8.99%, to two decimal places). In this case, the margin of victory will be rounded to two decimal points. For example, if the final margin of victory is 8.99501, this would be rounded to 9.00%.  Each candidate's vote share is calculated by dividing their total votes by the total number of ballots cast according to the certified results. A candidate's total includes all votes received across any ballot line they appear on, plus write-ins.",9-11.99%,finalized,yes,2025-08-13 14:00:00+00:00,2025-12-03 01:44:48.719034+00:00,1440,daily
1761624000,44845.00,0.0700,0.0700,0.0300,0.0517,0.0400,0.0500,41074.00,0.0700,0.0900,0.0400,0.0500,0.0500,0.0600,0.0100,0.0400,KXELECTIONMOVZOHRAN-25-ZMAM-B10.5,Margin of victory for Zohran Mamdani in the Mayoral Election?,KXELECTIONMOVZOHRAN-25,,9-11.99%,"If the popular vote margin of victory is 9-11.99%  for Zohran Mamdani in the 2025 NYC Mayoral Election, then the market resolves to Yes.","The margin of victory is calculated by taking the voting percentage received by Zohran Mamdani minus the percentage of the person finishing immediately behind him, or immediately ahead if he loses. Only certified results are used for resolution. If the election is cancelled, postponed beyond expiration, or no certified results are available, all markets resolve to No. Recounts that change the certified margin before expiration use the most recent certified results.


 Clarification (11/17/25):  If no rounding rules are otherwise specified, then the raw calculated margin of victory percentage will be rounded to the furthest decimal point necessary to align with listed strikes (e.g. if strikes are 6 - 8.99%, to two decimal places). In this case, the margin of victory will be rounded to two decimal points. For example, if the final margin of victory is 8.99501, this would be rounded to 9.00%.  Each candidate's vote share is calculated by dividing their total votes by the total number of ballots cast according to the certified results. A candidate's total includes all votes received across any ballot line they appear on, plus write-ins.",9-11.99%,finalized,yes,2025-08-13 14:00:00+00:00,2025-12-03 01:44:48.719034+00:00,1440,daily
1761710400,83193.00,0.1400,0.2000,0.0700,0.1204,0.0700,0.0700,40323.00,0.1400,0.2100,0.0700,0.0700,0.1100,0.1300,0.0500,0.0500,KXELECTIONMOVZOHRAN-25-ZMAM-B10.5,Margin of victory for Zohran Mamdani in the Mayoral Election?,KXELECTIONMOVZOHRAN-25,,9-11.99%,"If the popular vote margin of victory is 9-11.99%  for Zohran Mamdani in the 2025 NYC Mayoral Election, then the market resolves to Yes.","The margin of victory is calculated by taking the voting percentage received by Zohran Mamdani minus the percentage of the person finishing immediately behind him, or immediately ahead if he loses. Only certified results are used for resolution. If the election is cancelled, postponed beyond expiration, or no certified results are available, all markets resolve to No. Recounts that change the certified margin before expiration use the most recent certified results.


 Clarification (11/17/25):  If no rounding rules are otherwise specified, then the raw calculated margin of victory percentage will be rounded to the furthest decimal point necessary to align with listed strikes (e.g. if strikes are 6 - 8.99%, to two decimal places). In this case, the margin of victory will be rounded to two decimal points. For example, if the final margin of victory is 8.99501, this would be rounded to 9.00%.  Each candidate's vote share is calculated by dividing their total votes by the total number of ballots cast according to the certified results. A candidate's total includes all votes received across any ballot line they appear on, plus write-ins.",9-11.99%,finalized,yes,2025-08-13 14:00:00+00:00,2025-12-03 01:44:48.719034+00:00,1440,daily
1761796800,120272.00,0.1400,0.1700,0.1100,0.1320,0.1400,0.1400,48937.00,0.1400,0.2000,0.1200,0.1400,0.1300,0.1500,0.1000,0.1100,KXELECTIONMOVZOHRAN-25-ZMAM-B10.5,Margin of victory for Zohran Mamdani in the Mayoral Election?,KXELECTIONMOVZOHRAN-25,,9-11.99%,"If the popular vote margin of victory is 9-11.99%  for Zohran Mamdani in the 2025 NYC Mayoral Election, then the market resolves to Yes.","The margin of victory is calculated by taking the voting percentage received by Zohran Mamdani minus the percentage of the person finishing immediately behind him, or immediately ahead if he loses. Only certified results are used for resolution. If the election is cancelled, postponed beyond expiration, or no certified results are available, all markets resolve to No. Recounts that change the certified margin before expiration use the most recent certified results.


 Clarification (11/17/25):  If no rounding rules are otherwise specified, then the raw calculated margin of victory percentage will be rounded to the furthest decimal point necessary to align with listed strikes (e.g. if strikes are 6 - 8.99%, to two decimal places). In this case, the margin of victory will be rounded to two decimal points. For example, if the final margin of victory is 8.99501, this would be rounded to 9.00%.  Each candidate's vote share is calculated by dividing their total votes by the total number of ballots cast according to the certified results. A candidate's total includes all votes received across any ballot line they appear on, plus write-ins.",9-11.99%,finalized,yes,2025-08-13 14:00:00+00:00,2025-12-03 01:44:48.719034+00:00,1440,daily
1761883200,130842.00,0.1200,0.1400,0.1100,0.1241,0.1300,0.1400,29257.00,0.1200,0.1400,0.1200,0.1400,0.1100,0.1300,0.1100,0.1300,KXELECTIONMOVZOHRAN-25-ZMAM-B10.5,Margin of victory for Zohran Mamdani in the Mayoral Election?,KXELECTIONMOVZOHRAN-25,,9-11.99%,"If the popular vote margin of victory is 9-11.99%  for Zohran Mamdani in the 2025 NYC Mayoral Election, then the market resolves to Yes.","The margin of victory is calculated by taking the voting percentage received by Zohran Mamdani minus the percentage of the person finishing immediately behind him, or immediately ahead if he loses. Only certified results are used for resolution. If the election is cancelled, postponed beyond expiration, or no certified results are available, all markets resolve to No. Recounts that change the certified margin before expiration use the most recent certified results.


 Clarification (11/17/25):  If no rounding rules are otherwise specified, then the raw calculated margin of victory percentage will be rounded to the furthest decimal point necessary to align with listed strikes (e.g. if strikes are 6 - 8.99%, to two decimal places). In this case, the margin of victory will be rounded to two decimal points. For example, if the final margin of victory is 8.99501, this would be rounded to 9.00%.  Each candidate's vote share is calculated by dividing their total votes by the total number of ballots cast according to the certified results. A candidate's total includes all votes received across any ballot line they appear on, plus write-ins.",9-11.99%,finalized,yes,2025-08-13 14:00:00+00:00,2025-12-03 01:44:48.719034+00:00,1440,daily
1761969600,134028.00,0.1100,0.1200,0.1000,0.1144,0.1100,0.1200,14777.00,0.1100,0.1200,0.1100,0.1200,0.1000,0.1100,0.1000,0.1100,KXELECTIONMOVZOHRAN-25-ZMAM-B10.5,Margin of victory for Zohran Mamdani in the Mayoral Election?,KXELECTIONMOVZOHRAN-25,,9-11.99%,"If the popular vote margin of victory is 9-11.99%  for Zohran Mamdani in the 2025 NYC Mayoral Election, then the market resolves to Yes.","The margin of victory is calculated by taking the voting percentage received by Zohran Mamdani minus the percentage of the person finishing immediately behind him, or immediately ahead if he loses. Only certified results are used for resolution. If the election is cancelled, postponed beyond expiration, or no certified results are available, all markets resolve to No. Recounts that change the certified margin before expiration use the most recent certified results.


 Clarification (11/17/25):  If no rounding rules are otherwise specified, then the raw calculated margin of victory percentage will be rounded to the furthest decimal point necessary to align with listed strikes (e.g. if strikes are 6 - 8.99%, to two decimal places). In this case, the margin of victory will be rounded to two decimal points. For example, if the final margin of victory is 8.99501, this would be rounded to 9.00%.  Each candidate's vote share is calculated by dividing their total votes by the total number of ballots cast according to the certified results. A candidate's total includes all votes received across any ballot line they appear on, plus write-ins.",9-11.99%,finalized,yes,2025-08-13 14:00:00+00:00,2025-12-03 01:44:48.719034+00:00,1440,daily
1762056000,139656.00,0.1100,0.1100,0.1000,0.1077,0.1100,0.1100,7102.00,0.1100,0.1100,0.1100,0.1100,0.1000,0.1000,0.1000,0.1000,KXELECTIONMOVZOHRAN-25-ZMAM-B10.5,Margin of victory for Zohran Mamdani in the Mayoral Election?,KXELECTIONMOVZOHRAN-25,,9-11.99%,"If the popular vote margin of victory is 9-11.99%  for Zohran Mamdani in the 2025 NYC Mayoral Election, then the market resolves to Yes.","The margin of victory is calculated by taking the voting percentage received by Zohran Mamdani minus the percentage of the person finishing immediately behind him, or immediately ahead if he loses. Only certified results are used for resolution. If the election is cancelled, postponed beyond expiration, or no certified results are available, all markets resolve to No. Recounts that change the certified margin before expiration use the most recent certified results.


 Clarification (11/17/25):  If no rounding rules are otherwise specified, then the raw calculated margin of victory percentage will be rounded to the furthest decimal point necessary to align with listed strikes (e.g. if strikes are 6 - 8.99%, to two decimal places). In this case, the margin of victory will be rounded to two decimal points. For example, if the final margin of victory is 8.99501, this would be rounded to 9.00%.  Each candidate's vote share is calculated by dividing their total votes by the total number of ballots cast according to the certified results. A candidate's total includes all votes received across any ballot line they appear on, plus write-ins.",9-11.99%,finalized,yes,2025-08-13 14:00:00+00:00,2025-12-03 01:44:48.719034+00:00,1440,daily
1762142400,168208.00,,,,,,0.1000,0.00,0.1100,0.1100,0.1100,0.1100,0.1000,0.1000,0.1000,0.1000,KXELECTIONMOVZOHRAN-25-ZMAM-B10.5,Margin of victory for Zohran Mamdani in the Mayoral Election?,KXELECTIONMOVZOHRAN-25,,9-11.99%,"If the popular vote margin of victory is 9-11.99%  for Zohran Mamdani in the 2025 NYC Mayoral Election, then the market resolves to Yes.","The margin of victory is calculated by taking the voting percentage received by Zohran Mamdani minus the percentage of the person finishing immediately behind him, or immediately ahead if he loses. Only certified results are used for resolution. If the election is cancelled, postponed beyond expiration, or no certified results are available, all markets resolve to No. Recounts that change the certified margin before expiration use the most recent certified results.


 Clarification (11/17/25):  If no rounding rules are otherwise specified, then the raw calculated margin of victory percentage will be rounded to the furthest decimal point necessary to align with listed strikes (e.g. if strikes are 6 - 8.99%, to two decimal places). In this case, the margin of victory will be rounded to two decimal points. For example, if the final margin of victory is 8.99501, this would be rounded to 9.00%.  Each candidate's vote share is calculated by dividing their total votes by the total number of ballots cast according to the certified results. A candidate's total includes all votes received across any ballot line they appear on, plus write-ins.",9-11.99%,finalized,yes,2025-08-13 14:00:00+00:00,2025-12-03 01:44:48.719034+00:00,1440,daily
1762232400,268214.00,0.0800,0.1100,0.0800,0.0913,0.1000,0.1000,150789.00,0.0800,0.1100,0.0800,0.1100,0.0700,0.1000,0.0700,0.1000,KXELECTIONMOVZOHRAN-25-ZMAM-B10.5,Margin of victory for Zohran Mamdani in the Mayoral Election?,KXELECTIONMOVZOHRAN-25,,9-11.99%,"If the popular vote margin of victory is 9-11.99%  for Zohran Mamdani in the 2025 NYC Mayoral Election, then the market resolves to Yes.","The margin of victory is calculated by taking the voting percentage received by Zohran Mamdani minus the percentage of the person finishing immediately behind him, or immediately ahead if he loses. Only certified results are used for resolution. If the election is cancelled, postponed beyond expiration, or no certified results are available, all markets resolve to No. Recounts that change the certified margin before expiration use the most recent certified results.


 Clarification (11/17/25):  If no rounding rules are otherwise specified, then the raw calculated margin of victory percentage will be rounded to the furthest decimal point necessary to align with listed strikes (e.g. if strikes are 6 - 8.99%, to two decimal places). In this case, the margin of victory will be rounded to two decimal points. For example, if the final margin of victory is 8.99501, this would be rounded to 9.00%.  Each candidate's vote share is calculated by dividing their total votes by the total number of ballots cast according to the certified results. A candidate's total includes all votes received across any ballot line they appear on, plus write-ins.",9-11.99%,finalized,yes,2025-08-13 14:00:00+00:00,2025-12-03 01:44:48.719034+00:00,1440,daily
1762318800,629323.00,0.6500,0.8800,0.0100,0.3490,0.0700,0.0800,957580.00,0.6500,0.8800,0.0700,0.0800,0.6300,0.8600,0.0100,0.0700,KXELECTIONMOVZOHRAN-25-ZMAM-B10.5,Margin of victory for Zohran Mamdani in the Mayoral Election?,KXELECTIONMOVZOHRAN-25,,9-11.99%,"If the popular vote margin of victory is 9-11.99%  for Zohran Mamdani in the 2025 NYC Mayoral Election, then the market resolves to Yes.","The margin of victory is calculated by taking the voting percentage received by Zohran Mamdani minus the percentage of the person finishing immediately behind him, or immediately ahead if he loses. Only certified results are used for resolution. If the election is cancelled, postponed beyond expiration, or no certified results are available, all markets resolve to No. Recounts that change the certified margin before expiration use the most recent certified results.


 Clarification (11/17/25):  If no rounding rules are otherwise specified, then the raw calculated margin of victory percentage will be rounded to the furthest decimal point necessary to align with listed strikes (e.g. if strikes are 6 - 8.99%, to two decimal places). In this case, the margin of victory will be rounded to two decimal points. For example, if the final margin of victory is 8.99501, this would be rounded to 9.00%.  Each candidate's vote share is calculated by dividing their total votes by the total number of ballots cast according to the certified results. A candidate's total includes all votes received across any ballot line they appear on, plus write-ins.",9-11.99%,finalized,yes,2025-08-13 14:00:00+00:00,2025-12-03 01:44:48.719034+00:00,1440,daily
1762405200,622556.00,0.4900,0.7600,0.1800,0.3920,0.6500,0.6500,566050.00,0.5100,0.7600,0.1900,0.6500,0.5000,0.6700,0.1800,0.6300,KXELECTIONMOVZOHRAN-25-ZMAM-B10.5,Margin of victory for Zohran Mamdani in the Mayoral Election?,KXELECTIONMOVZOHRAN-25,,9-11.99%,"If the popular vote margin of victory is 9-11.99%  for Zohran Mamdani in the 2025 NYC Mayoral Election, then the market resolves to Yes.","The margin of victory is calculated by taking the voting percentage received by Zohran Mamdani minus the percentage of the person finishing immediately behind him, or immediately ahead if he loses. Only certified results are used for resolution. If the election is cancelled, postponed beyond expiration, or no certified results are available, all markets resolve to No. Recounts that change the certified margin before expiration use the most recent certified results.


 Clarification (11/17/25):  If no rounding rules are otherwise specified, then the raw calculated margin of victory percentage will be rounded to the furthest decimal point necessary to align with listed strikes (e.g. if strikes are 6 - 8.99%, to two decimal places). In this case, the margin of victory will be rounded to two decimal points. For example, if the final margin of victory is 8.99501, this would be rounded to 9.00%.  Each candidate's vote share is calculated by dividing their total votes by the total number of ballots cast according to the certified results. A candidate's total includes all votes received across any ballot line they appear on, plus write-ins.",9-11.99%,finalized,yes,2025-08-13 14:00:00+00:00,2025-12-03 01:44:48.719034+00:00,1440,daily
1762491600,631277.00,0.5400,0.7100,0.4700,0.5304,0.5100,0.4900,142340.00,0.5400,0.7100,0.4800,0.5100,0.5000,0.6800,0.4600,0.5000,KXELECTIONMOVZOHRAN-25-ZMAM-B10.5,Margin of victory for Zohran Mamdani in the Mayoral Election?,KXELECTIONMOVZOHRAN-25,,9-11.99%,"If the popular vote margin of victory is 9-11.99%  for Zohran Mamdani in the 2025 NYC Mayoral Election, then the market resolves to Yes.","The margin of victory is calculated by taking the voting percentage received by Zohran Mamdani minus the percentage of the person finishing immediately behind him, or immediately ahead if he loses. Only certified results are used for resolution. If the election is cancelled, postponed beyond expiration, or no certified results are available, all markets resolve to No. Recounts that change the certified margin before expiration use the most recent certified results.


 Clarification (11/17/25):  If no rounding rules are otherwise specified, then the raw calculated margin of victory percentage will be rounded to the furthest decimal point necessary to align with listed strikes (e.g. if strikes are 6 - 8.99%, to two decimal places). In this case, the margin of victory will be rounded to two decimal points. For example, if the final margin of victory is 8.99501, this would be rounded to 9.00%.  Each candidate's vote share is calculated by dividing their total votes by the total number of ballots cast according to the certified results. A candidate's total includes all votes received across any ballot line they appear on, plus write-ins.",9-11.99%,finalized,yes,2025-08-13 14:00:00+00:00,2025-12-03 01:44:48.719034+00:00,1440,daily
1762578000,665648.00,0.5800,0.6300,0.4300,0.5306,0.5400,0.5400,91561.00,0.5800,0.6300,0.4500,0.5400,0.5700,0.6200,0.4300,0.5000,KXELECTIONMOVZOHRAN-25-ZMAM-B10.5,Margin of victory for Zohran Mamdani in the Mayoral Election?,KXELECTIONMOVZOHRAN-25,,9-11.99%,"If the popular vote margin of victory is 9-11.99%  for Zohran Mamdani in the 2025 NYC Mayoral Election, then the market resolves to Yes.","The margin of victory is calculated by taking the voting percentage received by Zohran Mamdani minus the percentage of the person finishing immediately behind him, or immediately ahead if he loses. Only certified results are used for resolution. If the election is cancelled, postponed beyond expiration, or no certified results are available, all markets resolve to No. Recounts that change the certified margin before expiration use the most recent certified results.


 Clarification (11/17/25):  If no rounding rules are otherwise specified, then the raw calculated margin of victory percentage will be rounded to the furthest decimal point necessary to align with listed strikes (e.g. if strikes are 6 - 8.99%, to two decimal places). In this case, the margin of victory will be rounded to two decimal points. For example, if the final margin of victory is 8.99501, this would be rounded to 9.00%.  Each candidate's vote share is calculated by dividing their total votes by the total number of ballots cast according to the certified results. A candidate's total includes all votes received across any ballot line they appear on, plus write-ins.",9-11.99%,finalized,yes,2025-08-13 14:00:00+00:00,2025-12-03 01:44:48.719034+00:00,1440,daily
1762664400,672790.00,0.5600,0.6100,0.5400,0.5828,0.5800,0.5800,44842.00,0.5700,0.6200,0.5700,0.5800,0.5600,0.6000,0.5200,0.5700,KXELECTIONMOVZOHRAN-25-ZMAM-B10.5,Margin of victory for Zohran Mamdani in the Mayoral Election?,KXELECTIONMOVZOHRAN-25,,9-11.99%,"If the popular vote margin of victory is 9-11.99%  for Zohran Mamdani in the 2025 NYC Mayoral Election, then the market resolves to Yes.","The margin of victory is calculated by taking the voting percentage received by Zohran Mamdani minus the percentage of the person finishing immediately behind him, or immediately ahead if he loses. Only certified results are used for resolution. If the election is cancelled, postponed beyond expiration, or no certified results are available, all markets resolve to No. Recounts that change the certified margin before expiration use the most recent certified results.


 Clarification (11/17/25):  If no rounding rules are otherwise specified, then the raw calculated margin of victory percentage will be rounded to the furthest decimal point necessary to align with listed strikes (e.g. if strikes are 6 - 8.99%, to two decimal places). In this case, the margin of victory will be rounded to two decimal points. For example, if the final margin of victory is 8.99501, this would be rounded to 9.00%.  Each candidate's vote share is calculated by dividing their total votes by the total number of ballots cast according to the certified results. A candidate's total includes all votes received across any ballot line they appear on, plus write-ins.",9-11.99%,finalized,yes,2025-08-13 14:00:00+00:00,2025-12-03 01:44:48.719034+00:00,1440,daily
1762750800,678439.00,0.5500,0.6000,0.5400,0.5716,0.5700,0.5600,21213.00,0.5700,0.6000,0.5600,0.5700,0.5500,0.5900,0.5300,0.5600,KXELECTIONMOVZOHRAN-25-ZMAM-B10.5,Margin of victory for Zohran Mamdani in the Mayoral Election?,KXELECTIONMOVZOHRAN-25,,9-11.99%,"If the popular vote margin of victory is 9-11.99%  for Zohran Mamdani in the 2025 NYC Mayoral Election, then the market resolves to Yes.","The margin of victory is calculated by taking the voting percentage received by Zohran Mamdani minus the percentage of the person finishing immediately behind him, or immediately ahead if he loses. Only certified results are used for resolution. If the election is cancelled, postponed beyond expiration, or no certified results are available, all markets resolve to No. Recounts that change the certified margin before expiration use the most recent certified results.


 Clarification (11/17/25):  If no rounding rules are otherwise specified, then the raw calculated margin of victory percentage will be rounded to the furthest decimal point necessary to align with listed strikes (e.g. if strikes are 6 - 8.99%, to two decimal places). In this case, the margin of victory will be rounded to two decimal points. For example, if the final margin of victory is 8.99501, this would be rounded to 9.00%.  Each candidate's vote share is calculated by dividing their total votes by the total number of ballots cast according to the certified results. A candidate's total includes all votes received across any ballot line they appear on, plus write-ins.",9-11.99%,finalized,yes,2025-08-13 14:00:00+00:00,2025-12-03 01:44:48.719034+00:00,1440,daily
1762837200,681307.00,0.5900,0.6000,0.5200,0.5583,0.5500,0.5500,11242.00,0.5900,0.6000,0.5400,0.5700,0.5800,0.5900,0.5200,0.5500,KXELECTIONMOVZOHRAN-25-ZMAM-B10.5,Margin of victory for Zohran Mamdani in the Mayoral Election?,KXELECTIONMOVZOHRAN-25,,9-11.99%,"If the popular vote margin of victory is 9-11.99%  for Zohran Mamdani in the 2025 NYC Mayoral Election, then the market resolves to Yes.","The margin of victory is calculated by taking the voting percentage received by Zohran Mamdani minus the percentage of the person finishing immediately behind him, or immediately ahead if he loses. Only certified results are used for resolution. If the election is cancelled, postponed beyond expiration, or no certified results are available, all markets resolve to No. Recounts that change the certified margin before expiration use the most recent certified results.


 Clarification (11/17/25):  If no rounding rules are otherwise specified, then the raw calculated margin of victory percentage will be rounded to the furthest decimal point necessary to align with listed strikes (e.g. if strikes are 6 - 8.99%, to two decimal places). In this case, the margin of victory will be rounded to two decimal points. For example, if the final margin of victory is 8.99501, this would be rounded to 9.00%.  Each candidate's vote share is calculated by dividing their total votes by the total number of ballots cast according to the certified results. A candidate's total includes all votes received across any ballot line they appear on, plus write-ins.",9-11.99%,finalized,yes,2025-08-13 14:00:00+00:00,2025-12-03 01:44:48.719034+00:00,1440,daily
1762923600,695230.00,0.5500,0.6600,0.5300,0.5982,0.5900,0.5900,51356.00,0.5500,0.6600,0.5500,0.5900,0.5400,0.6500,0.5200,0.5800,KXELECTIONMOVZOHRAN-25-ZMAM-B10.5,Margin of victory for Zohran Mamdani in the Mayoral Election?,KXELECTIONMOVZOHRAN-25,,9-11.99%,"If the popular vote margin of victory is 9-11.99%  for Zohran Mamdani in the 2025 NYC Mayoral Election, then the market resolves to Yes.","The margin of victory is calculated by taking the voting percentage received by Zohran Mamdani minus the percentage of the person finishing immediately behind him, or immediately ahead if he loses. Only certified results are used for resolution. If the election is cancelled, postponed beyond expiration, or no certified results are available, all markets resolve to No. Recounts that change the certified margin before expiration use the most recent certified results.


 Clarification (11/17/25):  If no rounding rules are otherwise specified, then the raw calculated margin of victory percentage will be rounded to the furthest decimal point necessary to align with listed strikes (e.g. if strikes are 6 - 8.99%, to two decimal places). In this case, the margin of victory will be rounded to two decimal points. For example, if the final margin of victory is 8.99501, this would be rounded to 9.00%.  Each candidate's vote share is calculated by dividing their total votes by the total number of ballots cast according to the certified results. A candidate's total includes all votes received across any ballot line they appear on, plus write-ins.",9-11.99%,finalized,yes,2025-08-13 14:00:00+00:00,2025-12-03 01:44:48.719034+00:00,1440,daily
1763010000,696737.00,0.5200,0.5600,0.4900,0.5165,0.5500,0.5500,27469.00,0.5200,0.5700,0.5000,0.5500,0.5100,0.5500,0.4900,0.5400,KXELECTIONMOVZOHRAN-25-ZMAM-B10.5,Margin of victory for Zohran Mamdani in the Mayoral Election?,KXELECTIONMOVZOHRAN-25,,9-11.99%,"If the popular vote margin of victory is 9-11.99%  for Zohran Mamdani in the 2025 NYC Mayoral Election, then the market resolves to Yes.","The margin of victory is calculated by taking the voting percentage received by Zohran Mamdani minus the percentage of the person finishing immediately behind him, or immediately ahead if he loses. Only certified results are used for resolution. If the election is cancelled, postponed beyond expiration, or no certified results are available, all markets resolve to No. Recounts that change the certified margin before expiration use the most recent certified results.


 Clarification (11/17/25):  If no rounding rules are otherwise specified, then the raw calculated margin of victory percentage will be rounded to the furthest decimal point necessary to align with listed strikes (e.g. if strikes are 6 - 8.99%, to two decimal places). In this case, the margin of victory will be rounded to two decimal points. For example, if the final margin of victory is 8.99501, this would be rounded to 9.00%.  Each candidate's vote share is calculated by dividing their total votes by the total number of ballots cast according to the certified results. A candidate's total includes all votes received across any ballot line they appear on, plus write-ins.",9-11.99%,finalized,yes,2025-08-13 14:00:00+00:00,2025-12-03 01:44:48.719034+00:00,1440,daily
1763096400,692819.00,0.5100,0.5300,0.4900,0.5070,0.5100,0.5200,20871.00,0.5200,0.5400,0.5000,0.5200,0.5100,0.5300,0.4900,0.5100,KXELECTIONMOVZOHRAN-25-ZMAM-B10.5,Margin of victory for Zohran Mamdani in the Mayoral Election?,KXELECTIONMOVZOHRAN-25,,9-11.99%,"If the popular vote margin of victory is 9-11.99%  for Zohran Mamdani in the 2025 NYC Mayoral Election, then the market resolves to Yes.","The margin of victory is calculated by taking the voting percentage received by Zohran Mamdani minus the percentage of the person finishing immediately behind him, or immediately ahead if he loses. Only certified results are used for resolution. If the election is cancelled, postponed beyond expiration, or no certified results are available, all markets resolve to No. Recounts that change the certified margin before expiration use the most recent certified results.


 Clarification (11/17/25):  If no rounding rules are otherwise specified, then the raw calculated margin of victory percentage will be rounded to the furthest decimal point necessary to align with listed strikes (e.g. if strikes are 6 - 8.99%, to two decimal places). In this case, the margin of victory will be rounded to two decimal points. For example, if the final margin of victory is 8.99501, this would be rounded to 9.00%.  Each candidate's vote share is calculated by dividing their total votes by the total number of ballots cast according to the certified results. A candidate's total includes all votes received across any ballot line they appear on, plus write-ins.",9-11.99%,finalized,yes,2025-08-13 14:00:00+00:00,2025-12-03 01:44:48.719034+00:00,1440,daily
1763182800,698767.00,0.5500,0.5900,0.5100,0.5394,0.5200,0.5100,15475.00,0.5600,0.5900,0.5200,0.5200,0.5400,0.5500,0.5100,0.5100,KXELECTIONMOVZOHRAN-25-ZMAM-B10.5,Margin of victory for Zohran Mamdani in the Mayoral Election?,KXELECTIONMOVZOHRAN-25,,9-11.99%,"If the popular vote margin of victory is 9-11.99%  for Zohran Mamdani in the 2025 NYC Mayoral Election, then the market resolves to Yes.","The margin of victory is calculated by taking the voting percentage received by Zohran Mamdani minus the percentage of the person finishing immediately behind him, or immediately ahead if he loses. Only certified results are used for resolution. If the election is cancelled, postponed beyond expiration, or no certified results are available, all markets resolve to No. Recounts that change the certified margin before expiration use the most recent certified results.


 Clarification (11/17/25):  If no rounding rules are otherwise specified, then the raw calculated margin of victory percentage will be rounded to the furthest decimal point necessary to align with listed strikes (e.g. if strikes are 6 - 8.99%, to two decimal places). In this case, the margin of victory will be rounded to two decimal points. For example, if the final margin of victory is 8.99501, this would be rounded to 9.00%.  Each candidate's vote share is calculated by dividing their total votes by the total number of ballots cast according to the certified results. A candidate's total includes all votes received across any ballot line they appear on, plus write-ins.",9-11.99%,finalized,yes,2025-08-13 14:00:00+00:00,2025-12-03 01:44:48.719034+00:00,1440,daily
1763269200,700620.00,0.5800,0.6000,0.5200,0.5573,0.5400,0.5500,16389.00,0.5800,0.6000,0.5400,0.5600,0.5700,0.5800,0.5200,0.5400,KXELECTIONMOVZOHRAN-25-ZMAM-B10.5,Margin of victory for Zohran Mamdani in the Mayoral Election?,KXELECTIONMOVZOHRAN-25,,9-11.99%,"If the popular vote margin of victory is 9-11.99%  for Zohran Mamdani in the 2025 NYC Mayoral Election, then the market resolves to Yes.","The margin of victory is calculated by taking the voting percentage received by Zohran Mamdani minus the percentage of the person finishing immediately behind him, or immediately ahead if he loses. Only certified results are used for resolution. If the election is cancelled, postponed beyond expiration, or no certified results are available, all markets resolve to No. Recounts that change the certified margin before expiration use the most recent certified results.


 Clarification (11/17/25):  If no rounding rules are otherwise specified, then the raw calculated margin of victory percentage will be rounded to the furthest decimal point necessary to align with listed strikes (e.g. if strikes are 6 - 8.99%, to two decimal places). In this case, the margin of victory will be rounded to two decimal points. For example, if the final margin of victory is 8.99501, this would be rounded to 9.00%.  Each candidate's vote share is calculated by dividing their total votes by the total number of ballots cast according to the certified results. A candidate's total includes all votes received across any ballot line they appear on, plus write-ins.",9-11.99%,finalized,yes,2025-08-13 14:00:00+00:00,2025-12-03 01:44:48.719034+00:00,1440,daily
1763355600,702166.00,0.5800,0.6000,0.5600,0.5850,0.5800,0.5800,15656.00,0.6000,0.6000,0.5800,0.5800,0.5800,0.5900,0.5600,0.5700,KXELECTIONMOVZOHRAN-25-ZMAM-B10.5,Margin of victory for Zohran Mamdani in the Mayoral Election?,KXELECTIONMOVZOHRAN-25,,9-11.99%,"If the popular vote margin of victory is 9-11.99%  for Zohran Mamdani in the 2025 NYC Mayoral Election, then the market resolves to Yes.","The margin of victory is calculated by taking the voting percentage received by Zohran Mamdani minus the percentage of the person finishing immediately behind him, or immediately ahead if he loses. Only certified results are used for resolution. If the election is cancelled, postponed beyond expiration, or no certified results are available, all markets resolve to No. Recounts that change the certified margin before expiration use the most recent certified results.


 Clarification (11/17/25):  If no rounding rules are otherwise specified, then the raw calculated margin of victory percentage will be rounded to the furthest decimal point necessary to align with listed strikes (e.g. if strikes are 6 - 8.99%, to two decimal places). In this case, the margin of victory will be rounded to two decimal points. For example, if the final margin of victory is 8.99501, this would be rounded to 9.00%.  Each candidate's vote share is calculated by dividing their total votes by the total number of ballots cast according to the certified results. A candidate's total includes all votes received across any ballot line they appear on, plus write-ins.",9-11.99%,finalized,yes,2025-08-13 14:00:00+00:00,2025-12-03 01:44:48.719034+00:00,1440,daily
1763442000,723752.00,0.5900,0.7000,0.5300,0.6199,0.5800,0.5800,55678.00,0.6000,1.0000,0.5800,0.6000,0.5900,0.6800,0.0000,0.5800,KXELECTIONMOVZOHRAN-25-ZMAM-B10.5,Margin of victory for Zohran Mamdani in the Mayoral Election?,KXELECTIONMOVZOHRAN-25,,9-11.99%,"If the popular vote margin of victory is 9-11.99%  for Zohran Mamdani in the 2025 NYC Mayoral Election, then the market resolves to Yes.","The margin of victory is calculated by taking the voting percentage received by Zohran Mamdani minus the percentage of the person finishing immediately behind him, or immediately ahead if he loses. Only certified results are used for resolution. If the election is cancelled, postponed beyond expiration, or no certified results are available, all markets resolve to No. Recounts that change the certified margin before expiration use the most recent certified results.


 Clarification (11/17/25):  If no rounding rules are otherwise specified, then the raw calculated margin of victory percentage will be rounded to the furthest decimal point necessary to align with listed strikes (e.g. if strikes are 6 - 8.99%, to two decimal places). In this case, the margin of victory will be rounded to two decimal points. For example, if the final margin of victory is 8.99501, this would be rounded to 9.00%.  Each candidate's vote share is calculated by dividing their total votes by the total number of ballots cast according to the certified results. A candidate's total includes all votes received across any ballot line they appear on, plus write-ins.",9-11.99%,finalized,yes,2025-08-13 14:00:00+00:00,2025-12-03 01:44:48.719034+00:00,1440,daily
1763528400,726850.00,0.6700,0.6900,0.6000,0.6295,0.6000,0.5900,21934.00,0.6600,0.6900,0.6000,0.6000,0.6400,0.6600,0.5900,0.5900,KXELECTIONMOVZOHRAN-25-ZMAM-B10.5,Margin of victory for Zohran Mamdani in the Mayoral Election?,KXELECTIONMOVZOHRAN-25,,9-11.99%,"If the popular vote margin of victory is 9-11.99%  for Zohran Mamdani in the 2025 NYC Mayoral Election, then the market resolves to Yes.","The margin of victory is calculated by taking the voting percentage received by Zohran Mamdani minus the percentage of the person finishing immediately behind him, or immediately ahead if he loses. Only certified results are used for resolution. If the election is cancelled, postponed beyond expiration, or no certified results are available, all markets resolve to No. Recounts that change the certified margin before expiration use the most recent certified results.


 Clarification (11/17/25):  If no rounding rules are otherwise specified, then the raw calculated margin of victory percentage will be rounded to the furthest decimal point necessary to align with listed strikes (e.g. if strikes are 6 - 8.99%, to two decimal places). In this case, the margin of victory will be rounded to two decimal points. For example, if the final margin of victory is 8.99501, this would be rounded to 9.00%.  Each candidate's vote share is calculated by dividing their total votes by the total number of ballots cast according to the certified results. A candidate's total includes all votes received across any ballot line they appear on, plus write-ins.",9-11.99%,finalized,yes,2025-08-13 14:00:00+00:00,2025-12-03 01:44:48.719034+00:00,1440,daily
1763614800,726641.00,0.6900,0.8500,0.6400,0.7729,0.6400,0.6700,18956.00,0.7000,0.9000,0.6600,0.6600,0.6900,0.8500,0.6300,0.6400,KXELECTIONMOVZOHRAN-25-ZMAM-B10.5,Margin of victory for Zohran Mamdani in the Mayoral Election?,KXELECTIONMOVZOHRAN-25,,9-11.99%,"If the popular vote margin of victory is 9-11.99%  for Zohran Mamdani in the 2025 NYC Mayoral Election, then the market resolves to Yes.","The margin of victory is calculated by taking the voting percentage received by Zohran Mamdani minus the percentage of the person finishing immediately behind him, or immediately ahead if he loses. Only certified results are used for resolution. If the election is cancelled, postponed beyond expiration, or no certified results are available, all markets resolve to No. Recounts that change the certified margin before expiration use the most recent certified results.


 Clarification (11/17/25):  If no rounding rules are otherwise specified, then the raw calculated margin of victory percentage will be rounded to the furthest decimal point necessary to align with listed strikes (e.g. if strikes are 6 - 8.99%, to two decimal places). In this case, the margin of victory will be rounded to two decimal points. For example, if the final margin of victory is 8.99501, this would be rounded to 9.00%.  Each candidate's vote share is calculated by dividing their total votes by the total number of ballots cast according to the certified results. A candidate's total includes all votes received across any ballot line they appear on, plus write-ins.",9-11.99%,finalized,yes,2025-08-13 14:00:00+00:00,2025-12-03 01:44:48.719034+00:00,1440,daily
1763701200,724658.00,0.6800,0.7400,0.6200,0.6810,0.7000,0.6900,20780.00,0.6900,0.7400,0.6600,0.7000,0.6800,0.7200,0.6200,0.6900,KXELECTIONMOVZOHRAN-25-ZMAM-B10.5,Margin of victory for Zohran Mamdani in the Mayoral Election?,KXELECTIONMOVZOHRAN-25,,9-11.99%,"If the popular vote margin of victory is 9-11.99%  for Zohran Mamdani in the 2025 NYC Mayoral Election, then the market resolves to Yes.","The margin of victory is calculated by taking the voting percentage received by Zohran Mamdani minus the percentage of the person finishing immediately behind him, or immediately ahead if he loses. Only certified results are used for resolution. If the election is cancelled, postponed beyond expiration, or no certified results are available, all markets resolve to No. Recounts that change the certified margin before expiration use the most recent certified results.


 Clarification (11/17/25):  If no rounding rules are otherwise specified, then the raw calculated margin of victory percentage will be rounded to the furthest decimal point necessary to align with listed strikes (e.g. if strikes are 6 - 8.99%, to two decimal places). In this case, the margin of victory will be rounded to two decimal points. For example, if the final margin of victory is 8.99501, this would be rounded to 9.00%.  Each candidate's vote share is calculated by dividing their total votes by the total number of ballots cast according to the certified results. A candidate's total includes all votes received across any ballot line they appear on, plus write-ins.",9-11.99%,finalized,yes,2025-08-13 14:00:00+00:00,2025-12-03 01:44:48.719034+00:00,1440,daily
1763787600,723403.00,0.6400,0.6900,0.5700,0.6240,0.6700,0.6800,10917.00,0.6600,0.7100,0.6300,0.6900,0.6400,0.6800,0.5700,0.6800,KXELECTIONMOVZOHRAN-25-ZMAM-B10.5,Margin of victory for Zohran Mamdani in the Mayoral Election?,KXELECTIONMOVZOHRAN-25,,9-11.99%,"If the popular vote margin of victory is 9-11.99%  for Zohran Mamdani in the 2025 NYC Mayoral Election, then the market resolves to Yes.","The margin of victory is calculated by taking the voting percentage received by Zohran Mamdani minus the percentage of the person finishing immediately behind him, or immediately ahead if he loses. Only certified results are used for resolution. If the election is cancelled, postponed beyond expiration, or no certified results are available, all markets resolve to No. Recounts that change the certified margin before expiration use the most recent certified results.


 Clarification (11/17/25):  If no rounding rules are otherwise specified, then the raw calculated margin of victory percentage will be rounded to the furthest decimal point necessary to align with listed strikes (e.g. if strikes are 6 - 8.99%, to two decimal places). In this case, the margin of victory will be rounded to two decimal points. For example, if the final margin of victory is 8.99501, this would be rounded to 9.00%.  Each candidate's vote share is calculated by dividing their total votes by the total number of ballots cast according to the certified results. A candidate's total includes all votes received across any ballot line they appear on, plus write-ins.",9-11.99%,finalized,yes,2025-08-13 14:00:00+00:00,2025-12-03 01:44:48.719034+00:00,1440,daily
1763874000,722894.00,0.6500,0.6700,0.6500,0.6536,0.6500,0.6400,3131.00,0.6600,0.6700,0.6600,0.6600,0.6500,0.6600,0.6400,0.6400,KXELECTIONMOVZOHRAN-25-ZMAM-B10.5,Margin of victory for Zohran Mamdani in the Mayoral Election?,KXELECTIONMOVZOHRAN-25,,9-11.99%,"If the popular vote margin of victory is 9-11.99%  for Zohran Mamdani in the 2025 NYC Mayoral Election, then the market resolves to Yes.","The margin of victory is calculated by taking the voting percentage received by Zohran Mamdani minus the percentage of the person finishing immediately behind him, or immediately ahead if he loses. Only certified results are used for resolution. If the election is cancelled, postponed beyond expiration, or no certified results are available, all markets resolve to No. Recounts that change the certified margin before expiration use the most recent certified results.


 Clarification (11/17/25):  If no rounding rules are otherwise specified, then the raw calculated margin of victory percentage will be rounded to the furthest decimal point necessary to align with listed strikes (e.g. if strikes are 6 - 8.99%, to two decimal places). In this case, the margin of victory will be rounded to two decimal points. For example, if the final margin of victory is 8.99501, this would be rounded to 9.00%.  Each candidate's vote share is calculated by dividing their total votes by the total number of ballots cast according to the certified results. A candidate's total includes all votes received across any ballot line they appear on, plus write-ins.",9-11.99%,finalized,yes,2025-08-13 14:00:00+00:00,2025-12-03 01:44:48.719034+00:00,1440,daily
1763960400,716807.00,0.6400,0.6600,0.6300,0.6363,0.6600,0.6500,14021.00,0.6400,0.6600,0.6400,0.6600,0.6300,0.6500,0.6300,0.6500,KXELECTIONMOVZOHRAN-25-ZMAM-B10.5,Margin of victory for Zohran Mamdani in the Mayoral Election?,KXELECTIONMOVZOHRAN-25,,9-11.99%,"If the popular vote margin of victory is 9-11.99%  for Zohran Mamdani in the 2025 NYC Mayoral Election, then the market resolves to Yes.","The margin of victory is calculated by taking the voting percentage received by Zohran Mamdani minus the percentage of the person finishing immediately behind him, or immediately ahead if he loses. Only certified results are used for resolution. If the election is cancelled, postponed beyond expiration, or no certified results are available, all markets resolve to No. Recounts that change the certified margin before expiration use the most recent certified results.


 Clarification (11/17/25):  If no rounding rules are otherwise specified, then the raw calculated margin of victory percentage will be rounded to the furthest decimal point necessary to align with listed strikes (e.g. if strikes are 6 - 8.99%, to two decimal places). In this case, the margin of victory will be rounded to two decimal points. For example, if the final margin of victory is 8.99501, this would be rounded to 9.00%.  Each candidate's vote share is calculated by dividing their total votes by the total number of ballots cast according to the certified results. A candidate's total includes all votes received across any ballot line they appear on, plus write-ins.",9-11.99%,finalized,yes,2025-08-13 14:00:00+00:00,2025-12-03 01:44:48.719034+00:00,1440,daily
1764046800,717454.00,0.6400,0.6500,0.6300,0.6416,0.6400,0.6400,8548.00,0.6500,0.6600,0.6400,0.6400,0.6400,0.6400,0.6300,0.6300,KXELECTIONMOVZOHRAN-25-ZMAM-B10.5,Margin of victory for Zohran Mamdani in the Mayoral Election?,KXELECTIONMOVZOHRAN-25,,9-11.99%,"If the popular vote margin of victory is 9-11.99%  for Zohran Mamdani in the 2025 NYC Mayoral Election, then the market resolves to Yes.","The margin of victory is calculated by taking the voting percentage received by Zohran Mamdani minus the percentage of the person finishing immediately behind him, or immediately ahead if he loses. Only certified results are used for resolution. If the election is cancelled, postponed beyond expiration, or no certified results are available, all markets resolve to No. Recounts that change the certified margin before expiration use the most recent certified results.


 Clarification (11/17/25):  If no rounding rules are otherwise specified, then the raw calculated margin of victory percentage will be rounded to the furthest decimal point necessary to align with listed strikes (e.g. if strikes are 6 - 8.99%, to two decimal places). In this case, the margin of victory will be rounded to two decimal points. For example, if the final margin of victory is 8.99501, this would be rounded to 9.00%.  Each candidate's vote share is calculated by dividing their total votes by the total number of ballots cast according to the certified results. A candidate's total includes all votes received across any ballot line they appear on, plus write-ins.",9-11.99%,finalized,yes,2025-08-13 14:00:00+00:00,2025-12-03 01:44:48.719034+00:00,1440,daily
1764133200,717089.00,0.6400,0.6500,0.6400,0.6424,0.6400,0.6400,2090.00,0.6500,0.6600,0.6500,0.6500,0.6400,0.6500,0.6400,0.6400,KXELECTIONMOVZOHRAN-25-ZMAM-B10.5,Margin of victory for Zohran Mamdani in the Mayoral Election?,KXELECTIONMOVZOHRAN-25,,9-11.99%,"If the popular vote margin of victory is 9-11.99%  for Zohran Mamdani in the 2025 NYC Mayoral Election, then the market resolves to Yes.","The margin of victory is calculated by taking the voting percentage received by Zohran Mamdani minus the percentage of the person finishing immediately behind him, or immediately ahead if he loses. Only certified results are used for resolution. If the election is cancelled, postponed beyond expiration, or no certified results are available, all markets resolve to No. Recounts that change the certified margin before expiration use the most recent certified results.


 Clarification (11/17/25):  If no rounding rules are otherwise specified, then the raw calculated margin of victory percentage will be rounded to the furthest decimal point necessary to align with listed strikes (e.g. if strikes are 6 - 8.99%, to two decimal places). In this case, the margin of victory will be rounded to two decimal points. For example, if the final margin of victory is 8.99501, this would be rounded to 9.00%.  Each candidate's vote share is calculated by dividing their total votes by the total number of ballots cast according to the certified results. A candidate's total includes all votes received across any ballot line they appear on, plus write-ins.",9-11.99%,finalized,yes,2025-08-13 14:00:00+00:00,2025-12-03 01:44:48.719034+00:00,1440,daily
1764219600,721013.00,0.6600,0.6800,0.6200,0.6461,0.6500,0.6400,7224.00,0.6600,0.6800,0.6400,0.6500,0.6300,0.6400,0.6200,0.6400,KXELECTIONMOVZOHRAN-25-ZMAM-B10.5,Margin of victory for Zohran Mamdani in the Mayoral Election?,KXELECTIONMOVZOHRAN-25,,9-11.99%,"If the popular vote margin of victory is 9-11.99%  for Zohran Mamdani in the 2025 NYC Mayoral Election, then the market resolves to Yes.","The margin of victory is calculated by taking the voting percentage received by Zohran Mamdani minus the percentage of the person finishing immediately behind him, or immediately ahead if he loses. Only certified results are used for resolution. If the election is cancelled, postponed beyond expiration, or no certified results are available, all markets resolve to No. Recounts that change the certified margin before expiration use the most recent certified results.


 Clarification (11/17/25):  If no rounding rules are otherwise specified, then the raw calculated margin of victory percentage will be rounded to the furthest decimal point necessary to align with listed strikes (e.g. if strikes are 6 - 8.99%, to two decimal places). In this case, the margin of victory will be rounded to two decimal points. For example, if the final margin of victory is 8.99501, this would be rounded to 9.00%.  Each candidate's vote share is calculated by dividing their total votes by the total number of ballots cast according to the certified results. A candidate's total includes all votes received across any ballot line they appear on, plus write-ins.",9-11.99%,finalized,yes,2025-08-13 14:00:00+00:00,2025-12-03 01:44:48.719034+00:00,1440,daily
1764306000,721472.00,0.6400,0.6600,0.6100,0.6353,0.6600,0.6600,4601.00,0.6400,0.6600,0.6300,0.6600,0.6300,0.6400,0.6100,0.6300,KXELECTIONMOVZOHRAN-25-ZMAM-B10.5,Margin of victory for Zohran Mamdani in the Mayoral Election?,KXELECTIONMOVZOHRAN-25,,9-11.99%,"If the popular vote margin of victory is 9-11.99%  for Zohran Mamdani in the 2025 NYC Mayoral Election, then the market resolves to Yes.","The margin of victory is calculated by taking the voting percentage received by Zohran Mamdani minus the percentage of the person finishing immediately behind him, or immediately ahead if he loses. Only certified results are used for resolution. If the election is cancelled, postponed beyond expiration, or no certified results are available, all markets resolve to No. Recounts that change the certified margin before expiration use the most recent certified results.


 Clarification (11/17/25):  If no rounding rules are otherwise specified, then the raw calculated margin of victory percentage will be rounded to the furthest decimal point necessary to align with listed strikes (e.g. if strikes are 6 - 8.99%, to two decimal places). In this case, the margin of victory will be rounded to two decimal points. For example, if the final margin of victory is 8.99501, this would be rounded to 9.00%.  Each candidate's vote share is calculated by dividing their total votes by the total number of ballots cast according to the certified results. A candidate's total includes all votes received across any ballot line they appear on, plus write-ins.",9-11.99%,finalized,yes,2025-08-13 14:00:00+00:00,2025-12-03 01:44:48.719034+00:00,1440,daily
1764392400,724647.00,0.6600,0.6800,0.6400,0.6662,0.6400,0.6400,5970.00,0.6800,0.6900,0.6400,0.6400,0.6600,0.6800,0.6300,0.6300,KXELECTIONMOVZOHRAN-25-ZMAM-B10.5,Margin of victory for Zohran Mamdani in the Mayoral Election?,KXELECTIONMOVZOHRAN-25,,9-11.99%,"If the popular vote margin of victory is 9-11.99%  for Zohran Mamdani in the 2025 NYC Mayoral Election, then the market resolves to Yes.","The margin of victory is calculated by taking the voting percentage received by Zohran Mamdani minus the percentage of the person finishing immediately behind him, or immediately ahead if he loses. Only certified results are used for resolution. If the election is cancelled, postponed beyond expiration, or no certified results are available, all markets resolve to No. Recounts that change the certified margin before expiration use the most recent certified results.


 Clarification (11/17/25):  If no rounding rules are otherwise specified, then the raw calculated margin of victory percentage will be rounded to the furthest decimal point necessary to align with listed strikes (e.g. if strikes are 6 - 8.99%, to two decimal places). In this case, the margin of victory will be rounded to two decimal points. For example, if the final margin of victory is 8.99501, this would be rounded to 9.00%.  Each candidate's vote share is calculated by dividing their total votes by the total number of ballots cast according to the certified results. A candidate's total includes all votes received across any ballot line they appear on, plus write-ins.",9-11.99%,finalized,yes,2025-08-13 14:00:00+00:00,2025-12-03 01:44:48.719034+00:00,1440,daily
1764478800,724566.00,0.6800,0.6900,0.6400,0.6678,0.6800,0.6600,1941.00,0.6900,0.6900,0.6700,0.6800,0.6800,0.6800,0.6400,0.6600,KXELECTIONMOVZOHRAN-25-ZMAM-B10.5,Margin of victory for Zohran Mamdani in the Mayoral Election?,KXELECTIONMOVZOHRAN-25,,9-11.99%,"If the popular vote margin of victory is 9-11.99%  for Zohran Mamdani in the 2025 NYC Mayoral Election, then the market resolves to Yes.","The margin of victory is calculated by taking the voting percentage received by Zohran Mamdani minus the percentage of the person finishing immediately behind him, or immediately ahead if he loses. Only certified results are used for resolution. If the election is cancelled, postponed beyond expiration, or no certified results are available, all markets resolve to No. Recounts that change the certified margin before expiration use the most recent certified results.


 Clarification (11/17/25):  If no rounding rules are otherwise specified, then the raw calculated margin of victory percentage will be rounded to the furthest decimal point necessary to align with listed strikes (e.g. if strikes are 6 - 8.99%, to two decimal places). In this case, the margin of victory will be rounded to two decimal points. For example, if the final margin of victory is 8.99501, this would be rounded to 9.00%.  Each candidate's vote share is calculated by dividing their total votes by the total number of ballots cast according to the certified results. A candidate's total includes all votes received across any ballot line they appear on, plus write-ins.",9-11.99%,finalized,yes,2025-08-13 14:00:00+00:00,2025-12-03 01:44:48.719034+00:00,1440,daily
1764565200,725210.00,0.6900,0.6900,0.6400,0.6585,0.6900,0.6800,2545.00,0.6900,0.6900,0.6500,0.6900,0.6800,0.6800,0.6400,0.6800,KXELECTIONMOVZOHRAN-25-ZMAM-B10.5,Margin of victory for Zohran Mamdani in the Mayoral Election?,KXELECTIONMOVZOHRAN-25,,9-11.99%,"If the popular vote margin of victory is 9-11.99%  for Zohran Mamdani in the 2025 NYC Mayoral Election, then the market resolves to Yes.","The margin of victory is calculated by taking the voting percentage received by Zohran Mamdani minus the percentage of the person finishing immediately behind him, or immediately ahead if he loses. Only certified results are used for resolution. If the election is cancelled, postponed beyond expiration, or no certified results are available, all markets resolve to No. Recounts that change the certified margin before expiration use the most recent certified results.


 Clarification (11/17/25):  If no rounding rules are otherwise specified, then the raw calculated margin of victory percentage will be rounded to the furthest decimal point necessary to align with listed strikes (e.g. if strikes are 6 - 8.99%, to two decimal places). In this case, the margin of victory will be rounded to two decimal points. For example, if the final margin of victory is 8.99501, this would be rounded to 9.00%.  Each candidate's vote share is calculated by dividing their total votes by the total number of ballots cast according to the certified results. A candidate's total includes all votes received across any ballot line they appear on, plus write-ins.",9-11.99%,finalized,yes,2025-08-13 14:00:00+00:00,2025-12-03 01:44:48.719034+00:00,1440,daily
1764651600,725651.00,0.6800,0.6900,0.6600,0.6808,0.6800,0.6900,5228.00,0.6800,0.7000,0.6700,0.6900,0.6700,0.6900,0.6600,0.6800,KXELECTIONMOVZOHRAN-25-ZMAM-B10.5,Margin of victory for Zohran Mamdani in the Mayoral Election?,KXELECTIONMOVZOHRAN-25,,9-11.99%,"If the popular vote margin of victory is 9-11.99%  for Zohran Mamdani in the 2025 NYC Mayoral Election, then the market resolves to Yes.","The margin of victory is calculated by taking the voting percentage received by Zohran Mamdani minus the percentage of the person finishing immediately behind him, or immediately ahead if he loses. Only certified results are used for resolution. If the election is cancelled, postponed beyond expiration, or no certified results are available, all markets resolve to No. Recounts that change the certified margin before expiration use the most recent certified results.


 Clarification (11/17/25):  If no rounding rules are otherwise specified, then the raw calculated margin of victory percentage will be rounded to the furthest decimal point necessary to align with listed strikes (e.g. if strikes are 6 - 8.99%, to two decimal places). In this case, the margin of victory will be rounded to two decimal points. For example, if the final margin of victory is 8.99501, this would be rounded to 9.00%.  Each candidate's vote share is calculated by dividing their total votes by the total number of ballots cast according to the certified results. A candidate's total includes all votes received across any ballot line they appear on, plus write-ins.",9-11.99%,finalized,yes,2025-08-13 14:00:00+00:00,2025-12-03 01:44:48.719034+00:00,1440,daily
