predictors,horizon_days,train_n,test_n,oos_r2,oos_rmse,oos_corr,model,benchmark_oos_r2,benchmark_oos_rmse,incremental_oos_r2,rmse_improvement
sp500_realized_volatility_7d,1,770,331,0.8622202109272811,0.002039422520701198,0.9287371436577275,vol_persistence,0.8622202109272811,0.002039422520701198,0.0,0.0
cluster_2_index,1,770,331,0.4241372614850968,0.004169403648434475,0.659778363438739,cluster2_only,0.8622202109272811,0.002039422520701198,-0.4380829494421843,-0.002129981127733277
sp500_realized_volatility_7d+cluster_2_index,1,770,331,0.8796206458631007,0.0019062965304902763,0.937905239074131,vol_persistence_plus_cluster2,0.8622202109272811,0.002039422520701198,0.017400434935819664,0.0001331259902109215
sp500_realized_volatility_7d,7,766,329,0.13381755471359957,0.005121769656053282,0.38220189981022573,vol_persistence,0.13381755471359957,0.005121769656053282,0.0,0.0
cluster_2_index,7,766,329,0.44159723446405286,0.004112341137601583,0.693693092534097,cluster2_only,0.13381755471359957,0.005121769656053282,0.3077796797504533,0.0010094285184516988
sp500_realized_volatility_7d+cluster_2_index,7,766,329,0.3350716376097095,0.004487482655472561,0.5809756153474539,vol_persistence_plus_cluster2,0.13381755471359957,0.005121769656053282,0.2012540828961099,0.0006342870005807211
