predictors,horizon_days,train_n,test_n,oos_r2,oos_rmse,oos_corr,cluster,index_construction
cluster_2_index,1,770,331,0.3312487041423732,0.004493107105157156,0.6037611587345603,2,equal
cluster_2_index,7,766,329,0.35530010509553656,0.004418696304371427,0.6695907046684513,2,equal
cluster_2_index,1,770,331,0.4241372614850968,0.004169403648434475,0.659778363438739,2,stability
cluster_2_index,7,766,329,0.44159723446405286,0.004112341137601583,0.693693092534097,2,stability
cluster_2_index,1,770,331,0.3529122881572718,0.004419732952214526,0.6559278848018928,2,top20_stability
cluster_2_index,7,766,329,0.30348318329307244,0.004592838318152058,0.6566599344787986,2,top20_stability
