k,n_terms,min_cluster_size,max_cluster_size,median_cluster_size,largest_cluster_share,is_final_k
7,847,42,343,74.0,0.4049586776859504,False
8,847,28,343,73.5,0.4049586776859504,False
9,847,26,343,73.0,0.4049586776859504,False
10,847,26,227,73.5,0.2680047225501771,True
11,847,24,227,49.0,0.2680047225501771,False
12,847,24,227,45.5,0.2680047225501771,False
13,847,13,227,42.0,0.2680047225501771,False
