cluster,n_terms,n_terms_plotted,avg_pairwise_cosine,mean_centroid_dist,median_centroid_dist,max_centroid_dist,mean_centroid_cosine,median_centroid_cosine,min_centroid_cosine
1,219,20,0.8503155664394524,7.914268175285991,7.603487011966538,15.704469629354485,0.9224890034217562,0.9356772798837718,0.7066618110916426
2,40,20,0.8934815305610276,7.039216463941429,6.920912922435519,13.229134514396623,0.9466462831252823,0.9546713182149104,0.8055574493377051
3,207,20,0.8330749823119763,7.87130700977839,7.642739572885759,14.35643132372621,0.9131498739212882,0.9216988436946425,0.71910616839995
4,185,20,0.8134058388611891,8.52501209048056,8.08891421860429,13.816685691807892,0.9024400605922186,0.9115221708311373,0.7396710490561675
5,157,20,0.8038518459990087,9.038625862917751,8.638936413816342,13.862174605102336,0.8972051059321974,0.9093913143851196,0.7470915331839425
6,39,20,0.8226603080540031,8.979722429616418,8.71346038307794,13.760824440540118,0.9094837459766091,0.9217501513730958,0.8080136315171295
