k,silhouette,davies_bouldin,calinski_harabasz,inertia
2,0.330634742975235,1.172658948530286,509.1416976798467,9749.0244140625
