k,silhouette,davies_bouldin,calinski_harabasz
2,0.32281655073165894,1.194856012889694,488.019270370587
