k,silhouette,davies_bouldin,calinski_harabasz,min_cluster_frac,norm_entropy
2,0.33106285333633423,1.1702947384623954,509.0164009341169,0.35223160434258144,0.9360452921337098
3,0.18243084847927094,1.8242304040403514,340.865391828803,0.29071170084439085,0.9913397835567139
4,0.16968782246112823,1.8722975334092875,255.1361385971402,0.17973462002412546,0.9841895583571745
5,0.1512148082256317,1.8745156840654023,229.0261953667294,0.12907117008443908,0.9796292383498206
6,0.13544979691505432,1.9176850899108144,199.84175726867218,0.11338962605548854,0.9858266428460277
