cluster,n_terms,window_start_segment,window_end_segment,window_score
1,219,43,51,6.094215347427133
2,40,61,69,8.469027554747171
3,207,79,87,3.083867229329016
4,185,17,25,3.2620712218459413
5,157,41,49,3.746093143335431
6,39,22,30,5.528714648241722
