clip_threshold,share_clipped,ari_vs_unclipped
2,0.18607492214530338,1.0
3,0.1243272856176082,0.33354727330198003
4,0.09299351674718244,0.32847619997871513
5,0.07572705886488877,0.23825411414237674
6,0.06392873988181906,0.4484711442647341
8,0.04913341790174635,0.25238752367408257
none,0.0,0.1873657572193013
