linkage_method,k_used,silhouette_mindist,min_cluster_size,max_cluster_size,stability_mean,stability_median
single,10,0.05066259094344391,1,835,0.809723854232702,0.8195787037888335
average,10,0.059942614619338946,1,828,0.6545523068725885,0.6590661642216167
complete,10,0.02831311080653297,8,284,0.21198073594453773,0.2156352297194261
ward,10,0.040293778107243446,25,301,0.3675006223500628,0.36125835251539706
