k,silhouette_mindist,min_cluster_size,max_cluster_size,median_cluster_size,stability_mean,stability_median,stability_p10,stability_p90,mean_common_terms
2,0.059935891727714546,26,62,44.0,0.5743321498318384,0.6118809349349698,0.22265451462989452,0.9108914948314791,55.525
3,0.059677979509421226,23,39,26.0,0.41423326922314113,0.4047963844998236,0.20326997678940145,0.6937150345968713,55.725
4,0.07088344285308883,14,26,24.0,0.4185182067542209,0.4239159567736057,0.25635826699694775,0.6209440690067074,55.6125
5,0.0684248958793108,12,25,14.0,0.5424802272416007,0.5307604988172118,0.362194363243027,0.7520211540512726,55.6625
6,0.07886090711835961,8,23,14.0,0.5534820051153992,0.5521275673467407,0.3654196316240626,0.7070375490135262,55.6875
7,0.08954997042992509,8,23,12.0,0.5580192571930807,0.5749820438274236,0.3833115443649551,0.6964906910241195,55.825
8,0.10247136448189736,4,23,8.5,0.5810780345075544,0.5761693688853308,0.45807637135703755,0.7068704981339603,55.7375
9,0.10030557323594697,4,14,9.0,0.6032956862702012,0.5946772762225053,0.4679437976599911,0.7524090252624311,55.8625
10,0.1107670354903861,3,14,8.5,0.5840664322516369,0.5657304719323453,0.4734335614654155,0.7114269551690002,55.7625
