k,n_clusters,weakest_cluster_margin,strongest_cluster_margin,largest_cluster_n_terms,is_final_k
7,7,2.1012134552001953,8.654550552368164,343,False
8,8,2.1012134552001953,10.466025352478027,343,False
9,9,2.1012134552001953,10.466025352478027,343,False
10,10,2.185483694076538,10.466025352478027,227,True
11,11,2.185483694076538,10.466025352478027,227,False
12,12,2.185483694076538,10.466025352478027,227,False
13,13,2.185483694076538,10.466025352478027,227,False
