Price,Close,High,Low,Open,Volume
Ticker,^RUT,^RUT,^RUT,^RUT,^RUT
Date,,,,,
2022-01-03,2272.56005859375,2284.139892578125,2246.7099609375,2246.7099609375,3831020000
2022-01-04,2268.8701171875,2288.300048828125,2255.7099609375,2273.179931640625,4683170000
2022-01-05,2194.0,2275.320068359375,2193.719970703125,2268.919921875,4887960000
2022-01-06,2206.3701171875,2220.590087890625,2179.2900390625,2194.47998046875,4295280000
2022-01-07,2179.81005859375,2220.1298828125,2179.81005859375,2206.139892578125,4181510000
2022-01-10,2171.14990234375,2179.070068359375,2133.1298828125,2179.070068359375,4511810000
2022-01-11,2194.0,2196.64990234375,2154.81005859375,2171.169921875,4101590000
2022-01-12,2176.06005859375,2210.280029296875,2169.419921875,2194.93994140625,4048220000
2022-01-13,2159.43994140625,2196.739990234375,2154.4599609375,2177.06005859375,4251730000
2022-01-14,2162.4599609375,2162.4599609375,2126.1201171875,2157.989990234375,4338490000
2022-01-18,2096.22998046875,2160.35009765625,2094.929931640625,2160.35009765625,4748700000
2022-01-19,2062.780029296875,2109.22998046875,2062.179931640625,2097.56005859375,4465740000
2022-01-20,2024.0400390625,2104.590087890625,2022.199951171875,2063.860107421875,4640870000
2022-01-21,1987.9200439453125,2043.510009765625,1987.9100341796875,2022.550048828125,5589100000
2022-01-24,2033.510009765625,2038.6600341796875,1931.43994140625,1986.449951171875,6928110000
2022-01-25,2004.030029296875,2030.8399658203125,1966.0999755859375,2030.8199462890625,5145050000
2022-01-26,1976.4599609375,2048.35009765625,1958.3399658203125,2006.0400390625,5570640000
2022-01-27,1931.2900390625,2007.22998046875,1925.449951171875,1978.0799560546875,5214200000
2022-01-28,1968.510009765625,1968.510009765625,1901.3599853515625,1931.1400146484375,5031090000
2022-01-31,2028.449951171875,2028.449951171875,1960.1099853515625,1968.0899658203125,5098610000
2022-02-01,2050.739990234375,2052.85009765625,2003.3800048828125,2028.780029296875,4816830000
2022-02-02,2029.52001953125,2054.719970703125,2013.5899658203125,2051.639892578125,4481580000
2022-02-03,1991.030029296875,2027.72998046875,1988.4100341796875,2027.72998046875,4401970000
2022-02-04,2002.3599853515625,2016.3800048828125,1968.6099853515625,1990.9200439453125,4706290000
2022-02-07,2012.5999755859375,2027.9100341796875,2000.4000244140625,2002.3800048828125,4228480000
2022-02-08,2045.3699951171875,2047.8199462890625,2011.3699951171875,2012.4599609375,4459620000
2022-02-09,2083.5,2083.5,2046.760009765625,2046.760009765625,4524350000
2022-02-10,2051.159912109375,2105.2099609375,2039.6199951171875,2082.510009765625,5314860000
2022-02-11,2030.1500244140625,2074.06005859375,2016.4100341796875,2051.260009765625,5251500000
2022-02-14,2020.7900390625,2048.260009765625,2011.3699951171875,2030.1800537109375,4600390000
2022-02-15,2076.4599609375,2078.330078125,2022.219970703125,2022.219970703125,4430830000
2022-02-16,2079.31005859375,2084.97998046875,2060.320068359375,2075.6298828125,4283640000
2022-02-17,2028.0899658203125,2078.5,2025.1199951171875,2078.5,4539420000
2022-02-18,2009.3299560546875,2038.1300048828125,2004.72998046875,2028.0,4708060000
2022-02-22,1980.1700439453125,2016.4300537109375,1970.6300048828125,2008.6800537109375,5121900000
2022-02-23,1944.0899658203125,2001.550048828125,1942.27001953125,1980.989990234375,4797430000
2022-02-24,1996.010009765625,1996.8399658203125,1894.449951171875,1942.300048828125,6752130000
2022-02-25,2040.9300537109375,2040.9300537109375,1988.010009765625,1995.8399658203125,5177060000
2022-02-28,2048.090087890625,2059.43994140625,2020.510009765625,2040.31005859375,6071370000
2022-03-01,2008.510009765625,2050.64990234375,1995.4200439453125,2047.239990234375,5846230000
2022-03-02,2058.8701171875,2065.7099609375,2009.010009765625,2009.010009765625,5337870000
2022-03-03,2032.4100341796875,2067.280029296875,2019.97998046875,2059.14990234375,5039890000
2022-03-04,2000.9000244140625,2031.1600341796875,1985.510009765625,2031.1600341796875,5797380000
2022-03-07,1951.3299560546875,2007.4599609375,1951.2099609375,2001.030029296875,6940470000
2022-03-08,1963.010009765625,2004.47998046875,1951.5899658203125,1951.5899658203125,7243120000
2022-03-09,2016.2900390625,2022.550048828125,1964.449951171875,1964.449951171875,5662670000
2022-03-10,2011.6700439453125,2013.6199951171875,1982.1099853515625,2013.6199951171875,4980830000
2022-03-11,1979.6700439453125,2027.3900146484375,1979.0699462890625,2012.43994140625,4938640000
2022-03-14,1941.719970703125,1983.4300537109375,1932.7099609375,1979.7900390625,5574920000
2022-03-15,1968.969970703125,1969.8499755859375,1942.0799560546875,1942.0799560546875,5392470000
2022-03-16,2030.719970703125,2031.800048828125,1970.1099853515625,1970.1099853515625,6309750000
2022-03-17,2065.02001953125,2065.02001953125,2019.2099609375,2029.8800048828125,4985090000
2022-03-18,2086.139892578125,2087.550048828125,2059.68994140625,2064.68994140625,8278430000
2022-03-21,2065.93994140625,2093.3798828125,2054.780029296875,2085.820068359375,4869820000
2022-03-22,2088.340087890625,2097.610107421875,2066.919921875,2066.919921875,4754840000
2022-03-23,2052.2099609375,2086.699951171875,2051.449951171875,2086.699951171875,4550670000
2022-03-24,2075.43994140625,2075.489990234375,2047.27001953125,2054.10009765625,4131390000
2022-03-25,2077.97998046875,2081.320068359375,2064.199951171875,2075.889892578125,4305020000
2022-03-28,2078.06005859375,2078.300048828125,2049.5400390625,2078.300048828125,4312260000
2022-03-29,2133.10009765625,2138.449951171875,2079.31005859375,2079.31005859375,5085910000
2022-03-30,2091.070068359375,2132.830078125,2084.3701171875,2132.830078125,4385570000
2022-03-31,2070.1298828125,2100.739990234375,2069.219970703125,2090.909912109375,4823020000
2022-04-01,2091.110107421875,2091.72998046875,2068.050048828125,2071.219970703125,4562940000
2022-04-04,2095.43994140625,2096.929931640625,2076.5,2091.530029296875,4547350000
2022-04-05,2046.0400390625,2103.360107421875,2043.0799560546875,2095.0,4800620000
2022-04-06,2016.93994140625,2044.81005859375,2005.050048828125,2044.81005859375,4986830000
2022-04-07,2009.800048828125,2024.0,1984.1500244140625,2016.8800048828125,4821490000
2022-04-08,1994.56005859375,2017.0799560546875,1993.0400390625,2009.06005859375,4083200000
2022-04-11,1980.3199462890625,2004.6800537109375,1976.5899658203125,1993.530029296875,4266290000
2022-04-12,1986.93994140625,2027.550048828125,1980.9599609375,1983.1300048828125,4152090000
2022-04-13,2025.0999755859375,2028.7900390625,1987.3299560546875,1987.3299560546875,3828150000
2022-04-14,2004.97998046875,2034.219970703125,2004.969970703125,2025.1700439453125,4083090000
2022-04-18,1990.1300048828125,2003.27001953125,1981.68994140625,2003.27001953125,3910490000
2022-04-19,2030.77001953125,2035.7900390625,1990.2099609375,1990.2099609375,4108120000
2022-04-20,2038.18994140625,2052.080078125,2032.3900146484375,2032.3900146484375,4290450000
2022-04-21,1991.4599609375,2060.080078125,1986.9100341796875,2046.7099609375,4636890000
2022-04-22,1940.6600341796875,1986.6600341796875,1939.3399658203125,1986.6600341796875,4651940000
2022-04-25,1954.199951171875,1954.4000244140625,1908.8199462890625,1933.239990234375,5240040000
2022-04-26,1890.469970703125,1940.0799560546875,1890.469970703125,1940.0799560546875,4689970000
2022-04-27,1884.0400390625,1909.1099853515625,1879.6500244140625,1891.1099853515625,4769680000
2022-04-28,1917.93994140625,1927.47998046875,1864.4200439453125,1891.9200439453125,4854180000
2022-04-29,1864.0999755859375,1928.3199462890625,1860.5799560546875,1914.3599853515625,5084030000
2022-05-02,1882.9100341796875,1888.8399658203125,1839.25,1863.6600341796875,5163790000
2022-05-03,1898.8599853515625,1907.300048828125,1875.97998046875,1882.5799560546875,4582050000
2022-05-04,1949.9200439453125,1952.75,1875.3599853515625,1904.0899658203125,5136360000
2022-05-05,1871.1500244140625,1935.6400146484375,1849.449951171875,1935.6400146484375,5077030000
2022-05-06,1839.56005859375,1867.72998046875,1821.0999755859375,1867.72998046875,5116940000
2022-05-09,1762.0799560546875,1833.47998046875,1754.2099609375,1833.47998046875,5954520000
2022-05-10,1761.7900390625,1794.6400146484375,1727.3800048828125,1771.4599609375,5885820000
2022-05-11,1718.1400146484375,1791.8499755859375,1715.77001953125,1763.02001953125,5816140000
2022-05-12,1739.3800048828125,1752.550048828125,1701.1500244140625,1714.06005859375,6286450000
2022-05-13,1792.6700439453125,1804.3800048828125,1748.239990234375,1748.239990234375,5183340000
2022-05-16,1783.4300537109375,1802.6300048828125,1778.6700439453125,1790.6099853515625,4415030000
2022-05-17,1840.300048828125,1840.300048828125,1796.3599853515625,1796.3599853515625,4841410000
2022-05-18,1774.8499755859375,1834.1500244140625,1765.25,1834.1500244140625,5103220000
2022-05-19,1776.219970703125,1797.22998046875,1759.6600341796875,1769.8399658203125,5113550000
2022-05-20,1773.27001953125,1797.43994140625,1730.8800048828125,1784.0799560546875,5130730000
2022-05-23,1792.760009765625,1799.27001953125,1769.1199951171875,1786.4300537109375,4420030000
2022-05-24,1764.8299560546875,1780.199951171875,1736.1099853515625,1780.199951171875,4923190000
2022-05-25,1799.1600341796875,1807.4300537109375,1759.199951171875,1760.4200439453125,4802560000
2022-05-26,1838.239990234375,1847.8299560546875,1808.6400146484375,1808.6400146484375,4709970000
2022-05-27,1887.9000244140625,1887.9000244140625,1845.239990234375,1845.239990234375,4375620000
2022-05-31,1864.0400390625,1883.18994140625,1856.56005859375,1882.0,6822640000
2022-06-01,1854.8199462890625,1877.489990234375,1830.199951171875,1871.4599609375,4531800000
2022-06-02,1897.6700439453125,1897.6700439453125,1854.510009765625,1855.3499755859375,4405790000
2022-06-03,1883.050048828125,1889.449951171875,1872.22998046875,1886.6099853515625,3711110000
2022-06-06,1889.8900146484375,1903.510009765625,1881.72998046875,1893.449951171875,4332700000
2022-06-07,1919.56005859375,1919.72998046875,1870.93994140625,1879.77001953125,4248210000
2022-06-08,1891.010009765625,1916.0799560546875,1883.260009765625,1913.969970703125,4159470000
2022-06-09,1850.8599853515625,1884.9599609375,1850.6700439453125,1884.9599609375,4134170000
2022-06-10,1800.280029296875,1833.1500244140625,1792.5999755859375,1833.1500244140625,4889640000
2022-06-13,1714.5899658203125,1770.5,1708.260009765625,1770.5,5636890000
2022-06-14,1707.8299560546875,1723.18994140625,1692.3199462890625,1717.3299560546875,5153890000
2022-06-15,1731.1400146484375,1751.5,1704.4200439453125,1718.1500244140625,5530480000
2022-06-16,1649.8399658203125,1707.8499755859375,1641.469970703125,1707.8499755859375,5644930000
2022-06-17,1665.68994140625,1684.550048828125,1652.02001953125,1657.010009765625,8520740000
2022-06-21,1694.030029296875,1711.739990234375,1681.0999755859375,1681.0999755859375,5292260000
2022-06-22,1690.280029296875,1703.3800048828125,1665.5400390625,1678.510009765625,5058990000
2022-06-23,1711.6700439453125,1714.0400390625,1680.550048828125,1693.27001953125,5098640000
2022-06-24,1765.739990234375,1765.739990234375,1720.0400390625,1720.0400390625,8120260000
2022-06-27,1771.739990234375,1781.4599609375,1758.31005859375,1772.8900146484375,4325310000
2022-06-28,1738.8399658203125,1792.5799560546875,1738.81005859375,1778.6199951171875,4270120000
2022-06-29,1719.3699951171875,1737.8299560546875,1703.800048828125,1737.8299560546875,4211240000
2022-06-30,1707.989990234375,1722.0899658203125,1680.4000244140625,1706.47998046875,4840070000
2022-07-01,1727.760009765625,1728.9100341796875,1690.9100341796875,1705.0699462890625,4046950000
2022-07-05,1741.3299560546875,1741.3399658203125,1681.5799560546875,1714.8599853515625,5076590000
2022-07-06,1727.550048828125,1747.9300537109375,1712.1600341796875,1738.68994140625,4417720000
2022-07-07,1769.5999755859375,1772.300048828125,1736.010009765625,1736.010009765625,4057770000
2022-07-08,1769.3599853515625,1780.1300048828125,1752.93994140625,1767.5799560546875,3521620000
2022-07-11,1732.010009765625,1765.5999755859375,1729.6500244140625,1765.5999755859375,3423480000
2022-07-12,1728.1800537109375,1743.1700439453125,1719.239990234375,1728.52001953125,3817210000
2022-07-13,1726.0400390625,1732.5999755859375,1700.93994140625,1715.469970703125,4109390000
2022-07-14,1707.510009765625,1712.2900390625,1684.8499755859375,1712.2900390625,4199690000
2022-07-15,1744.3699951171875,1744.3699951171875,1708.9000244140625,1724.0999755859375,4143800000
2022-07-18,1738.4200439453125,1772.800048828125,1734.219970703125,1758.9000244140625,4046870000
2022-07-19,1799.3199462890625,1800.010009765625,1754.72998046875,1754.72998046875,4041070000
2022-07-20,1827.949951171875,1829.9100341796875,1797.949951171875,1797.949951171875,4185300000
2022-07-21,1836.68994140625,1836.68994140625,1804.97998046875,1819.77001953125,4132790000
2022-07-22,1806.8800048828125,1842.199951171875,1795.2900390625,1839.3599853515625,3979240000
2022-07-25,1817.77001953125,1819.0999755859375,1798.8199462890625,1810.949951171875,3568340000
2022-07-26,1805.25,1812.5,1800.2900390625,1812.5,3778950000
2022-07-27,1848.3399658203125,1852.8599853515625,1814.1400146484375,1814.280029296875,4112180000
2022-07-28,1873.030029296875,1873.739990234375,1832.77001953125,1854.1800537109375,4413000000
2022-07-29,1885.22998046875,1888.219970703125,1865.760009765625,1874.1700439453125,4616360000
2022-08-01,1883.31005859375,1892.969970703125,1859.8800048828125,1870.489990234375,4202810000
2022-08-02,1882.449951171875,1900.72998046875,1875.050048828125,1875.5,4727710000
2022-08-03,1908.9300537109375,1912.77001953125,1891.050048828125,1895.3800048828125,4351760000
2022-08-04,1906.4599609375,1911.5699462890625,1899.4599609375,1908.52001953125,4283320000
2022-08-05,1921.8199462890625,1922.550048828125,1884.1800537109375,1887.5400390625,4085940000
2022-08-08,1941.2099609375,1959.1300048828125,1928.4100341796875,1928.4100341796875,4221090000
2022-08-09,1912.8900146484375,1937.25,1904.969970703125,1937.25,3913090000
2022-08-10,1969.25,1970.949951171875,1935.77001953125,1935.77001953125,4546010000
2022-08-11,1975.260009765625,2005.2099609375,1972.6300048828125,1981.9300537109375,4630200000
2022-08-12,2016.6199951171875,2016.6199951171875,1978.6700439453125,1978.7900390625,3788010000
2022-08-15,2021.3499755859375,2022.030029296875,1994.6800537109375,2007.4100341796875,3696830000
2022-08-16,2020.530029296875,2030.050048828125,2003.780029296875,2018.739990234375,4329820000
2022-08-17,1987.31005859375,2008.8800048828125,1976.1400146484375,2008.8800048828125,3885030000
2022-08-18,2000.72998046875,2003.010009765625,1982.5899658203125,1987.8199462890625,3340330000
2022-08-19,1957.3499755859375,1992.300048828125,1952.5,1992.300048828125,3761340000
2022-08-22,1915.739990234375,1933.68994140625,1911.68994140625,1931.7099609375,3907430000
2022-08-23,1919.1400146484375,1937.969970703125,1917.3199462890625,1920.1300048828125,3823520000
2022-08-24,1935.2900390625,1941.1500244140625,1916.5799560546875,1918.6500244140625,3583630000
2022-08-25,1964.6400146484375,1964.6400146484375,1943.199951171875,1944.3800048828125,3566870000
2022-08-26,1899.8299560546875,1965.31005859375,1898.510009765625,1965.22998046875,3832750000
2022-08-29,1882.93994140625,1898.6700439453125,1879.1300048828125,1880.6300048828125,3396510000
2022-08-30,1855.5899658203125,1889.3499755859375,1847.5400390625,1889.1600341796875,3835860000
2022-08-31,1844.1199951171875,1865.280029296875,1843.0799560546875,1859.1800537109375,4542490000
2022-09-01,1822.8199462890625,1826.75,1799.1700439453125,1826.75,4152250000
2022-09-02,1809.75,1846.97998046875,1802.1400146484375,1844.1700439453125,3665850000
2022-09-06,1792.3199462890625,1815.1500244140625,1786.6800537109375,1813.1800537109375,4127340000
2022-09-07,1832.0,1832.5699462890625,1787.4300537109375,1789.56005859375,3890320000
2022-09-08,1846.9100341796875,1846.9100341796875,1810.510009765625,1823.489990234375,3966850000
2022-09-09,1882.8499755859375,1884.9000244140625,1857.1400146484375,1857.1400146484375,3901940000
2022-09-12,1906.0899658203125,1906.0899658203125,1889.800048828125,1889.800048828125,3814200000
2022-09-13,1831.5699462890625,1879.5400390625,1825.4200439453125,1879.5400390625,4224550000
2022-09-14,1838.4599609375,1840.5899658203125,1817.52001953125,1832.68994140625,4293240000
2022-09-15,1825.22998046875,1853.030029296875,1818.4100341796875,1830.969970703125,4441830000
2022-09-16,1798.18994140625,1813.8599853515625,1778.77001953125,1813.8599853515625,7954650000
2022-09-19,1812.8399658203125,1813.93994140625,1777.27001953125,1785.719970703125,3766850000
2022-09-20,1787.5,1801.489990234375,1776.31005859375,1801.489990234375,4058050000
2022-09-21,1762.1600341796875,1813.6600341796875,1761.969970703125,1796.199951171875,4078330000
2022-09-22,1722.31005859375,1760.31005859375,1716.2099609375,1760.1500244140625,4284600000
2022-09-23,1679.5899658203125,1707.6099853515625,1658.6600341796875,1707.6099853515625,5144270000
2022-09-26,1655.8800048828125,1701.239990234375,1653.4300537109375,1674.3399658203125,4886140000
2022-09-27,1662.510009765625,1689.530029296875,1650.7099609375,1669.1700439453125,4577740000
2022-09-28,1715.239990234375,1725.280029296875,1668.7900390625,1668.7900390625,4684850000
2022-09-29,1674.9300537109375,1710.8199462890625,1656.4100341796875,1710.8199462890625,4681810000
2022-09-30,1664.719970703125,1707.75,1664.27001953125,1672.8900146484375,5645360000
2022-10-03,1708.8699951171875,1717.2900390625,1671.6199951171875,1687.280029296875,4806680000
2022-10-04,1775.77001953125,1775.77001953125,1735.8199462890625,1735.8199462890625,5146580000
2022-10-05,1762.68994140625,1767.8199462890625,1732.0899658203125,1748.7900390625,4293180000
2022-10-06,1752.510009765625,1772.25,1747.030029296875,1756.4200439453125,4252100000
2022-10-07,1702.1500244140625,1734.9200439453125,1694.9599609375,1734.6500244140625,4449660000
2022-10-10,1691.9200439453125,1706.8299560546875,1681.97998046875,1706.1600341796875,3834320000
2022-10-11,1692.9200439453125,1713.739990234375,1664.9100341796875,1687.5999755859375,4759030000
2022-10-12,1687.760009765625,1696.7900390625,1671.8800048828125,1692.9599609375,4006830000
2022-10-13,1728.4100341796875,1734.27001953125,1641.93994140625,1653.949951171875,5021680000
2022-10-14,1682.4000244140625,1747.8399658203125,1681.5,1741.3199462890625,4243030000
2022-10-17,1735.75,1738.699951171875,1701.1600341796875,1701.1600341796875,4352780000
2022-10-18,1755.9599609375,1782.0699462890625,1744.0,1756.3599853515625,4483740000
2022-10-19,1725.760009765625,1746.969970703125,1710.2099609375,1746.969970703125,4223800000
2022-10-20,1704.3900146484375,1746.2900390625,1699.97998046875,1726.550048828125,4496620000
2022-10-21,1742.239990234375,1744.9000244140625,1700.6300048828125,1709.6099853515625,5078020000
2022-10-24,1748.4000244140625,1751.43994140625,1727.199951171875,1747.6800537109375,4747930000
2022-10-25,1796.1600341796875,1801.199951171875,1749.6199951171875,1749.6199951171875,4843120000
2022-10-26,1804.3299560546875,1836.06005859375,1801.2900390625,1801.989990234375,4817310000
2022-10-27,1806.3199462890625,1832.0899658203125,1804.699951171875,1815.52001953125,4687320000
2022-10-28,1846.9200439453125,1848.25,1804.8199462890625,1811.6199951171875,4459410000
2022-10-31,1846.8599853515625,1854.5699462890625,1833.5899658203125,1839.1700439453125,4820620000
2022-11-01,1851.3900146484375,1868.75,1845.9300537109375,1864.949951171875,4481210000
2022-11-02,1789.1400146484375,1861.5699462890625,1789.1300048828125,1845.0799560546875,4899000000
2022-11-03,1779.72998046875,1791.81005859375,1758.050048828125,1768.4599609375,4625290000
2022-11-04,1799.8699951171875,1809.6400146484375,1771.1099853515625,1800.81005859375,5400180000
2022-11-07,1809.81005859375,1814.760009765625,1793.989990234375,1808.0799560546875,4341620000
2022-11-08,1808.9300537109375,1831.199951171875,1790.8800048828125,1815.52001953125,4607640000
2022-11-09,1760.4000244140625,1796.8499755859375,1757.449951171875,1796.3599853515625,4645010000
2022-11-10,1867.9300537109375,1868.280029296875,1811.280029296875,1811.280029296875,5781260000
2022-11-11,1882.739990234375,1899.9599609375,1872.9200439453125,1872.9200439453125,5593310000
2022-11-14,1861.25,1889.4100341796875,1861.25,1875.6500244140625,4561930000
2022-11-15,1889.199951171875,1905.8399658203125,1878.0799560546875,1885.969970703125,5015310000
2022-11-16,1853.1700439453125,1879.739990234375,1850.719970703125,1879.739990234375,4165320000
2022-11-17,1839.1199951171875,1839.8399658203125,1820.7099609375,1837.27001953125,4051780000
2022-11-18,1849.72998046875,1869.3399658203125,1840.8800048828125,1861.72998046875,4037360000
2022-11-21,1839.1400146484375,1842.9599609375,1828.989990234375,1842.9599609375,3850690000
2022-11-22,1860.43994140625,1861.0799560546875,1840.0400390625,1843.8699951171875,3887990000
2022-11-23,1863.52001953125,1868.9200439453125,1851.6800537109375,1857.5899658203125,3279720000
2022-11-25,1869.18994140625,1873.5899658203125,1861.0,1862.9200439453125,1706460000
2022-11-28,1830.9599609375,1857.52001953125,1827.0799560546875,1857.1800537109375,3615430000
2022-11-29,1836.550048828125,1846.0699462890625,1832.52001953125,1832.52001953125,3546040000
2022-11-30,1886.5799560546875,1886.5799560546875,1821.469970703125,1839.1300048828125,6579360000
2022-12-01,1881.6800537109375,1898.27001953125,1876.9300537109375,1891.97998046875,4527130000
2022-12-02,1892.8399658203125,1898.449951171875,1856.47998046875,1863.93994140625,4012620000
2022-12-05,1840.219970703125,1886.010009765625,1834.4200439453125,1886.010009765625,4280820000
2022-12-06,1812.5799560546875,1839.5400390625,1802.949951171875,1839.5400390625,4368380000
2022-12-07,1806.9000244140625,1822.699951171875,1805.6600341796875,1809.1700439453125,4118050000
2022-12-08,1818.2900390625,1833.75,1808.8499755859375,1815.7099609375,4006900000
2022-12-09,1796.6600341796875,1815.81005859375,1796.6600341796875,1812.1500244140625,3888260000
2022-12-12,1818.6099853515625,1820.5,1793.1099853515625,1798.7900390625,3904130000
2022-12-13,1832.3599853515625,1880.760009765625,1823.0,1851.8299560546875,5079360000
2022-12-14,1820.449951171875,1845.77001953125,1812.300048828125,1831.22998046875,4472340000
2022-12-15,1774.6099853515625,1806.739990234375,1770.56005859375,1806.739990234375,4493900000
2022-12-16,1763.4200439453125,1765.6400146484375,1746.25,1759.550048828125,7493660000
2022-12-19,1738.5799560546875,1765.5400390625,1733.8199462890625,1763.93994140625,3969610000
2022-12-20,1748.02001953125,1755.0799560546875,1733.2099609375,1735.469970703125,3985370000
2022-12-21,1776.93994140625,1784.1099853515625,1757.68994140625,1757.68994140625,3775200000
2022-12-22,1754.0899658203125,1766.6700439453125,1726.81005859375,1766.6700439453125,3956950000
2022-12-23,1760.9300537109375,1761.239990234375,1743.739990234375,1753.199951171875,2819280000
2022-12-27,1749.52001953125,1761.6500244140625,1745.43994140625,1761.3800048828125,3030300000
2022-12-28,1722.02001953125,1753.9300537109375,1722.02001953125,1749.9300537109375,3083520000
2022-12-29,1766.25,1767.9100341796875,1727.3299560546875,1727.3299560546875,3003680000
2022-12-30,1761.25,1763.9300537109375,1747.22998046875,1759.260009765625,2979870000
2023-01-03,1750.72998046875,1785.949951171875,1737.260009765625,1769.75,3959140000
2023-01-04,1772.5400390625,1781.969970703125,1758.0899658203125,1758.0899658203125,4414080000
2023-01-05,1753.18994140625,1766.0799560546875,1745.3800048828125,1766.0799560546875,3893450000
2023-01-06,1792.800048828125,1795.56005859375,1758.5,1764.3299560546875,3923560000
2023-01-09,1795.9100341796875,1817.0899658203125,1794.5400390625,1801.0699462890625,4311770000
2023-01-10,1822.6500244140625,1822.6500244140625,1793.18994140625,1794.2900390625,3851030000
2023-01-11,1844.050048828125,1844.1600341796875,1826.52001953125,1827.1199951171875,4303360000
2023-01-12,1876.06005859375,1876.06005859375,1839.0899658203125,1850.25,4440260000
2023-01-13,1887.030029296875,1889.1500244140625,1861.739990234375,1867.5,3939700000
2023-01-17,1884.2900390625,1892.4200439453125,1880.739990234375,1886.6400146484375,4235560000
2023-01-18,1854.3599853515625,1903.8699951171875,1854.3199462890625,1890.0899658203125,4298710000
2023-01-19,1836.3499755859375,1846.3499755859375,1825.5799560546875,1846.3499755859375,3991500000
2023-01-20,1867.3399658203125,1867.3399658203125,1836.6300048828125,1847.6800537109375,4013360000
2023-01-23,1890.77001953125,1896.199951171875,1867.489990234375,1868.9599609375,3945210000
2023-01-24,1885.6099853515625,1892.7099609375,1878.3299560546875,1887.81005859375,3320430000
2023-01-25,1890.3199462890625,1890.72998046875,1858.989990234375,1873.6199951171875,3724020000
2023-01-26,1903.06005859375,1909.4200439453125,1882.7099609375,1899.8800048828125,3809590000
2023-01-27,1911.4599609375,1918.5899658203125,1896.239990234375,1899.8199462890625,3907760000
2023-01-30,1885.719970703125,1909.3399658203125,1885.4300537109375,1903.0999755859375,3802000000
2023-01-31,1931.93994140625,1931.949951171875,1888.8299560546875,1888.8299560546875,4679320000
2023-02-01,1960.81005859375,1976.8699951171875,1921.52001953125,1929.469970703125,4856930000
2023-02-02,2001.219970703125,2007.31005859375,1968.030029296875,1968.030029296875,5624360000
2023-02-03,1985.530029296875,2005.550048828125,1976.06005859375,1989.1199951171875,4694510000
2023-02-06,1957.719970703125,1976.0899658203125,1952.18994140625,1976.0899658203125,4114240000
2023-02-07,1972.6099853515625,1975.8299560546875,1936.3299560546875,1952.6500244140625,4355860000
2023-02-08,1942.5999755859375,1968.9200439453125,1940.2900390625,1964.8900146484375,4029820000
2023-02-09,1915.3399658203125,1963.8499755859375,1912.239990234375,1954.8800048828125,4270200000
2023-02-10,1918.81005859375,1920.8499755859375,1903.719970703125,1910.6600341796875,3891520000
2023-02-13,1941.1400146484375,1942.699951171875,1913.5999755859375,1919.8900146484375,3448620000
2023-02-14,1939.9100341796875,1951.97998046875,1920.5,1933.9000244140625,3929200000
2023-02-15,1960.969970703125,1960.969970703125,1924.9100341796875,1929.72998046875,4075980000
2023-02-16,1942.2099609375,1962.4599609375,1933.1400146484375,1946.050048828125,4143660000
2023-02-17,1946.3599853515625,1947.8499755859375,1928.3900146484375,1943.6400146484375,4045480000
2023-02-21,1888.2099609375,1937.050048828125,1888.2099609375,1937.050048828125,4121590000
2023-02-22,1894.6800537109375,1904.47998046875,1885.1099853515625,1890.8299560546875,4079320000
2023-02-23,1908.0899658203125,1915.31005859375,1884.31005859375,1902.719970703125,3952940000
2023-02-24,1890.489990234375,1891.6199951171875,1875.81005859375,1891.3800048828125,3877700000
2023-02-27,1896.27001953125,1914.5999755859375,1891.8900146484375,1902.0,3836950000
2023-02-28,1896.989990234375,1913.1800537109375,1896.43994140625,1896.699951171875,5043400000
2023-03-01,1898.4300537109375,1904.43994140625,1888.72998046875,1896.1400146484375,4249480000
2023-03-02,1902.6600341796875,1905.3499755859375,1877.5799560546875,1888.4300537109375,4244900000
2023-03-03,1928.260009765625,1931.719970703125,1901.97998046875,1906.4599609375,4084730000
2023-03-06,1899.760009765625,1928.699951171875,1892.4599609375,1928.0799560546875,4000870000
2023-03-07,1878.719970703125,1902.1099853515625,1875.7900390625,1899.239990234375,3922500000
2023-03-08,1879.47998046875,1886.5400390625,1866.0699462890625,1880.27001953125,3535570000
2023-03-09,1826.5899658203125,1883.02001953125,1826.2900390625,1879.219970703125,4445260000
2023-03-10,1772.699951171875,1821.6800537109375,1756.8199462890625,1821.6800537109375,5518190000
2023-03-13,1744.300048828125,1773.530029296875,1722.8499755859375,1755.0400390625,6558020000
2023-03-14,1776.8900146484375,1802.1199951171875,1760.0799560546875,1770.6500244140625,5665870000
2023-03-15,1745.93994140625,1763.719970703125,1716.6700439453125,1763.719970703125,6594010000
2023-03-16,1771.239990234375,1781.0999755859375,1717.5899658203125,1733.5,5695790000
2023-03-17,1725.8900146484375,1765.1600341796875,1720.9200439453125,1765.1600341796875,9354280000
2023-03-20,1744.989990234375,1761.739990234375,1733.510009765625,1733.510009765625,5347140000
2023-03-21,1777.739990234375,1788.3699951171875,1761.8699951171875,1761.8699951171875,4920240000
2023-03-22,1727.3599853515625,1779.719970703125,1726.6099853515625,1776.510009765625,4533010000
2023-03-23,1720.2900390625,1758.9100341796875,1706.3399658203125,1733.5,4991600000
2023-03-24,1734.9200439453125,1735.760009765625,1695.22998046875,1711.449951171875,4583970000
2023-03-27,1753.6700439453125,1762.6500244140625,1742.06005859375,1747.9300537109375,4233540000
2023-03-28,1752.6300048828125,1759.469970703125,1745.1300048828125,1749.6300048828125,4014600000
2023-03-29,1771.5999755859375,1771.7099609375,1759.050048828125,1763.1300048828125,4145250000
2023-03-30,1768.3800048828125,1787.6400146484375,1762.3399658203125,1778.6800537109375,3930860000
2023-03-31,1802.47998046875,1802.699951171875,1775.050048828125,1775.050048828125,4525120000
2023-04-03,1802.31005859375,1812.3699951171875,1783.469970703125,1804.02001953125,4234700000
2023-04-04,1769.6500244140625,1806.699951171875,1760.989990234375,1804.47998046875,4227800000
2023-04-05,1752.1300048828125,1764.219970703125,1742.780029296875,1764.219970703125,3968020000
2023-04-06,1754.4599609375,1758.4300537109375,1744.5,1753.1099853515625,3486690000
2023-04-10,1772.43994140625,1773.22998046875,1745.4599609375,1749.31005859375,3423650000
2023-04-11,1786.5899658203125,1794.449951171875,1776.9000244140625,1776.9000244140625,3665830000
2023-04-12,1773.699951171875,1803.18994140625,1772.3900146484375,1793.6600341796875,3633120000
2023-04-13,1796.6800537109375,1800.6400146484375,1778.469970703125,1778.469970703125,3596590000
2023-04-14,1781.1500244140625,1805.02001953125,1770.56005859375,1798.1500244140625,3575690000
2023-04-17,1802.8399658203125,1802.8399658203125,1784.1199951171875,1784.3800048828125,3611180000
2023-04-18,1795.550048828125,1809.5899658203125,1787.0,1807.239990234375,3536640000
2023-04-19,1799.43994140625,1802.7900390625,1782.719970703125,1789.989990234375,3572560000
2023-04-20,1789.699951171875,1797.469970703125,1782.3499755859375,1790.68994140625,3772080000
2023-04-21,1791.510009765625,1793.31005859375,1777.4000244140625,1790.56005859375,3611750000
2023-04-24,1788.8699951171875,1797.6099853515625,1781.6700439453125,1790.25,3290940000
2023-04-25,1745.949951171875,1779.3299560546875,1745.9100341796875,1779.3299560546875,3978640000
2023-04-26,1730.4100341796875,1747.280029296875,1725.8199462890625,1741.2900390625,3837030000
2023-04-27,1751.219970703125,1752.0,1726.77001953125,1733.4000244140625,3750550000
2023-04-28,1768.989990234375,1773.02001953125,1746.8399658203125,1749.8499755859375,4087800000
2023-05-01,1769.2099609375,1785.199951171875,1764.3199462890625,1765.449951171875,3321370000
2023-05-02,1732.1099853515625,1761.1500244140625,1716.219970703125,1761.1500244140625,4486130000
2023-05-03,1739.280029296875,1767.699951171875,1735.68994140625,1735.68994140625,4246510000
2023-05-04,1718.81005859375,1728.3900146484375,1704.8199462890625,1727.239990234375,4920090000
2023-05-05,1759.8800048828125,1763.780029296875,1742.52001953125,1742.52001953125,4186270000
2023-05-08,1754.469970703125,1768.2099609375,1748.3199462890625,1766.4200439453125,3641640000
2023-05-09,1749.6800537109375,1756.0899658203125,1737.699951171875,1747.43994140625,3810140000
2023-05-10,1759.510009765625,1772.9300537109375,1743.6300048828125,1769.5799560546875,4057160000
2023-05-11,1744.7099609375,1749.43994140625,1736.8399658203125,1748.8900146484375,3752900000
2023-05-12,1740.8499755859375,1753.22998046875,1731.3399658203125,1748.1400146484375,3533740000
2023-05-15,1761.550048828125,1768.75,1744.2099609375,1744.6600341796875,3562170000
2023-05-16,1736.1800537109375,1755.1600341796875,1736.1600341796875,1755.1600341796875,3654200000
2023-05-17,1774.5,1776.9000244140625,1737.3900146484375,1744.1099853515625,4039080000
2023-05-18,1784.8599853515625,1787.3599853515625,1766.2900390625,1770.8199462890625,3980500000
2023-05-19,1773.719970703125,1800.52001953125,1769.02001953125,1795.989990234375,4041900000
2023-05-22,1795.3800048828125,1801.3900146484375,1776.9599609375,1777.6400146484375,3728520000
2023-05-23,1787.7099609375,1816.4000244140625,1787.52001953125,1792.3299560546875,4155320000
2023-05-24,1767.0,1816.4000244140625,1761.199951171875,1792.3299560546875,3739190000
2023-05-25,1754.5999755859375,1767.0999755859375,1741.239990234375,1767.0999755859375,4147760000
2023-05-26,1773.02001953125,1774.68994140625,1755.2900390625,1755.3599853515625,3715460000
2023-05-30,1767.2900390625,1784.7099609375,1761.3499755859375,1776.6099853515625,4228510000
2023-05-31,1749.6500244140625,1765.4100341796875,1736.8199462890625,1761.3299560546875,5980670000
2023-06-01,1767.93994140625,1773.010009765625,1744.3699951171875,1750.8599853515625,4391860000
2023-06-02,1830.9100341796875,1831.7099609375,1782.3399658203125,1782.3399658203125,4454200000
2023-06-05,1806.7099609375,1825.77001953125,1797.27001953125,1825.77001953125,3813290000
2023-06-06,1855.4000244140625,1859.3900146484375,1801.5999755859375,1804.6700439453125,3996560000
2023-06-07,1888.449951171875,1893.56005859375,1861.199951171875,1861.199951171875,4537800000
2023-06-08,1880.780029296875,1886.030029296875,1867.9100341796875,1886.030029296875,3826740000
2023-06-09,1865.7099609375,1881.739990234375,1862.5,1881.27001953125,3786510000
2023-06-12,1873.2099609375,1880.449951171875,1863.0999755859375,1866.77001953125,3945670000
2023-06-13,1896.3299560546875,1903.0,1878.0899658203125,1878.0899658203125,4275400000
2023-06-14,1874.0999755859375,1904.9200439453125,1864.0799560546875,1898.739990234375,4252110000
2023-06-15,1889.280029296875,1890.0899658203125,1866.260009765625,1870.1700439453125,4176690000
2023-06-16,1875.469970703125,1906.8299560546875,1868.6500244140625,1900.1199951171875,6848600000
2023-06-20,1866.699951171875,1871.489990234375,1856.199951171875,1871.489990234375,4055790000
2023-06-21,1863.010009765625,1873.9599609375,1855.0799560546875,1862.3900146484375,3709330000
2023-06-22,1848.1800537109375,1860.030029296875,1843.9200439453125,1860.030029296875,3511000000
2023-06-23,1821.6300048828125,1838.1600341796875,1818.81005859375,1835.4300537109375,6053620000
2023-06-26,1823.260009765625,1841.06005859375,1819.800048828125,1821.3399658203125,3415030000
2023-06-27,1849.9300537109375,1855.1099853515625,1823.5400390625,1825.760009765625,3573500000
2023-06-28,1858.7099609375,1859.0,1842.300048828125,1847.5999755859375,3739330000
2023-06-29,1881.5899658203125,1883.77001953125,1860.260009765625,1860.260009765625,3696660000
2023-06-30,1888.72998046875,1898.4000244140625,1887.550048828125,1889.199951171875,3923450000
2023-07-03,1896.780029296875,1898.5999755859375,1885.6300048828125,1887.030029296875,2034280000
2023-07-05,1872.9100341796875,1891.9599609375,1872.9100341796875,1891.9599609375,0
2023-07-06,1842.22998046875,1867.1300048828125,1823.9100341796875,1867.1300048828125,3682020000
2023-07-07,1864.6600341796875,1878.9000244140625,1843.1600341796875,1843.1600341796875,3630480000
2023-07-10,1895.25,1895.5699462890625,1860.4200439453125,1862.2099609375,3429600000
2023-07-11,1913.3599853515625,1915.1800537109375,1895.8800048828125,1899.260009765625,3624220000
2023-07-12,1933.3800048828125,1944.22998046875,1931.280029296875,1931.8299560546875,3920290000
2023-07-13,1950.8900146484375,1952.5400390625,1936.510009765625,1937.9000244140625,3839530000
2023-07-14,1931.0899658203125,1949.8599853515625,1920.3399658203125,1949.8599853515625,3647450000
2023-07-17,1951.27001953125,1958.050048828125,1926.6400146484375,1929.4200439453125,3538240000
2023-07-18,1976.0699462890625,1977.5799560546875,1952.1099853515625,1952.1099853515625,0
2023-07-19,1984.8900146484375,1990.25,1977.25,1981.780029296875,4115670000
2023-07-20,1967.1600341796875,1984.52001953125,1960.1700439453125,1984.52001953125,3761770000
2023-07-21,1960.260009765625,1981.6400146484375,1958.739990234375,1976.93994140625,3570190000
2023-07-24,1965.6800537109375,1973.3199462890625,1958.3299560546875,1961.0400390625,3856250000
2023-07-25,1966.1099853515625,1976.9300537109375,1961.4200439453125,1963.6199951171875,0
2023-07-26,1980.3599853515625,1984.780029296875,1962.489990234375,1964.5699462890625,3990290000
2023-07-27,1954.9000244140625,1994.8199462890625,1949.0899658203125,1988.6199951171875,4553210000
2023-07-28,1981.5400390625,1983.8399658203125,1964.969970703125,1964.969970703125,3981010000
2023-07-31,2003.1800537109375,2003.6199951171875,1984.800048828125,1984.800048828125,4503600000
2023-08-01,1994.1700439453125,1996.8900146484375,1976.7900390625,1996.8900146484375,4042370000
2023-08-02,1966.8299560546875,1981.280029296875,1957.1300048828125,1981.280029296875,4270710000
2023-08-03,1961.4000244140625,1970.5400390625,1948.699951171875,1962.4000244140625,4149120000
2023-08-04,1957.4599609375,1977.489990234375,1955.1400146484375,1961.77001953125,4143310000
2023-08-07,1958.93994140625,1961.489990234375,1944.81005859375,1959.1199951171875,3493920000
2023-08-08,1947.4200439453125,1947.6300048828125,1924.22998046875,1945.0999755859375,3884910000
2023-08-09,1930.77001953125,1946.6600341796875,1925.1300048828125,1946.6600341796875,3803100000
2023-08-10,1922.6199951171875,1953.1400146484375,1916.6099853515625,1933.97998046875,4504370000
2023-08-11,1925.1099853515625,1929.3800048828125,1914.0999755859375,1918.199951171875,3753290000
2023-08-14,1920.489990234375,1920.9000244140625,1903.52001953125,1919.949951171875,3896410000
2023-08-15,1895.75,1913.6300048828125,1895.75,1913.6300048828125,3832250000
2023-08-16,1871.52001953125,1901.4300537109375,1871.52001953125,1893.97998046875,3753910000
2023-08-17,1850.06005859375,1877.8299560546875,1850.06005859375,1874.1600341796875,3943700000
2023-08-18,1859.4200439453125,1864.6800537109375,1830.8399658203125,1841.010009765625,3940400000
2023-08-21,1856.010009765625,1863.7099609375,1846.300048828125,1860.1300048828125,3726850000
2023-08-22,1850.8399658203125,1866.18994140625,1847.27001953125,1860.0,3522760000
2023-08-23,1870.030029296875,1873.47998046875,1849.8299560546875,1851.8599853515625,3837270000
2023-08-24,1846.280029296875,1871.8599853515625,1845.97998046875,1868.3199462890625,3723470000
2023-08-25,1853.6300048828125,1861.8499755859375,1831.949951171875,1850.6099853515625,3296180000
2023-08-28,1869.010009765625,1877.449951171875,1859.3299560546875,1859.3299560546875,2957230000
2023-08-29,1895.5400390625,1896.6600341796875,1864.1500244140625,1868.6700439453125,3354820000
2023-08-30,1903.2099609375,1908.8900146484375,1889.280029296875,1893.469970703125,3064110000
2023-08-31,1899.6800537109375,1913.199951171875,1898.949951171875,1904.3599853515625,3946360000
2023-09-01,1920.8299560546875,1926.81005859375,1908.1700439453125,1908.1700439453125,3246260000
2023-09-05,1880.449951171875,1916.280029296875,1880.449951171875,1916.280029296875,3526250000
2023-09-06,1874.280029296875,1890.8299560546875,1864.4599609375,1880.739990234375,3418850000
2023-09-07,1855.760009765625,1871.6199951171875,1848.719970703125,1871.6199951171875,3763760000
2023-09-08,1851.5400390625,1857.8599853515625,1848.5899658203125,1856.050048828125,3259290000
2023-09-11,1855.1400146484375,1866.550048828125,1853.8800048828125,1863.1099853515625,3369920000
2023-09-12,1855.3199462890625,1864.3299560546875,1851.2900390625,1851.5699462890625,3435740000
2023-09-13,1840.8399658203125,1857.0,1837.56005859375,1855.25,3529430000
2023-09-14,1866.6300048828125,1868.1700439453125,1854.3699951171875,1855.300048828125,3648720000
2023-09-15,1847.030029296875,1861.6800537109375,1840.0,1861.56005859375,6932230000
2023-09-18,1834.300048828125,1847.7099609375,1834.300048828125,1847.7099609375,3161230000
2023-09-19,1826.530029296875,1840.56005859375,1823.050048828125,1834.3900146484375,3614880000
2023-09-20,1810.0999755859375,1843.5,1810.0799560546875,1834.43994140625,3308450000
2023-09-21,1781.8299560546875,1795.800048828125,1781.8199462890625,1795.219970703125,3662340000
2023-09-22,1776.5,1791.1400146484375,1776.5,1787.52001953125,3349570000
2023-09-25,1784.239990234375,1788.030029296875,1766.5400390625,1768.6700439453125,3195650000
2023-09-26,1761.6099853515625,1786.050048828125,1761.6099853515625,1774.6400146484375,3472340000
2023-09-27,1778.9000244140625,1786.5999755859375,1765.6400146484375,1771.1600341796875,3875880000
2023-09-28,1794.31005859375,1802.6099853515625,1777.8900146484375,1778.030029296875,3846230000
2023-09-29,1785.0999755859375,1809.68994140625,1781.050048828125,1805.469970703125,3865960000
2023-10-02,1756.8199462890625,1782.02001953125,1749.4300537109375,1780.8599853515625,3938660000
2023-10-03,1727.1500244140625,1749.18994140625,1721.47998046875,1749.18994140625,3953830000
2023-10-04,1729.010009765625,1731.22998046875,1709.5899658203125,1727.0899658203125,3777600000
2023-10-05,1731.510009765625,1734.31005859375,1717.3399658203125,1724.68994140625,3581470000
2023-10-06,1745.56005859375,1754.25,1713.9200439453125,1723.7099609375,3902030000
2023-10-09,1755.989990234375,1761.02001953125,1735.72998046875,1738.3900146484375,3174630000
2023-10-10,1775.949951171875,1785.8900146484375,1759.52001953125,1759.52001953125,3520240000
2023-10-11,1773.300048828125,1786.6400146484375,1761.81005859375,1777.5699462890625,3601660000
2023-10-12,1734.25,1774.9200439453125,1725.43994140625,1774.3399658203125,3713140000
2023-10-13,1719.7099609375,1740.5699462890625,1715.3199462890625,1738.0899658203125,3566560000
2023-10-16,1747.06005859375,1749.2099609375,1728.1800537109375,1734.1300048828125,3409960000
2023-10-17,1766.050048828125,1779.8499755859375,1735.7099609375,1735.75,3794850000
2023-10-18,1728.81005859375,1752.9200439453125,1727.239990234375,1752.9200439453125,3686030000
2023-10-19,1702.699951171875,1734.5799560546875,1700.239990234375,1725.699951171875,3969730000
2023-10-20,1680.7900390625,1706.02001953125,1680.0899658203125,1705.550048828125,4004030000
2023-10-23,1665.8800048828125,1687.739990234375,1662.6400146484375,1671.760009765625,3776100000
2023-10-24,1679.5,1690.4100341796875,1671.27001953125,1677.739990234375,3821820000
2023-10-25,1651.4300537109375,1668.1700439453125,1649.8499755859375,1666.8399658203125,3869370000
2023-10-26,1657.0,1670.0899658203125,1648.8299560546875,1656.6099853515625,4277640000
2023-10-27,1636.93994140625,1661.18994140625,1633.6700439453125,1660.739990234375,4019500000
2023-10-30,1647.2900390625,1657.3199462890625,1635.4100341796875,1646.3599853515625,3911140000
2023-10-31,1662.280029296875,1663.5,1644.989990234375,1648.5999755859375,4249470000
2023-11-01,1669.699951171875,1669.7900390625,1649.06005859375,1661.4100341796875,4224900000
2023-11-02,1714.2099609375,1714.6099853515625,1684.449951171875,1684.449951171875,4669780000
2023-11-03,1760.699951171875,1770.5799560546875,1733.6099853515625,1733.6099853515625,4570960000
2023-11-06,1737.93994140625,1760.8599853515625,1731.6800537109375,1760.1800537109375,3656340000
2023-11-07,1733.1500244140625,1739.260009765625,1723.550048828125,1733.72998046875,3791230000
2023-11-08,1714.0699462890625,1733.1099853515625,1709.239990234375,1732.9599609375,3729510000
2023-11-09,1687.239990234375,1724.8299560546875,1685.27001953125,1720.699951171875,3900780000
2023-11-10,1705.3199462890625,1709.239990234375,1684.199951171875,1692.77001953125,3665080000
2023-11-13,1705.5,1709.5699462890625,1690.9200439453125,1698.739990234375,3326240000
2023-11-14,1798.3199462890625,1798.3199462890625,1741.739990234375,1741.739990234375,4700350000
2023-11-15,1801.219970703125,1830.0,1797.5899658203125,1798.199951171875,4347170000
2023-11-16,1773.760009765625,1797.0,1767.4200439453125,1797.0,3964520000
2023-11-17,1797.77001953125,1798.43994140625,1784.8599853515625,1784.8599853515625,3777240000
2023-11-20,1807.0799560546875,1809.2099609375,1794.7099609375,1798.56005859375,3644790000
2023-11-21,1783.260009765625,1799.3299560546875,1783.260009765625,1799.3299560546875,3511080000
2023-11-22,1795.5400390625,1803.1199951171875,1789.8800048828125,1792.510009765625,3042810000
2023-11-24,1807.5,1810.260009765625,1794.68994140625,1794.989990234375,1639500000
2023-11-27,1801.1500244140625,1804.5,1790.949951171875,1801.030029296875,3403990000
2023-11-28,1792.81005859375,1804.1099853515625,1789.199951171875,1799.7099609375,3586240000
2023-11-29,1803.81005859375,1827.06005859375,1801.9100341796875,1804.22998046875,4418760000
2023-11-30,1809.02001953125,1816.530029296875,1805.219970703125,1808.6199951171875,5399300000
2023-12-01,1862.6400146484375,1863.6600341796875,1800.81005859375,1806.1300048828125,4397120000
2023-12-04,1882.02001953125,1882.0899658203125,1854.3800048828125,1857.1700439453125,4369910000
2023-12-05,1856.0400390625,1876.5999755859375,1855.050048828125,1876.5999755859375,3909950000
2023-12-06,1852.050048828125,1888.719970703125,1851.9599609375,1864.22998046875,4245680000
2023-12-07,1868.25,1868.25,1848.780029296875,1854.530029296875,3818880000
2023-12-08,1880.8199462890625,1887.81005859375,1863.6600341796875,1866.77001953125,3707010000
2023-12-11,1883.6800537109375,1885.4200439453125,1873.5799560546875,1879.6600341796875,3823210000
2023-12-12,1881.27001953125,1887.949951171875,1871.010009765625,1883.1800537109375,3808380000
2023-12-13,1947.510009765625,1948.050048828125,1870.3399658203125,1882.1400146484375,5063650000
2023-12-14,2000.510009765625,2008.6600341796875,1966.8800048828125,1966.8800048828125,6314040000
2023-12-15,1985.1300048828125,2009.0799560546875,1975.1300048828125,2005.1500244140625,8218980000
2023-12-18,1982.4200439453125,1996.510009765625,1980.75,1991.6099853515625,4060340000
2023-12-19,2020.949951171875,2024.25,1995.239990234375,1996.3299560546875,4026970000
2023-12-20,1982.8399658203125,2039.81005859375,1982.56005859375,2016.8699951171875,4201320000
2023-12-21,2017.06005859375,2017.1800537109375,1997.449951171875,2005.8199462890625,3431180000
2023-12-22,2033.9599609375,2042.469970703125,2025.75,2028.219970703125,3046770000
2023-12-26,2059.18994140625,2064.639892578125,2039.3499755859375,2043.1400146484375,2513910000
2023-12-27,2066.2099609375,2071.780029296875,2056.3701171875,2063.590087890625,2748450000
2023-12-28,2058.340087890625,2068.85009765625,2053.639892578125,2058.179931640625,2698860000
2023-12-29,2027.0699462890625,2056.6201171875,2027.0699462890625,2054.22998046875,3126060000
2024-01-02,2012.800048828125,2032.489990234375,2003.4100341796875,2012.75,3743050000
2024-01-03,1959.199951171875,1995.1700439453125,1958.030029296875,1995.1700439453125,3950760000
2024-01-04,1957.72998046875,1970.5400390625,1956.699951171875,1964.3499755859375,3715480000
2024-01-05,1951.1400146484375,1967.989990234375,1941.77001953125,1943.5,3844370000
2024-01-08,1989.010009765625,1989.010009765625,1944.8599853515625,1948.9000244140625,3742320000
2024-01-09,1968.0400390625,1975.22998046875,1957.4200439453125,1964.719970703125,3529960000
2024-01-10,1970.260009765625,1971.25,1953.0,1965.469970703125,3498680000
2024-01-11,1955.4599609375,1964.22998046875,1934.3199462890625,1963.1099853515625,3759890000
2024-01-12,1950.9599609375,1983.81005859375,1947.5,1977.8800048828125,3486340000
2024-01-16,1927.300048828125,1939.81005859375,1921.81005859375,1934.6400146484375,4260550000
2024-01-17,1913.1700439453125,1914.2099609375,1898.239990234375,1899.1800537109375,3928600000
2024-01-18,1923.6500244140625,1926.050048828125,1901.6500244140625,1924.010009765625,4019000000
2024-01-19,1944.3900146484375,1944.3900146484375,1914.469970703125,1934.0899658203125,4287200000
2024-01-22,1983.3800048828125,1984.1199951171875,1960.93994140625,1960.93994140625,4297610000
2024-01-23,1976.27001953125,2001.1400146484375,1969.93994140625,2000.5899658203125,3912800000
2024-01-24,1961.8599853515625,2000.1800537109375,1960.47998046875,2000.1800537109375,4330030000
2024-01-25,1975.8800048828125,1989.2099609375,1963.8900146484375,1987.25,4020430000
2024-01-26,1978.3299560546875,1993.43994140625,1974.6300048828125,1986.6700439453125,3353400000
2024-01-29,2011.4200439453125,2011.6500244140625,1972.780029296875,1978.1400146484375,3525160000
2024-01-30,1996.239990234375,2005.219970703125,1990.8199462890625,2002.3599853515625,3836130000
2024-01-31,1947.3399658203125,2003.1500244140625,1946.8900146484375,1989.3199462890625,4696120000
2024-02-01,1974.4200439453125,1974.4200439453125,1936.22998046875,1959.5799560546875,4386090000
2024-02-02,1962.72998046875,1971.510009765625,1944.5999755859375,1950.780029296875,3974350000
2024-02-05,1937.239990234375,1951.77001953125,1921.3599853515625,1951.77001953125,4023640000
2024-02-06,1953.6300048828125,1954.0400390625,1932.0799560546875,1936.77001953125,4440880000
2024-02-07,1950.3599853515625,1958.0699462890625,1939.969970703125,1954.3599853515625,4895590000
2024-02-08,1979.699951171875,1980.1500244140625,1948.6400146484375,1949.760009765625,4341860000
2024-02-09,2009.989990234375,2010.77001953125,1984.1099853515625,1984.1099853515625,3912990000
2024-02-12,2045.260009765625,2052.0,2014.68994140625,2014.68994140625,3805740000
2024-02-13,1964.1700439453125,1992.97998046875,1950.469970703125,1987.260009765625,4302190000
2024-02-14,2012.0999755859375,2014.06005859375,1983.0999755859375,1992.1300048828125,3845600000
2024-02-15,2061.47998046875,2062.800048828125,2027.06005859375,2027.530029296875,4137970000
2024-02-16,2045.1400146484375,2050.239990234375,2032.1600341796875,2049.8798828125,3833270000
2024-02-20,2004.1400146484375,2011.530029296875,1998.0899658203125,2008.780029296875,4034880000
2024-02-21,1994.739990234375,1997.5999755859375,1982.43994140625,1993.43994140625,3788390000
2024-02-22,2013.8399658203125,2016.8299560546875,1998.800048828125,2003.510009765625,4051710000
2024-02-23,2016.68994140625,2026.4300537109375,2004.6400146484375,2011.449951171875,3672790000
2024-02-26,2028.969970703125,2031.9599609375,2011.8599853515625,2012.9300537109375,3683930000
2024-02-27,2056.110107421875,2058.06005859375,2045.3699951171875,2046.5699462890625,3925950000
2024-02-28,2040.31005859375,2053.52001953125,2038.6300048828125,2043.0400390625,3789370000
2024-02-29,2054.840087890625,2072.969970703125,2044.800048828125,2060.72998046875,5219740000
2024-03-01,2076.389892578125,2077.969970703125,2052.429931640625,2058.47998046875,4748110000
2024-03-04,2074.31005859375,2091.800048828125,2071.989990234375,2087.6298828125,4758440000
2024-03-05,2053.7099609375,2072.300048828125,2048.1298828125,2060.72998046875,4418410000
2024-03-06,2068.090087890625,2075.64990234375,2059.860107421875,2069.81005859375,4559050000
2024-03-07,2084.739990234375,2090.7900390625,2079.320068359375,2079.320068359375,4137980000
2024-03-08,2082.7099609375,2115.949951171875,2075.89990234375,2099.60009765625,4208870000
2024-03-11,2065.8798828125,2079.969970703125,2063.780029296875,2075.739990234375,3896430000
2024-03-12,2065.47998046875,2072.949951171875,2052.929931640625,2066.14990234375,4080510000
2024-03-13,2071.7099609375,2080.18994140625,2062.35009765625,2062.75,4282890000
2024-03-14,2031.1800537109375,2064.280029296875,2017.280029296875,2064.280029296875,4687970000
2024-03-15,2039.3199462890625,2041.8800048828125,2018.949951171875,2020.6300048828125,7753670000
2024-03-18,2024.739990234375,2044.0699462890625,2024.5699462890625,2042.1199951171875,4036220000
2024-03-19,2035.7099609375,2039.8299560546875,2009.81005859375,2012.030029296875,4031760000
2024-03-20,2074.8798828125,2081.330078125,2028.56005859375,2030.3800048828125,4064850000
2024-03-21,2098.56005859375,2106.31005859375,2087.85009765625,2087.85009765625,4207730000
2024-03-22,2072.0,2099.110107421875,2071.7900390625,2098.030029296875,3374700000
2024-03-25,2074.159912109375,2088.47998046875,2074.159912109375,2075.06005859375,3331360000
2024-03-26,2070.159912109375,2093.52001953125,2070.0,2083.43994140625,3871790000
2024-03-27,2114.35009765625,2114.64990234375,2079.699951171875,2079.699951171875,3850500000
2024-03-28,2124.550048828125,2135.4599609375,2115.77001953125,2115.77001953125,3998270000
2024-04-01,2102.840087890625,2126.06005859375,2100.139892578125,2125.909912109375,3325930000
2024-04-02,2065.0400390625,2087.419921875,2054.340087890625,2087.419921875,3886590000
2024-04-03,2076.199951171875,2080.39990234375,2052.10009765625,2056.68994140625,3703250000
2024-04-04,2053.830078125,2101.469970703125,2051.320068359375,2089.070068359375,4075680000
2024-04-05,2063.469970703125,2073.320068359375,2048.25,2051.8798828125,3386780000
2024-04-08,2073.7099609375,2079.030029296875,2066.1201171875,2074.68994140625,3278180000
2024-04-09,2080.800048828125,2084.06005859375,2065.1298828125,2079.35009765625,3400680000
2024-04-10,2028.3900146484375,2044.27001953125,2016.550048828125,2043.219970703125,3845930000
2024-04-11,2042.5999755859375,2045.0400390625,2021.5,2036.22998046875,3509380000
2024-04-12,2003.1700439453125,2032.93994140625,1994.8299560546875,2031.0799560546875,3963220000
2024-04-15,1975.7099609375,2016.6600341796875,1968.1099853515625,2010.9100341796875,3950210000
2024-04-16,1967.47998046875,1976.2099609375,1953.010009765625,1965.8499755859375,4006200000
2024-04-17,1947.949951171875,1982.8399658203125,1947.75,1977.2900390625,3596130000
2024-04-18,1942.9599609375,1971.3900146484375,1941.3199462890625,1951.239990234375,3619760000
2024-04-19,1947.6600341796875,1956.300048828125,1931.5400390625,1935.77001953125,3878750000
2024-04-22,1967.469970703125,1978.4300537109375,1947.8499755859375,1953.239990234375,3820250000
2024-04-23,2002.6400146484375,2010.47998046875,1969.6400146484375,1969.739990234375,3751400000
2024-04-24,1995.4300537109375,2006.1300048828125,1983.6199951171875,2000.449951171875,3656740000
2024-04-25,1981.1199951171875,1984.489990234375,1957.8199462890625,1980.530029296875,3958050000
2024-04-26,2002.0,2005.010009765625,1984.4200439453125,1984.530029296875,3604140000
2024-04-29,2016.030029296875,2020.6300048828125,2005.0999755859375,2005.0999755859375,3447450000
2024-04-30,1973.9100341796875,2003.4100341796875,1973.8499755859375,2001.7099609375,4082470000
2024-05-01,1980.22998046875,2017.699951171875,1968.030029296875,1973.3699951171875,4544170000
2024-05-02,2016.1099853515625,2016.5,1984.6800537109375,1998.3199462890625,4381660000
2024-05-03,2035.719970703125,2054.85009765625,2030.8199462890625,2044.219970703125,3924990000
2024-05-06,2060.669921875,2064.2900390625,2048.510009765625,2048.510009765625,3683250000
2024-05-07,2064.64990234375,2077.81005859375,2062.159912109375,2062.159912109375,3987890000
2024-05-08,2055.139892578125,2055.639892578125,2043.8499755859375,2050.780029296875,3842100000
2024-05-09,2073.6298828125,2075.3701171875,2053.050048828125,2056.97998046875,3727370000
2024-05-10,2059.780029296875,2082.0400390625,2054.8701171875,2079.949951171875,3617900000
2024-05-13,2062.1201171875,2081.449951171875,2062.1201171875,2072.139892578125,4255710000
2024-05-14,2085.68994140625,2088.360107421875,2076.030029296875,2078.739990234375,4763580000
2024-05-15,2109.4599609375,2112.320068359375,2095.429931640625,2105.419921875,4360810000
2024-05-16,2096.25,2107.360107421875,2095.820068359375,2107.090087890625,3817470000
2024-05-17,2095.719970703125,2104.1298828125,2090.43994140625,2103.669921875,3578120000
2024-05-20,2102.5,2109.699951171875,2095.0,2096.489990234375,3420100000
2024-05-21,2098.360107421875,2101.60009765625,2094.02001953125,2097.469970703125,3662240000
2024-05-22,2081.7099609375,2096.889892578125,2075.780029296875,2093.72998046875,3847130000
2024-05-23,2048.409912109375,2090.389892578125,2040.6800537109375,2089.52001953125,3869520000
2024-05-24,2069.669921875,2070.22998046875,2056.35009765625,2061.0,3005510000
2024-05-28,2066.85009765625,2086.280029296875,2057.68994140625,2075.719970703125,3751540000
2024-05-29,2036.18994140625,2050.4599609375,2036.1300048828125,2050.4599609375,3552750000
2024-05-30,2056.60009765625,2063.18994140625,2043.72998046875,2043.72998046875,3818750000
2024-05-31,2070.1298828125,2073.669921875,2047.4000244140625,2061.22998046875,5437160000
2024-06-03,2059.679931640625,2088.14990234375,2048.06005859375,2082.39990234375,4046920000
2024-06-04,2033.93994140625,2050.389892578125,2032.1400146484375,2050.389892578125,3707900000
2024-06-05,2063.8701171875,2063.8701171875,2036.3399658203125,2044.1500244140625,3591460000
2024-06-06,2049.43994140625,2060.449951171875,2046.530029296875,2058.47998046875,3609990000
2024-06-07,2026.550048828125,2043.4599609375,2023.1400146484375,2035.1199951171875,3692760000
2024-06-10,2031.6099853515625,2033.6500244140625,2008.300048828125,2012.219970703125,3622280000
2024-06-11,2024.3499755859375,2027.530029296875,2006.0699462890625,2019.1199951171875,3568030000
2024-06-12,2057.10009765625,2088.530029296875,2052.169921875,2065.7900390625,3962840000
2024-06-13,2038.9100341796875,2053.570068359375,2025.6400146484375,2053.530029296875,3530380000
2024-06-14,2006.1600341796875,2020.18994140625,1999.02001953125,2020.18994140625,3438650000
2024-06-17,2022.010009765625,2024.9100341796875,1993.22998046875,2002.5699462890625,3447840000
2024-06-18,2025.22998046875,2033.550048828125,2020.8199462890625,2022.0899658203125,3544330000
2024-06-20,2017.3900146484375,2033.280029296875,2012.510009765625,2021.9100341796875,3847060000
2024-06-21,2022.030029296875,2022.260009765625,2006.8499755859375,2016.3499755859375,6773800000
2024-06-24,2030.81005859375,2043.0999755859375,2023.22998046875,2023.22998046875,3696750000
2024-06-25,2022.3499755859375,2029.6600341796875,2017.6500244140625,2029.6600341796875,3591960000
2024-06-26,2018.1199951171875,2020.3900146484375,2010.3599853515625,2014.1800537109375,3563920000
2024-06-27,2038.3399658203125,2038.469970703125,2020.25,2020.949951171875,3589530000
2024-06-28,2047.68994140625,2057.280029296875,2033.699951171875,2050.56005859375,7199220000
2024-07-01,2030.0699462890625,2053.35009765625,2024.4100341796875,2050.60009765625,3488760000
2024-07-02,2033.8699951171875,2037.2099609375,2027.780029296875,2031.0699462890625,3329950000
2024-07-03,2036.6199951171875,2049.39990234375,2035.56005859375,2038.4100341796875,2179470000
2024-07-05,2026.72998046875,2032.510009765625,2019.06005859375,2031.8800048828125,3253080000
2024-07-08,2038.6700439453125,2050.159912109375,2036.550048828125,2038.3800048828125,3185670000
2024-07-09,2029.469970703125,2039.969970703125,2023.9200439453125,2035.760009765625,3232920000
2024-07-10,2051.75,2051.75,2032.1800537109375,2037.0799560546875,3336100000
2024-07-11,2125.0400390625,2128.550048828125,2081.699951171875,2081.699951171875,4020950000
2024-07-12,2148.27001953125,2163.60009765625,2139.22998046875,2139.22998046875,3700280000
2024-07-15,2187.02001953125,2198.489990234375,2160.5,2162.0,3620470000
2024-07-16,2263.669921875,2265.2099609375,2198.429931640625,2198.429931640625,4041760000
2024-07-17,2239.669921875,2278.1298828125,2236.25,2246.43994140625,4246450000
2024-07-18,2198.2900390625,2261.159912109375,2189.6298828125,2233.969970703125,4007510000
2024-07-19,2184.35009765625,2261.159912109375,2179.949951171875,2233.969970703125,3760570000
2024-07-22,2220.64990234375,2223.090087890625,2176.47998046875,2191.22998046875,3375180000
2024-07-23,2243.27001953125,2253.929931640625,2208.409912109375,2210.64990234375,3500210000
2024-07-24,2195.3701171875,2246.85009765625,2195.3701171875,2232.840087890625,3945550000
2024-07-25,2222.97998046875,2255.7099609375,2199.6201171875,2201.669921875,4592120000
2024-07-26,2260.070068359375,2267.909912109375,2238.669921875,2247.820068359375,3638770000
2024-07-29,2235.330078125,2269.159912109375,2228.169921875,2265.610107421875,3379970000
2024-07-30,2243.139892578125,2255.860107421875,2231.02001953125,2242.43994140625,3777740000
2024-07-31,2254.47998046875,2300.0,2242.77001953125,2253.570068359375,4546910000
2024-08-01,2186.159912109375,2262.72998046875,2171.050048828125,2253.5,4703620000
2024-08-02,2109.31005859375,2127.25,2090.840087890625,2127.25,5156450000
2024-08-05,2039.1600341796875,2061.739990234375,1993.27001953125,2021.8599853515625,5333250000
2024-08-06,2064.300048828125,2087.0400390625,2035.52001953125,2045.199951171875,4690190000
2024-08-07,2035.1099853515625,2094.800048828125,2033.9599609375,2088.110107421875,4558260000
2024-08-08,2084.419921875,2084.889892578125,2054.570068359375,2056.89990234375,4016830000
2024-08-09,2080.919921875,2086.760009765625,2068.919921875,2085.5,3516400000
2024-08-12,2062.080078125,2085.030029296875,2058.1201171875,2083.050048828125,3360160000
2024-08-13,2095.18994140625,2098.699951171875,2068.9599609375,2073.77001953125,3648980000
2024-08-14,2084.320068359375,2104.7099609375,2077.27001953125,2103.840087890625,3380050000
2024-08-15,2135.469970703125,2145.260009765625,2117.56005859375,2117.56005859375,3723310000
2024-08-16,2141.919921875,2149.840087890625,2130.7099609375,2131.169921875,3357690000
2024-08-19,2167.5,2167.510009765625,2143.97998046875,2143.97998046875,3222050000
2024-08-20,2142.18994140625,2165.35009765625,2138.14990234375,2164.56005859375,2994420000
2024-08-21,2170.56005859375,2171.27001953125,2146.610107421875,2146.610107421875,3119670000
2024-08-22,2150.030029296875,2174.8798828125,2147.8701171875,2170.72998046875,2981530000
2024-08-23,2218.699951171875,2222.75,2159.97998046875,2159.97998046875,3291940000
2024-08-26,2217.919921875,2237.68994140625,2216.93994140625,2230.2099609375,2938570000
2024-08-27,2203.0,2210.8798828125,2195.070068359375,2210.8798828125,2798990000
2024-08-28,2188.639892578125,2202.97998046875,2180.159912109375,2198.050048828125,3053450000
2024-08-29,2202.97998046875,2223.010009765625,2192.429931640625,2199.110107421875,3065640000
2024-08-30,2217.6298828125,2218.050048828125,2192.409912109375,2208.699951171875,4185850000
2024-09-03,2149.2099609375,2206.409912109375,2145.469970703125,2206.409912109375,3866350000
2024-09-04,2145.219970703125,2166.0400390625,2138.820068359375,2144.590087890625,3478140000
2024-09-05,2132.050048828125,2150.68994140625,2126.199951171875,2146.5400390625,3521650000
2024-09-06,2091.409912109375,2139.659912109375,2087.949951171875,2133.159912109375,3822800000
2024-09-09,2097.780029296875,2115.080078125,2093.090087890625,2093.090087890625,3825940000
2024-09-10,2097.43994140625,2101.85009765625,2072.889892578125,2099.8798828125,3848180000
2024-09-11,2103.85009765625,2105.360107421875,2058.679931640625,2090.860107421875,3839450000
2024-09-12,2129.429931640625,2138.5,2102.360107421875,2109.090087890625,3655070000
2024-09-13,2182.489990234375,2183.5400390625,2143.280029296875,2143.280029296875,3500790000
2024-09-16,2189.169921875,2192.1201171875,2178.39990234375,2186.1298828125,3437070000
2024-09-17,2205.47998046875,2229.0,2199.169921875,2199.169921875,3443600000
2024-09-18,2206.340087890625,2259.25,2197.85009765625,2206.510009765625,3691390000
2024-09-19,2252.7099609375,2258.780029296875,2233.280029296875,2233.280029296875,4024530000
2024-09-20,2227.889892578125,2249.1298828125,2227.18994140625,2249.1298828125,7867260000
2024-09-23,2220.280029296875,2238.409912109375,2215.260009765625,2230.97998046875,3529550000
2024-09-24,2223.989990234375,2230.3798828125,2212.8798828125,2228.75,3872710000
2024-09-25,2197.449951171875,2224.090087890625,2196.889892578125,2223.889892578125,3624910000
2024-09-26,2209.8701171875,2227.889892578125,2206.330078125,2223.22998046875,4391180000
2024-09-27,2224.699951171875,2243.64990234375,2218.7900390625,2229.949951171875,3898530000
2024-09-30,2229.969970703125,2234.1298828125,2209.8798828125,2216.429931640625,4425730000
2024-10-01,2197.030029296875,2223.570068359375,2186.860107421875,2223.1201171875,4025180000
2024-10-02,2195.010009765625,2204.510009765625,2184.739990234375,2189.280029296875,3829050000
2024-10-03,2180.14990234375,2189.389892578125,2173.300048828125,2181.75,3597450000
2024-10-04,2212.800048828125,2214.860107421875,2196.1201171875,2211.139892578125,3479400000
2024-10-07,2193.090087890625,2206.090087890625,2181.239990234375,2206.090087890625,3637790000
2024-10-08,2194.97998046875,2201.909912109375,2188.239990234375,2194.050048828125,3393400000
2024-10-09,2200.590087890625,2213.139892578125,2190.4599609375,2194.239990234375,3650340000
2024-10-10,2188.419921875,2188.419921875,2170.610107421875,2186.56005859375,3208790000
2024-10-11,2234.409912109375,2234.9599609375,2188.6298828125,2188.6298828125,3208720000
2024-10-14,2248.639892578125,2250.22998046875,2228.25,2233.699951171875,3005250000
2024-10-15,2249.820068359375,2272.159912109375,2243.7099609375,2246.52001953125,3882120000
2024-10-16,2286.679931640625,2289.489990234375,2260.139892578125,2260.139892578125,3467230000
2024-10-17,2280.85009765625,2288.639892578125,2272.010009765625,2287.409912109375,3480010000
2024-10-18,2276.090087890625,2287.14990234375,2275.489990234375,2283.760009765625,3374490000
2024-10-21,2239.7099609375,2275.60009765625,2238.300048828125,2275.330078125,3407010000
2024-10-22,2231.530029296875,2235.77001953125,2225.06005859375,2235.77001953125,3342080000
2024-10-23,2213.840087890625,2226.409912109375,2195.469970703125,2224.64990234375,3532650000
2024-10-24,2218.919921875,2227.0,2206.35009765625,2216.989990234375,3543030000
2024-10-25,2207.989990234375,2236.68994140625,2207.239990234375,2225.77001953125,3501280000
2024-10-28,2244.070068359375,2247.3798828125,2217.669921875,2217.669921875,3691280000
2024-10-29,2238.090087890625,2238.090087890625,2221.75,2236.510009765625,3879100000
2024-10-30,2233.0400390625,2260.47998046875,2229.7900390625,2232.659912109375,3851120000
2024-10-31,2196.64990234375,2232.159912109375,2196.64990234375,2231.3701171875,4425660000
2024-11-01,2210.1298828125,2227.35009765625,2202.179931640625,2202.179931640625,3796450000
2024-11-04,2219.030029296875,2233.18994140625,2200.300048828125,2206.56005859375,3602060000
2024-11-05,2260.840087890625,2260.919921875,2212.27001953125,2216.6201171875,3768310000
2024-11-06,2392.919921875,2393.85009765625,2300.97998046875,2300.97998046875,6329530000
2024-11-07,2382.68994140625,2402.360107421875,2378.169921875,2391.260009765625,4925740000
2024-11-08,2399.639892578125,2401.909912109375,2376.419921875,2384.080078125,4666740000
2024-11-11,2434.97998046875,2441.719970703125,2411.699951171875,2411.699951171875,4333000000
2024-11-12,2391.85009765625,2432.39990234375,2387.81005859375,2428.139892578125,4243400000
2024-11-13,2369.3701171875,2414.550048828125,2368.469970703125,2401.85009765625,4220180000
2024-11-14,2336.93994140625,2379.590087890625,2333.27001953125,2374.139892578125,4184570000
2024-11-15,2303.840087890625,2346.449951171875,2297.52001953125,2339.9599609375,4590960000
2024-11-18,2306.340087890625,2322.070068359375,2301.8701171875,2306.52001953125,3983860000
2024-11-19,2324.830078125,2325.06005859375,2284.199951171875,2295.780029296875,4036940000
2024-11-20,2325.530029296875,2325.8798828125,2303.7900390625,2323.31005859375,3772620000
2024-11-21,2364.02001953125,2372.25,2331.4599609375,2331.4599609375,4230120000
2024-11-22,2406.669921875,2409.219970703125,2366.43994140625,2366.43994140625,4141420000
2024-11-25,2442.030029296875,2466.489990234375,2419.080078125,2419.080078125,5633150000
2024-11-26,2424.31005859375,2439.02001953125,2415.919921875,2439.02001953125,3835170000
2024-11-27,2426.18994140625,2449.860107421875,2424.510009765625,2430.1298828125,3363340000
2024-11-29,2434.72998046875,2445.639892578125,2433.0,2433.0,2444420000
2024-12-02,2434.139892578125,2442.610107421875,2420.7099609375,2437.2099609375,4412470000
2024-12-03,2416.35009765625,2435.31005859375,2412.85009765625,2433.909912109375,4095000000
2024-12-04,2426.56005859375,2430.030029296875,2412.739990234375,2419.10009765625,4003390000
2024-12-05,2396.169921875,2425.81005859375,2395.159912109375,2425.0400390625,4212020000
2024-12-06,2408.989990234375,2414.179931640625,2401.77001953125,2408.090087890625,3924830000
2024-12-09,2392.840087890625,2428.159912109375,2392.699951171875,2418.830078125,4556460000
2024-12-10,2382.77001953125,2402.659912109375,2378.610107421875,2392.429931640625,4048410000
2024-12-11,2394.159912109375,2407.739990234375,2386.3701171875,2399.050048828125,4269950000
2024-12-12,2361.080078125,2391.860107421875,2360.590087890625,2387.3798828125,3678010000
2024-12-13,2346.89990234375,2361.840087890625,2336.280029296875,2357.800048828125,3584960000
2024-12-16,2361.989990234375,2370.429931640625,2339.739990234375,2344.8701171875,4391100000
2024-12-17,2334.080078125,2354.56005859375,2329.260009765625,2350.7900390625,4544500000
2024-12-18,2231.510009765625,2349.97998046875,2215.739990234375,2342.280029296875,5246960000
2024-12-19,2221.5,2265.35009765625,2217.14990234375,2251.090087890625,4896880000
2024-12-20,2242.3701171875,2264.47998046875,2194.89990234375,2201.7099609375,8223220000
2024-12-23,2237.43994140625,2241.909912109375,2219.419921875,2239.090087890625,3593280000
2024-12-24,2259.85009765625,2259.85009765625,2233.31005859375,2240.25,1757720000
2024-12-26,2280.18994140625,2281.830078125,2243.800048828125,2248.800048828125,2904530000
2024-12-27,2244.590087890625,2273.800048828125,2227.169921875,2268.969970703125,3159610000
2024-12-30,2227.780029296875,2237.919921875,2202.669921875,2230.830078125,3433250000
2024-12-31,2230.159912109375,2250.39990234375,2224.530029296875,2237.929931640625,3128350000
2025-01-02,2231.669921875,2261.75,2219.919921875,2241.820068359375,3621680000
2025-01-03,2268.469970703125,2269.050048828125,2237.72998046875,2237.72998046875,3667340000
2025-01-06,2266.64990234375,2292.300048828125,2264.419921875,2275.7099609375,4940120000
2025-01-07,2249.800048828125,2286.179931640625,2236.550048828125,2271.31005859375,4517330000
2025-01-08,2238.9599609375,2241.889892578125,2211.7099609375,2236.1201171875,4441740000
2025-01-10,2189.22998046875,2215.22998046875,2176.030029296875,2215.22998046875,4751930000
2025-01-13,2194.39990234375,2194.68994140625,2158.6298828125,2176.489990234375,4421200000
2025-01-14,2219.239990234375,2221.330078125,2194.85009765625,2206.159912109375,4142280000
2025-01-15,2263.2900390625,2278.169921875,2252.739990234375,2256.56005859375,4544570000
2025-01-16,2266.7900390625,2273.0400390625,2252.889892578125,2261.969970703125,4285810000
2025-01-17,2275.8798828125,2289.969970703125,2269.219970703125,2281.659912109375,4366830000
2025-01-21,2317.969970703125,2318.81005859375,2286.39990234375,2286.39990234375,4702920000
2025-01-22,2303.719970703125,2318.6298828125,2301.89990234375,2316.139892578125,4323040000
2025-01-23,2314.60009765625,2314.719970703125,2289.27001953125,2296.110107421875,4432250000
2025-01-24,2307.739990234375,2322.27001953125,2303.14990234375,2312.3798828125,4214250000
2025-01-27,2284.02001953125,2311.7900390625,2273.669921875,2290.14990234375,5198750000
2025-01-28,2288.860107421875,2294.669921875,2275.080078125,2287.110107421875,4473640000
2025-01-29,2283.10009765625,2300.8701171875,2269.110107421875,2286.570068359375,4115310000
2025-01-30,2307.449951171875,2320.530029296875,2293.7099609375,2299.820068359375,4634620000
2025-01-31,2287.68994140625,2322.2900390625,2278.780029296875,2307.699951171875,4843770000
2025-02-03,2258.419921875,2271.2099609375,2229.510009765625,2244.820068359375,4797210000
2025-02-04,2290.2099609375,2291.3798828125,2257.110107421875,2257.18994140625,4410160000
2025-02-05,2316.22998046875,2316.22998046875,2293.3798828125,2297.739990234375,4756250000
2025-02-06,2307.1201171875,2326.949951171875,2295.679931640625,2323.300048828125,4847120000
2025-02-07,2279.7099609375,2311.510009765625,2277.6298828125,2308.18994140625,4766900000
2025-02-10,2287.93994140625,2294.7099609375,2281.64990234375,2289.3798828125,4458760000
2025-02-11,2275.699951171875,2282.2099609375,2270.889892578125,2278.159912109375,4324880000
2025-02-12,2255.889892578125,2262.570068359375,2240.510009765625,2250.7099609375,4627960000
2025-02-13,2282.179931640625,2282.419921875,2259.070068359375,2264.830078125,4763800000
2025-02-14,2279.97998046875,2297.7099609375,2276.6298828125,2287.85009765625,4335190000
2025-02-18,2290.35009765625,2294.590087890625,2277.169921875,2281.56005859375,4684980000
2025-02-19,2282.4599609375,2288.75,2273.6298828125,2278.2900390625,4562330000
2025-02-20,2261.739990234375,2280.300048828125,2250.110107421875,2280.300048828125,4813690000
2025-02-21,2195.35009765625,2282.6298828125,2194.110107421875,2275.9599609375,5434560000
2025-02-24,2178.27001953125,2202.06005859375,2169.5400390625,2200.7099609375,4990120000
2025-02-25,2170.080078125,2184.760009765625,2154.35009765625,2180.469970703125,5374690000
2025-02-26,2174.169921875,2199.919921875,2166.860107421875,2175.43994140625,4869580000
2025-02-27,2139.659912109375,2177.7900390625,2139.409912109375,2175.1298828125,5057680000
2025-02-28,2163.070068359375,2163.22998046875,2126.080078125,2135.590087890625,6441140000
2025-03-03,2102.239990234375,2173.570068359375,2092.169921875,2168.02001953125,5613850000
2025-03-04,2079.530029296875,2112.10009765625,2048.010009765625,2083.699951171875,6138110000
2025-03-05,2100.75,2102.949951171875,2066.14990234375,2080.489990234375,5285970000
2025-03-06,2066.550048828125,2093.389892578125,2055.419921875,2081.570068359375,5165080000
2025-03-07,2075.47998046875,2084.39990234375,2033.68994140625,2065.5,5705140000
2025-03-10,2019.0699462890625,2058.090087890625,2003.4200439453125,2058.090087890625,6409370000
2025-03-11,2023.5899658203125,2043.489990234375,2001.18994140625,2022.52001953125,6221240000
2025-03-12,2026.469970703125,2050.2099609375,2012.5699462890625,2037.9100341796875,5219830000
2025-03-13,1993.68994140625,2031.1600341796875,1984.9200439453125,2026.0799560546875,5018980000
2025-03-14,2044.0999755859375,2044.510009765625,2008.530029296875,2008.530029296875,4863180000
2025-03-17,2068.330078125,2073.919921875,2039.9599609375,2041.52001953125,5031770000
2025-03-18,2049.93994140625,2060.969970703125,2043.8699951171875,2060.969970703125,4666270000
2025-03-19,2082.080078125,2092.030029296875,2051.280029296875,2051.280029296875,4660090000
2025-03-20,2068.6298828125,2089.97998046875,2060.489990234375,2068.60009765625,4678420000
2025-03-21,2056.97998046875,2060.77001953125,2040.1400146484375,2057.7900390625,9367460000
2025-03-24,2109.3798828125,2110.5400390625,2075.47998046875,2075.47998046875,4517990000
2025-03-25,2095.3798828125,2110.080078125,2090.0400390625,2108.25,4467340000
2025-03-26,2073.830078125,2103.7099609375,2066.300048828125,2097.179931640625,4183140000
2025-03-27,2065.699951171875,2079.300048828125,2057.60009765625,2072.47998046875,4403460000
2025-03-28,2023.27001953125,2063.31005859375,2013.0,2063.31005859375,4513330000
2025-03-31,2011.9100341796875,2021.949951171875,1973.0799560546875,1997.969970703125,5257250000
2025-04-01,2012.239990234375,2027.0,1985.6700439453125,2007.5899658203125,4434500000
2025-04-02,2045.3599853515625,2048.14990234375,1986.3299560546875,1998.3299560546875,4243830000
2025-04-03,1910.550048828125,1981.6700439453125,1909.699951171875,1981.6700439453125,7210470000
2025-04-04,1827.030029296875,1866.0,1783.06005859375,1866.0,8853500000
2025-04-07,1810.1400146484375,1891.1600341796875,1733.1600341796875,1775.1199951171875,8691980000
2025-04-08,1760.7099609375,1868.989990234375,1738.8199462890625,1850.9100341796875,7408140000
2025-04-09,1913.1600341796875,1930.5999755859375,1732.989990234375,1743.18994140625,9489600000
2025-04-10,1831.3900146484375,1864.77001953125,1788.97998046875,1864.77001953125,6677140000
2025-04-11,1860.199951171875,1860.8499755859375,1802.22998046875,1827.6600341796875,5602550000
2025-04-14,1880.8800048828125,1892.8800048828125,1848.530029296875,1890.6600341796875,5031440000
2025-04-15,1882.9200439453125,1902.3199462890625,1874.989990234375,1879.6800537109375,4317110000
2025-04-16,1863.47998046875,1879.9000244140625,1842.1500244140625,1872.760009765625,4607750000
2025-04-17,1880.6199951171875,1887.6400146484375,1861.300048828125,1863.5,4714880000
2025-04-21,1840.3199462890625,1863.2099609375,1823.3800048828125,1862.7099609375,4226340000
2025-04-22,1890.280029296875,1892.9200439453125,1860.800048828125,1863.93994140625,4666950000
2025-04-23,1919.1400146484375,1967.9200439453125,1914.6199951171875,1938.31005859375,5371390000
2025-04-24,1957.5899658203125,1958.7099609375,1919.050048828125,1922.4599609375,4697710000
2025-04-25,1957.6199951171875,1957.6199951171875,1934.3800048828125,1944.72998046875,4236580000
2025-04-28,1965.550048828125,1973.93994140625,1942.02001953125,1960.3900146484375,4257880000
2025-04-29,1976.52001953125,1982.8399658203125,1948.1600341796875,1957.93994140625,4747150000
2025-04-30,1964.1199951171875,1969.4000244140625,1925.3499755859375,1950.0699462890625,5449490000
2025-05-01,1975.8599853515625,1990.699951171875,1960.489990234375,1974.780029296875,4935270000
2025-05-02,2020.739990234375,2026.530029296875,1997.72998046875,1997.72998046875,4854380000
2025-05-05,2004.260009765625,2020.0899658203125,2000.2900390625,2003.97998046875,4358260000
2025-05-06,1983.18994140625,1998.3199462890625,1976.8599853515625,1984.699951171875,4717260000
2025-05-07,1989.6600341796875,1998.7900390625,1977.6099853515625,1993.72998046875,4987440000
2025-05-08,2026.4100341796875,2040.4599609375,2000.1199951171875,2009.72998046875,5627400000
2025-05-09,2023.0699462890625,2037.300048828125,2016.2900390625,2031.1300048828125,4645090000
2025-05-12,2092.199951171875,2104.7099609375,2076.909912109375,2086.81005859375,6014580000
2025-05-13,2102.35009765625,2109.949951171875,2095.239990234375,2101.550048828125,5516290000
2025-05-14,2083.800048828125,2099.340087890625,2082.81005859375,2096.4599609375,5233450000
2025-05-15,2094.68994140625,2094.969970703125,2069.340087890625,2077.39990234375,4991290000
2025-05-16,2113.25,2114.949951171875,2094.35009765625,2096.02001953125,4850850000
2025-05-19,2104.429931640625,2104.5400390625,2081.47998046875,2082.199951171875,4144010000
2025-05-20,2105.580078125,2111.18994140625,2095.550048828125,2101.3798828125,4416850000
2025-05-21,2046.56005859375,2087.070068359375,2043.1800537109375,2084.110107421875,5254250000
2025-05-22,2045.56005859375,2057.010009765625,2032.4000244140625,2042.030029296875,5157050000
2025-05-23,2039.8499755859375,2044.8900146484375,2011.199951171875,2014.1099853515625,4662820000
2025-05-27,2090.39990234375,2090.56005859375,2058.199951171875,2059.179931640625,5366380000
2025-05-28,2067.800048828125,2092.389892578125,2066.43994140625,2089.909912109375,4665050000
2025-05-29,2074.780029296875,2081.52001953125,2061.02001953125,2077.669921875,4569750000
2025-05-30,2066.2900390625,2074.739990234375,2051.1201171875,2067.330078125,6378540000
2025-06-02,2070.159912109375,2070.5400390625,2043.5999755859375,2066.5,4832240000
2025-06-03,2102.97998046875,2107.389892578125,2070.860107421875,2074.030029296875,5026680000
2025-06-04,2098.47998046875,2110.219970703125,2096.72998046875,2103.280029296875,4767050000
2025-06-05,2097.35009765625,2110.080078125,2086.7900390625,2099.56005859375,5091850000
2025-06-06,2132.25,2132.35009765625,2115.2099609375,2115.2099609375,4355710000
2025-06-09,2144.449951171875,2154.389892578125,2139.050048828125,2144.159912109375,4642360000
2025-06-10,2156.409912109375,2164.469970703125,2150.739990234375,2150.739990234375,4882880000
2025-06-11,2148.22998046875,2170.489990234375,2146.909912109375,2163.550048828125,5111550000
2025-06-12,2140.090087890625,2142.8798828125,2131.070068359375,2142.280029296875,4669500000
2025-06-13,2100.510009765625,2125.080078125,2095.64990234375,2120.22998046875,5258910000
2025-06-16,2124.1298828125,2134.7099609375,2115.070068359375,2115.070068359375,5111710000
2025-06-17,2101.9599609375,2120.3798828125,2101.590087890625,2113.860107421875,4955700000
2025-06-18,2112.9599609375,2127.669921875,2100.43994140625,2101.360107421875,5106470000
2025-06-20,2109.27001953125,2127.550048828125,2103.320068359375,2123.39990234375,7451500000
2025-06-23,2132.679931640625,2133.360107421875,2088.070068359375,2105.52001953125,5597000000
2025-06-24,2161.2099609375,2164.89990234375,2142.739990234375,2144.9599609375,5443690000
2025-06-25,2136.179931640625,2163.669921875,2135.9599609375,2163.010009765625,5171110000
2025-06-26,2172.110107421875,2172.1298828125,2141.469970703125,2141.469970703125,5308140000
2025-06-27,2172.530029296875,2189.179931640625,2159.800048828125,2176.739990234375,7889350000
2025-06-30,2175.0400390625,2182.3701171875,2173.199951171875,2177.820068359375,5782900000
2025-07-01,2197.5400390625,2218.590087890625,2160.6298828125,2165.6298828125,6275310000
2025-07-02,2226.3798828125,2226.7900390625,2194.260009765625,2199.659912109375,5645710000
2025-07-03,2249.0400390625,2249.0400390625,2232.300048828125,2232.300048828125,3378110000
2025-07-07,2214.22998046875,2243.3798828125,2204.31005859375,2237.52001953125,5236740000
2025-07-08,2228.739990234375,2238.530029296875,2219.10009765625,2219.10009765625,5739030000
2025-07-09,2252.489990234375,2252.77001953125,2229.35009765625,2236.35009765625,4813340000
2025-07-10,2263.409912109375,2275.699951171875,2247.18994140625,2251.0400390625,5367350000
2025-07-11,2234.830078125,2253.949951171875,2233.409912109375,2253.949951171875,4656210000
2025-07-14,2249.72998046875,2250.199951171875,2229.4599609375,2231.679931640625,4722250000
2025-07-15,2205.050048828125,2257.570068359375,2205.050048828125,2254.77001953125,5133670000
2025-07-16,2226.989990234375,2229.949951171875,2189.300048828125,2212.8798828125,5177460000
2025-07-17,2253.679931640625,2258.4599609375,2227.199951171875,2228.050048828125,5512290000
2025-07-18,2240.010009765625,2269.610107421875,2238.110107421875,2265.14990234375,5184700000
2025-07-21,2231.1298828125,2259.219970703125,2230.02001953125,2248.25,5010840000
2025-07-22,2248.760009765625,2254.570068359375,2224.330078125,2231.179931640625,5662040000
2025-07-23,2283.1298828125,2283.199951171875,2259.18994140625,2259.18994140625,5642510000
2025-07-24,2252.1298828125,2276.469970703125,2251.77001953125,2276.469970703125,5282720000
2025-07-25,2261.070068359375,2262.580078125,2244.4599609375,2257.2900390625,4470720000
2025-07-28,2256.72998046875,2270.169921875,2252.97998046875,2267.570068359375,4565620000
2025-07-29,2242.9599609375,2273.3798828125,2239.090087890625,2268.330078125,5076120000
2025-07-30,2232.39990234375,2265.81005859375,2220.300048828125,2249.320068359375,5375070000
2025-07-31,2211.64990234375,2235.6298828125,2207.389892578125,2225.639892578125,6077080000
2025-08-01,2166.780029296875,2192.93994140625,2143.429931640625,2192.93994140625,5827150000
2025-08-04,2212.300048828125,2212.449951171875,2177.10009765625,2177.10009765625,4842580000
2025-08-05,2225.669921875,2228.47998046875,2200.72998046875,2218.43994140625,5517410000
2025-08-06,2221.2900390625,2225.360107421875,2211.2099609375,2224.25,5408560000
2025-08-07,2214.719970703125,2243.159912109375,2202.8701171875,2234.580078125,5306090000
2025-08-08,2218.419921875,2228.300048828125,2214.27001953125,2222.7900390625,4769910000
2025-08-11,2216.510009765625,2229.72998046875,2213.5400390625,2221.909912109375,4652400000
2025-08-12,2282.780029296875,2283.669921875,2229.679931640625,2232.06005859375,5135300000
2025-08-13,2328.06005859375,2329.260009765625,2296.030029296875,2296.18994140625,5195950000
2025-08-14,2299.080078125,2304.489990234375,2279.860107421875,2304.489990234375,4462050000
2025-08-15,2286.52001953125,2305.0,2279.570068359375,2304.199951171875,4575060000
2025-08-18,2294.469970703125,2298.27001953125,2285.800048828125,2287.110107421875,4162290000
2025-08-19,2276.610107421875,2300.510009765625,2272.860107421875,2295.1201171875,4377440000
2025-08-20,2269.35009765625,2274.68994140625,2252.429931640625,2273.7900390625,4470390000
2025-08-21,2274.10009765625,2277.010009765625,2254.550048828125,2258.93994140625,4013560000
2025-08-22,2361.949951171875,2366.60009765625,2285.179931640625,2285.179931640625,5046860000
2025-08-25,2339.169921875,2357.389892578125,2339.070068359375,2357.389892578125,4059070000
2025-08-26,2358.60009765625,2361.7099609375,2339.169921875,2339.169921875,4867680000
2025-08-27,2373.800048828125,2375.7099609375,2352.780029296875,2353.929931640625,4143680000
2025-08-28,2378.409912109375,2384.010009765625,2370.1201171875,2382.590087890625,4283760000
2025-08-29,2366.419921875,2382.1298828125,2359.39990234375,2381.159912109375,4234840000
2025-09-02,2352.2099609375,2354.989990234375,2329.949951171875,2339.860107421875,4784000000
2025-09-03,2349.969970703125,2359.199951171875,2340.489990234375,2352.3701171875,4465360000
2025-09-04,2379.610107421875,2379.7900390625,2351.340087890625,2354.409912109375,4670770000
2025-09-05,2391.050048828125,2407.3701171875,2366.780029296875,2389.97998046875,5066120000
2025-09-08,2394.889892578125,2398.139892578125,2378.820068359375,2395.64990234375,5211500000
2025-09-09,2381.820068359375,2393.989990234375,2370.2099609375,2393.550048828125,4798350000
2025-09-10,2378.010009765625,2394.159912109375,2369.010009765625,2384.68994140625,5253010000
2025-09-11,2421.530029296875,2422.330078125,2379.989990234375,2380.93994140625,5426460000
2025-09-12,2397.06005859375,2416.050048828125,2396.7099609375,2416.0,4641640000
2025-09-15,2405.1298828125,2411.52001953125,2399.780029296875,2402.93994140625,5045020000
2025-09-16,2403.030029296875,2406.919921875,2388.25,2405.0,5359510000
2025-09-17,2407.340087890625,2453.360107421875,2396.10009765625,2406.10009765625,5805340000
2025-09-18,2467.699951171875,2470.070068359375,2420.590087890625,2420.590087890625,5292400000
2025-09-19,2448.77001953125,2472.27001953125,2445.860107421875,2471.9599609375,9125960000
2025-09-22,2463.340087890625,2466.889892578125,2431.6201171875,2445.89990234375,5642620000
2025-09-23,2457.510009765625,2488.840087890625,2455.070068359375,2467.27001953125,5633620000
2025-09-24,2434.97998046875,2461.489990234375,2434.97998046875,2459.2900390625,5459180000
2025-09-25,2411.0400390625,2418.97998046875,2393.81005859375,2418.97998046875,5874670000
2025-09-26,2434.320068359375,2435.14990234375,2413.550048828125,2414.969970703125,5103110000
2025-09-29,2435.25,2449.260009765625,2428.300048828125,2442.659912109375,5358760000
2025-09-30,2436.47998046875,2438.330078125,2413.280029296875,2432.639892578125,6057210000
2025-10-01,2442.35009765625,2447.4599609375,2424.8798828125,2428.22998046875,6037950000
2025-10-02,2458.489990234375,2458.550048828125,2435.7900390625,2448.97998046875,5416130000
2025-10-03,2476.179931640625,2497.360107421875,2466.679931640625,2466.679931640625,5713110000
2025-10-06,2486.35009765625,2501.919921875,2481.340087890625,2489.139892578125,5604460000
2025-10-07,2458.419921875,2493.10009765625,2451.31005859375,2490.429931640625,5546150000
2025-10-08,2483.989990234375,2487.639892578125,2458.669921875,2467.6298828125,5383130000
2025-10-09,2468.85009765625,2490.75,2459.6298828125,2485.739990234375,5385020000
2025-10-10,2394.590087890625,2484.35009765625,2393.85009765625,2473.2900390625,5385020000
2025-10-13,2461.419921875,2462.919921875,2423.0,2423.0,5303960000
2025-10-14,2495.5,2512.679931640625,2417.739990234375,2444.22998046875,5666920000
2025-10-15,2519.75,2541.669921875,2490.56005859375,2510.570068359375,5633060000
2025-10-16,2467.02001953125,2529.2900390625,2458.25,2523.050048828125,6048180000
2025-10-17,2452.169921875,2465.090087890625,2433.18994140625,2455.659912109375,5358120000
2025-10-20,2499.909912109375,2500.530029296875,2471.14990234375,2471.14990234375,4672170000
2025-10-21,2487.68994140625,2500.550048828125,2473.570068359375,2495.679931640625,5245020000
2025-10-22,2451.550048828125,2485.139892578125,2426.530029296875,2483.330078125,5710010000
2025-10-23,2482.659912109375,2488.35009765625,2457.330078125,2457.330078125,5565750000
2025-10-24,2513.469970703125,2526.840087890625,2502.110107421875,2502.110107421875,5058220000
2025-10-27,2520.43994140625,2539.93994140625,2515.570068359375,2527.2099609375,5290650000
2025-10-28,2506.64990234375,2523.780029296875,2500.81005859375,2516.1201171875,5695930000
2025-10-29,2484.81005859375,2527.5400390625,2467.7099609375,2505.43994140625,6280130000
2025-10-30,2465.949951171875,2496.050048828125,2464.81005859375,2476.830078125,6052700000
2025-10-31,2479.3798828125,2484.199951171875,2455.969970703125,2469.179931640625,6398280000
2025-11-03,2471.239990234375,2481.050048828125,2441.909912109375,2481.050048828125,6065720000
2025-11-04,2427.340087890625,2457.1201171875,2426.6201171875,2447.610107421875,5739510000
2025-11-05,2464.780029296875,2473.360107421875,2429.1298828125,2429.1298828125,5939600000
2025-11-06,2418.820068359375,2461.469970703125,2417.090087890625,2460.239990234375,6051900000
2025-11-07,2432.820068359375,2432.909912109375,2380.070068359375,2407.969970703125,5926070000
2025-11-10,2455.64990234375,2468.889892578125,2440.330078125,2451.75,5366050000
2025-11-11,2458.280029296875,2463.570068359375,2443.409912109375,2451.81005859375,4983490000
2025-11-12,2450.800048828125,2478.139892578125,2449.530029296875,2463.360107421875,5293610000
2025-11-13,2382.97998046875,2441.610107421875,2375.3701171875,2441.610107421875,5473720000
2025-11-14,2388.22998046875,2400.449951171875,2345.10009765625,2359.159912109375,5042660000
2025-11-17,2341.3798828125,2390.919921875,2334.260009765625,2381.68994140625,5204220000
2025-11-18,2348.739990234375,2363.580078125,2325.110107421875,2333.409912109375,5159390000
2025-11-19,2347.889892578125,2375.3798828125,2340.550048828125,2349.35009765625,5021610000
2025-11-20,2305.110107421875,2404.25,2303.4599609375,2365.330078125,5596080000
2025-11-21,2369.590087890625,2383.550048828125,2306.780029296875,2306.780029296875,5929930000
2025-11-24,2414.280029296875,2418.31005859375,2372.340087890625,2372.800048828125,6039740000
2025-11-25,2465.97998046875,2470.830078125,2417.669921875,2417.669921875,5003330000
2025-11-26,2486.1201171875,2502.9599609375,2464.7099609375,2466.010009765625,4485000000
2025-11-28,2500.429931640625,2501.4599609375,2492.050048828125,2492.050048828125,2558540000
2025-12-01,2469.1298828125,2488.580078125,2468.010009765625,2482.22998046875,4549370000
2025-12-02,2464.97998046875,2487.639892578125,2464.97998046875,2480.050048828125,4582290000
2025-12-03,2512.139892578125,2512.449951171875,2468.64990234375,2469.639892578125,4736780000
2025-12-04,2531.159912109375,2540.010009765625,2501.77001953125,2508.239990234375,4872440000
2025-12-05,2521.47998046875,2538.3701171875,2517.909912109375,2530.449951171875,4944560000
2025-12-08,2520.97998046875,2540.89990234375,2517.139892578125,2532.419921875,4757130000
2025-12-09,2526.239990234375,2541.77001953125,2514.090087890625,2515.7900390625,4508050000
2025-12-10,2559.610107421875,2576.31005859375,2519.169921875,2524.47998046875,5526570000
2025-12-11,2590.610107421875,2593.889892578125,2558.4599609375,2560.97998046875,5021060000
2025-12-12,2551.4599609375,2595.97998046875,2548.81005859375,2593.360107421875,4910160000
2025-12-15,2530.669921875,2567.4599609375,2529.3701171875,2562.5,4975600000
2025-12-16,2519.300048828125,2536.6201171875,2506.550048828125,2526.5,4983180000
2025-12-17,2492.300048828125,2540.25,2487.97998046875,2522.110107421875,5122120000
2025-12-18,2507.8701171875,2531.7900390625,2504.489990234375,2517.659912109375,5101190000
2025-12-19,2529.429931640625,2534.820068359375,2508.590087890625,2508.590087890625,8554470000
2025-12-22,2558.780029296875,2572.89990234375,2538.800048828125,2538.800048828125,4465030000
2025-12-23,2541.1201171875,2553.199951171875,2537.93994140625,2548.639892578125,3820560000
2025-12-24,2548.080078125,2549.9599609375,2535.1298828125,2539.330078125,1798270000
2025-12-26,2534.35009765625,2546.780029296875,2527.360107421875,2546.780029296875,2586550000
2025-12-29,2519.800048828125,2533.64990234375,2515.679931640625,2524.840087890625,3541750000
2025-12-30,2500.590087890625,2520.909912109375,2500.489990234375,2519.89990234375,3309930000
2025-12-31,2481.909912109375,2501.77001953125,2480.679931640625,2500.3701171875,3261830000
2026-01-02,2508.219970703125,2509.719970703125,2481.590087890625,2491.820068359375,4184120000
2026-01-05,2547.919921875,2556.239990234375,2516.81005859375,2516.81005859375,5771930000
2026-01-06,2582.89990234375,2582.989990234375,2541.6298828125,2544.9599609375,5509680000
2026-01-07,2575.419921875,2585.6201171875,2563.39990234375,2585.6201171875,5214480000
2026-01-08,2603.909912109375,2608.580078125,2566.659912109375,2567.610107421875,5333200000
2026-01-09,2624.219970703125,2635.800048828125,2606.659912109375,2614.72998046875,5163900000
2026-01-12,2635.68994140625,2636.719970703125,2606.89990234375,2614.090087890625,5019040000
2026-01-13,2633.110107421875,2647.0400390625,2627.39990234375,2644.489990234375,5091730000
2026-01-14,2651.639892578125,2653.31005859375,2624.2900390625,2631.06005859375,5530830000
2026-01-15,2674.56005859375,2689.280029296875,2659.2900390625,2661.110107421875,5114050000
2026-01-16,2677.739990234375,2692.22998046875,2668.56005859375,2676.81005859375,5356550000
2026-01-20,2645.360107421875,2670.320068359375,2632.360107421875,2636.840087890625,5769500000
2026-01-21,2698.169921875,2703.75,2651.469970703125,2662.1201171875,5835520000
2026-01-22,2718.77001953125,2735.10009765625,2714.989990234375,2717.800048828125,5307580000
2026-01-23,2669.159912109375,2712.699951171875,2664.550048828125,2712.699951171875,4871930000
2026-01-26,2659.669921875,2684.989990234375,2657.419921875,2672.3701171875,4968050000
2026-01-27,2666.699951171875,2668.56005859375,2650.639892578125,2659.929931640625,5331720000
2026-01-28,2653.550048828125,2685.860107421875,2647.6298828125,2681.010009765625,5507670000
2026-01-29,2654.780029296875,2665.06005859375,2616.139892578125,2660.610107421875,6877780000
2026-01-30,2613.739990234375,2648.27001953125,2599.570068359375,2633.7900390625,6697340000
2026-02-02,2640.280029296875,2654.840087890625,2603.7900390625,2604.47998046875,5772050000
2026-02-03,2648.5,2666.85009765625,2605.8798828125,2648.1298828125,7017660000
2026-02-04,2624.550048828125,2660.43994140625,2591.8701171875,2657.449951171875,7475750000
2026-02-05,2577.64990234375,2629.830078125,2569.22998046875,2606.7099609375,6989120000
2026-02-06,2670.340087890625,2676.219970703125,2611.2900390625,2611.2900390625,6283680000
2026-02-09,2689.050048828125,2695.449951171875,2659.9599609375,2667.43994140625,5650260000
2026-02-10,2679.77001953125,2704.080078125,2678.5,2691.7900390625,5595950000
2026-02-11,2669.469970703125,2706.360107421875,2643.159912109375,2700.330078125,6175510000
2026-02-12,2615.830078125,2692.77001953125,2604.5,2684.989990234375,7118700000
2026-02-13,2646.699951171875,2668.2900390625,2610.340087890625,2620.139892578125,5718360000
2026-02-17,2646.590087890625,2659.4599609375,2611.340087890625,2644.199951171875,5418480000
2026-02-18,2658.610107421875,2686.760009765625,2644.47998046875,2646.929931640625,5098160000
2026-02-19,2665.090087890625,2665.219970703125,2637.580078125,2648.10009765625,5151690000
2026-02-20,2663.780029296875,2682.419921875,2642.070068359375,2660.2900390625,5432480000
2026-02-23,2620.989990234375,2659.300048828125,2600.989990234375,2654.830078125,5638350000
2026-02-24,2652.330078125,2656.139892578125,2619.030029296875,2620.31005859375,5266090000
2026-02-25,2663.330078125,2671.25,2643.919921875,2661.10009765625,5328060000
2026-02-26,2677.2900390625,2679.610107421875,2640.659912109375,2665.18994140625,5889550000
2026-02-27,2632.360107421875,2652.75,2616.10009765625,2652.75,6665660000
2026-03-02,2655.93994140625,2658.6201171875,2596.68994140625,2608.889892578125,6079080000
2026-03-03,2608.360107421875,2624.89990234375,2550.969970703125,2613.64990234375,6442080000
2026-03-04,2636.010009765625,2644.14990234375,2608.5,2621.56005859375,5252170000
2026-03-05,2585.570068359375,2621.64990234375,2560.989990234375,2619.31005859375,5989300000
2026-03-06,2525.300048828125,2554.659912109375,2518.31005859375,2554.659912109375,5793120000
2026-03-09,2553.669921875,2559.169921875,2463.3798828125,2503.18994140625,6709410000
2026-03-10,2548.080078125,2591.330078125,2544.389892578125,2551.010009765625,5944950000
2026-03-11,2542.89990234375,2556.85009765625,2524.530029296875,2538.919921875,5511090000
2026-03-12,2488.989990234375,2520.830078125,2483.320068359375,2520.830078125,6292170000
2026-03-13,2480.050048828125,2519.929931640625,2471.909912109375,2501.409912109375,5337120000
2026-03-16,2503.2900390625,2525.6201171875,2499.110107421875,2499.669921875,5176290000
2026-03-17,2519.989990234375,2534.68994140625,2511.590087890625,2512.8701171875,5063390000
2026-03-18,2478.639892578125,2511.159912109375,2478.1201171875,2511.159912109375,5275480000
2026-03-19,2494.7099609375,2515.010009765625,2447.719970703125,2459.050048828125,5973390000
2026-03-20,2438.449951171875,2496.590087890625,2422.989990234375,2494.27001953125,10025820000
2026-03-23,2494.22998046875,2529.550048828125,2465.39990234375,2465.39990234375,6020650000
2026-03-24,2505.43994140625,2517.85009765625,2472.199951171875,2481.330078125,5278580000
2026-03-25,2536.3798828125,2547.929931640625,2518.35009765625,2526.56005859375,4936720000
2026-03-26,2493.320068359375,2534.639892578125,2490.510009765625,2517.010009765625,4845560000
2026-03-27,2449.699951171875,2482.1298828125,2443.6298828125,2481.110107421875,5303490000
2026-03-30,2414.010009765625,2467.010009765625,2404.989990234375,2461.550048828125,5458640000
2026-03-31,2496.3701171875,2501.7900390625,2437.669921875,2437.669921875,6396100000
2026-04-01,2512.3701171875,2540.590087890625,2510.8798828125,2510.8798828125,5637260000
2026-04-02,2530.0400390625,2535.320068359375,2468.7900390625,2482.590087890625,4740740000
2026-04-06,2540.639892578125,2544.89990234375,2523.639892578125,2527.8798828125,3906440000
2026-04-07,2544.949951171875,2547.919921875,2515.5,2534.550048828125,4555680000
2026-04-08,2620.4599609375,2636.52001953125,2596.1298828125,2596.1298828125,5904880000
2026-04-09,2636.31005859375,2645.14990234375,2608.969970703125,2612.64990234375,4912410000
2026-04-10,2630.590087890625,2646.3701171875,2623.070068359375,2640.820068359375,4393220000
2026-04-13,2670.489990234375,2671.050048828125,2622.139892578125,2625.68994140625,4785840000
2026-04-14,2705.669921875,2711.919921875,2679.7099609375,2679.7099609375,5032380000
2026-04-15,2713.659912109375,2714.9599609375,2694.830078125,2705.989990234375,5278610000
2026-04-16,2719.60009765625,2720.050048828125,2700.93994140625,2713.989990234375,5173650000
2026-04-17,2776.89990234375,2793.1201171875,2741.739990234375,2741.739990234375,6145300000
2026-04-20,2792.9599609375,2795.510009765625,2764.6298828125,2771.139892578125,4661130000
2026-04-21,2764.969970703125,2817.9599609375,2759.1201171875,2798.510009765625,5160270000
2026-04-22,2785.3798828125,2799.27001953125,2770.02001953125,2783.27001953125,4919460000
2026-04-23,2775.10009765625,2796.10009765625,2741.5400390625,2784.820068359375,5307260000
2026-04-24,2787.0,2796.679931640625,2762.22998046875,2783.47998046875,4608830000
2026-04-27,2788.18994140625,2796.739990234375,2781.5,2788.6201171875,4783750000
2026-04-28,2756.050048828125,2790.60009765625,2746.0,2782.280029296875,4900650000
2026-04-29,2739.469970703125,2760.64990234375,2725.22998046875,2753.68994140625,5123100000
2026-04-30,2799.909912109375,2801.080078125,2744.090087890625,2744.7900390625,5723790000
2026-05-01,2812.820068359375,2815.68994140625,2788.52001953125,2803.85009765625,4847390000
2026-05-04,2796.0,2826.409912109375,2782.489990234375,2809.8798828125,5215480000
2026-05-05,2845.0,2846.669921875,2806.0,2806.0,5279760000
2026-05-06,2886.77001953125,2888.6201171875,2853.97998046875,2857.110107421875,6579640000
2026-05-07,2839.6298828125,2886.8798828125,2832.72998046875,2886.8798828125,6237040000
2026-05-08,2861.2099609375,2866.239990234375,2844.080078125,2852.070068359375,5302740000
2026-05-11,2870.639892578125,2888.2099609375,2864.199951171875,2864.199951171875,5821910000
2026-05-12,2842.830078125,2861.830078125,2799.68994140625,2861.830078125,5624790000
2026-05-13,2843.929931640625,2852.719970703125,2815.9599609375,2846.25,5716600000
2026-05-14,2863.090087890625,2873.8701171875,2838.8798828125,2852.75,5267050000
2026-05-15,2793.300048828125,2839.320068359375,2791.5,2839.320068359375,5582070000
2026-05-18,2775.10009765625,2802.840087890625,2757.02001953125,2793.300048828125,5489500000
2026-05-19,2747.070068359375,2766.389892578125,2722.85009765625,2753.159912109375,5441140000
2026-05-20,2817.3701171875,2817.989990234375,2755.7099609375,2764.409912109375,5384150000
2026-05-21,2843.449951171875,2850.6201171875,2798.25,2802.360107421875,5440620000
2026-05-22,2869.22998046875,2878.610107421875,2855.1201171875,2855.1201171875,4952440000
2026-05-26,2920.5400390625,2923.0400390625,2892.31005859375,2899.010009765625,5496060000
2026-05-27,2919.93994140625,2932.739990234375,2908.639892578125,2924.360107421875,5524250000
2026-05-28,2936.570068359375,2942.610107421875,2897.85009765625,2915.0400390625,5494860000
2026-05-29,2919.340087890625,2932.570068359375,2898.830078125,2932.570068359375,7858290000
