k,consensus_cdf_area,delta_area
2,0.4612732586260147,0.4612732586260147
3,0.6641706293013525,0.43986371826475285
4,0.7432846308048227,0.1191169829155061
5,0.79340919156425,0.06743656290209166
6,0.823450201919547,0.03786319931089962
7,0.8506458220427383,0.03302642960047315
8,0.871024515888417,0.02395673183551453
9,0.8833640728891685,0.014166716063285038
10,0.8946523953543936,0.012778788284093295
