k,silhouette,davies_bouldin,calinski_harabasz
2,0.3121638000011444,1.21028036473012,446.96421468049436
