cluster,n_terms,top_term,top_term_event_share,top_5_event_share
1,219,2020 election map,0.004651964162646451,0.023259820813232253
2,40,49ers,0.025,0.125
3,207,adin ross,0.004830917874396135,0.024154589371980676
4,185,aaron judge,0.005555555555555556,0.027777777777777776
5,157,aaron rodgers,0.006370428627605191,0.03185214313802595
6,39,biden,0.02631578947368421,0.13157894736842105
