k,n_terms,min_cluster_size,max_cluster_size,median_cluster_size,largest_cluster_share,is_final_k
7,847,25,436,58.0,0.5147579693034239,False
8,847,25,436,65.0,0.5147579693034239,False
9,847,25,301,72.0,0.35537190082644626,False
10,847,25,301,65.0,0.35537190082644626,True
11,847,25,231,70.0,0.2727272727272727,False
