k,silhouette,davies_bouldin,calinski_harabasz,inertia
2,0.33053529262542725,1.1731170548623473,509.2872521780366,9764.2158203125
