k,consensus_cdf_area,delta_area
2,0.46163015390875933,0.46163015390875933
3,0.664432775735027,0.43931840264133043
4,0.7418781955324312,0.11655869882657484
5,0.793365326202276,0.0694010566423151
6,0.8244000901071112,0.039117872788056125
7,0.8505640705160813,0.03173699363081179
8,0.8709498597526415,0.023967376407271812
9,0.883339994477306,0.01422600231910419
10,0.894718705945616,0.012881463014751184
