k,silhouette,davies_bouldin,calinski_harabasz,min_cluster_frac,norm_entropy
2,0.3301907777786255,1.1741458357509045,509.2831446892352,0.35542168674698793,0.9388170972669767
3,0.18197055160999298,1.832704652662997,340.10910326637435,0.29156626506024097,0.990654748399031
4,0.16334791481494904,1.8560639763064446,263.89899598500443,0.22409638554216868,0.9968783836177957
5,0.14166967570781708,1.9191648943887483,219.06052081117616,0.09036144578313253,0.9338831966109572
6,0.13340596854686737,1.8916444791127838,194.47703811486954,0.09036144578313253,0.9586567501318828
