cluster_index,dowjones,nasdaq100,russell2000,sp500
cluster_0_index,0.10213619474899982,0.09201077465785701,0.06929135330618608,0.10425889281876877
cluster_1_index,0.03202695571885472,0.041540869294633964,0.02604389921725203,0.07078409032335731
cluster_2_index,0.06195755944812731,0.058902553949044756,0.028445471490168406,0.07778975735662363
cluster_3_index,0.03670268656781339,0.03958794371916163,0.026058431599589094,0.0626545154959105
cluster_4_index,0.04955200964691431,0.046706966727965926,0.028617560046657275,0.057105047602189485
cluster_5_index,0.03582892478521105,0.04150690007939639,0.025698278173312494,0.06901926460943075
cluster_6_index,0.030077766720949195,0.042295101265951374,0.029755264955665273,0.0729535709408935
cluster_7_index,0.022308400586873778,0.0315881313288402,0.02048938242483478,0.059405266040224114
cluster_8_index,0.025261995420077787,0.028075560268208677,0.023662539111318992,0.05224880067917381
