k,n_clusters,weakest_cluster_margin,strongest_cluster_margin,largest_cluster_n_terms,is_final_k
7,7,0.33714818954467773,11.839896202087402,436,False
8,8,0.33714818954467773,11.839896202087402,436,False
9,9,0.8570311069488525,11.839896202087402,301,False
10,10,-0.37965157628059387,11.839896202087402,301,True
11,11,-0.37965157628059387,11.839896202087402,231,False
