n_segments,reconstruction_mse,compression_ratio,marginal_gain_per_segment
48,2.6666531027779405,33.583333333333336,
50,2.628019908609525,32.24,0.019316597084207743
64,2.441668631832349,25.1875,0.013310805484084
96,2.1968014409076932,16.791666666666668,0.007652099716395494
100,2.055099162208495,16.12,0.035425569674799595
128,1.997573841395256,12.59375,0.002054475743329961
201,1.5072330265354543,8.019900497512438,0.006716997463832899
403,0.8677923310819452,4.0,0.0031655479972945997
806,0.30601877960240964,2.0,0.0013939790359293687
