linkage_method,k,global_silhouette,minimum_cluster_silhouette,median_cluster_silhouette,negative_term_share,minimum_cluster_size,maximum_cluster_size,is_baseline_linkage,ari_vs_baseline
average,10,0.059942614619338946,0.0,0.04037803255612754,0.17591499409681227,1,828,False,-0.005765826595349926
single,10,0.05066259094344391,0.0,0.0,0.24203069657615112,1,835,False,-0.0019204562812881081
ward,10,0.040293778107243446,-0.1155692656942863,0.14393410755509933,0.4935064935064935,25,301,True,1.0
complete,10,0.02831311080653297,-0.11167067975621678,-0.030434759344311797,0.5560802833530106,8,284,False,0.1312712924849097
