n_segments,reconstruction_mse,compression_ratio,pct_mse_reduction_per_doubling
24,3.1137653620544485,67.16666666666667,
48,2.6666531027779405,33.583333333333336,0.14359214882572435
96,2.1968014409076932,16.791666666666668,0.17619526941122832
192,1.7110263146603144,8.395833333333334,0.22112837200555646
384,1.1340010148614985,4.197916666666667,0.3372392901586503
806,0.30601877960240964,2.0,0.6825843513824775
1612,0.0,1.0,1.0
