representation,silhouette,min_cluster_size,stability_median,ari_vs_sax_mindist
SAX / MINDIST (baseline),0.038321743727918675,4,0.38488035892625405,0.30301018898241006
Raw Euclidean,0.06360216230922922,3,0.5918179636023417,0.2717819039382381
"DTW (on PAA, Sakoe-Chiba band)",0.08445255417428257,3,0.5379290197362447,0.0760433921479868
1d-SAX (simplified),0.05348934247804467,9,0.3930441031222265,0.3006465465684764
