cluster_index,dowjones,nasdaq100,russell2000,sp500
cluster_0_index,0.08522470459749665,0.09203171805778587,0.08705681039445323,0.11400937669012878
cluster_1_index,0.007497308755378462,0.02044852712043277,0.02173240192149295,0.05967942785587255
cluster_2_index,0.061564460193651915,0.06862292992426267,0.06852205327368122,0.10794518681508114
cluster_3_index,0.018754358722279263,0.02335018661833932,0.020037692526117867,0.05595205003068204
cluster_4_index,0.04292133067642212,0.03414122429370703,0.022663635358930567,0.044717159879282264
cluster_5_index,0.016446093245714555,0.025828883161483573,0.025201868277549,0.059683097643966954
cluster_6_index,0.01249210457356531,0.028787290546805733,0.020051791480211523,0.06726447355958975
cluster_7_index,0.0023158890653035558,0.016683368673984234,0.022074472654161403,0.05569017833734935
cluster_8_index,-0.04916396935966616,-0.015747643233439357,0.0011737836648070266,0.05140602926771398
