clip_threshold,share_clipped,ari_vs_unclipped,n_common_terms
2,0.18607492214530338,0.2609993026347803,847
3,0.1243272856176082,0.2575441079573974,847
4,0.09299351674718244,0.30460751643663364,847
5,0.07572705886488877,0.27879450600554095,847
6,0.06392873988181906,0.323991100718345,847
8,0.04913341790174635,0.2826586229136342,847
none,0.0,1.0,847
