comparison,n_terms,ari
"(96,9) vs (128,11)",847,0.2703330515614123
"DTW vs (128,11)",300,0.114535492112132
"DTW vs (96,9)",300,0.0760433921479868
