cluster,n_terms,share_of_terms
1,90,0.10625737898465171
2,46,0.05430932703659976
3,40,0.047225501770956316
4,58,0.06847697756788666
5,72,0.08500590318772137
6,80,0.09445100354191263
7,25,0.0295159386068477
8,301,0.35537190082644626
9,135,0.15938606847697756
