predictors,horizon_days,train_n,test_n,oos_r2,oos_rmse,oos_corr,cluster,index_construction
cluster_2_index,1,770,331,0.1762726483244209,0.004986619103153987,0.6017013534908932,2,equal
cluster_2_index,7,766,329,0.1792642493883544,0.004985595384924978,0.5873283637668163,2,equal
cluster_2_index,1,770,331,0.13722591075890445,0.005103439843999302,0.5430981089913159,2,stability
cluster_2_index,7,766,329,0.14420490360336846,0.005090966635265298,0.5477928030663142,2,stability
cluster_2_index,1,770,331,-0.008347455976470464,0.00551721053044484,0.025158781099288603,2,top20_stability
cluster_2_index,7,766,329,-0.006488896529947885,0.005521026707873964,0.061176997577488505,2,top20_stability
