cluster,n_terms,embedding_lag_days,is_significant_periodicity,spectral_concentration
1,90,90,True,26.101557362777722
2,46,90,True,12.316601536712708
3,40,179,True,114.87788473884221
4,58,7,True,66.28537633830726
5,72,179,True,39.14833176653428
6,80,269,True,22.959808967675297
7,25,124,True,59.59561268217193
8,301,124,True,26.32665874467246
9,47,7,True,46.31709170768346
10,88,179,True,65.426690526045
