cluster,rank_within_cluster,term,distance_to_cluster_center
1,1,email,7.976533784793339
1,2,outlook,8.074395796321685
2,1,bears,12.858290127384747
2,2,miami dolphins,12.94741769620491
3,1,yahoo,9.913103511415246
3,2,geico,10.32791152623481
4,1,fedex tracking,10.477230520820541
4,2,ups tracking,11.308663621309416
5,1,bubble tea,14.580711364688659
5,2,texas roadhouse,14.730433765921767
6,1,nascar,15.50853935415609
6,2,where s my refund,17.471645104082157
