linkage_method,k_used,silhouette_mindist,min_cluster_size,max_cluster_size,stability_mean,stability_median
single,6,0.08770279892255665,1,841,0.7492056986698632,0.747459917101471
average,6,0.0972754096324516,1,834,0.7236521967815178,0.7355829343553859
complete,6,0.03956803798622061,28,284,0.1691247933605348,0.15588260684181976
ward,6,0.042783834864702344,25,436,0.3610216745043503,0.34899282793638087
