Pipeline Stage,Parameter,n_perturbations,min_ari,median_ari,mean_ari,max_ari,min_surviving_n,mean_surviving_share,ari_range
Representation,LINKAGE_METHOD,2,-0.005765826595349926,0.06275273294477988,0.06275273294477988,0.1312712924849097,847,1.0,0.13703711908025965
Filtering,MAX_ZERO_SHARE,3,0.26113689756496566,0.378289602388264,0.36935814936524375,0.4686479481425016,762,0.957103502558048,0.20751105057753594
Preprocessing,DETREND_WINDOW,2,0.29087790308974826,0.32087033880465377,0.32087033880465377,0.3508627745195593,847,1.0,0.059984871429811015
Preprocessing,DENOISE_WINDOW,3,0.31930180814238335,0.3199163831539617,0.34418541537910724,0.3933380548409766,847,1.0,0.07403624669859327
Representation,BREAKPOINT_MODE,1,0.333048429245828,0.333048429245828,0.333048429245828,0.333048429245828,847,1.0,0.0
Preprocessing,DENOISE_POLYORDER,1,0.4834663108410196,0.4834663108410196,0.4834663108410196,0.4834663108410196,847,1.0,0.0
Filtering,MAX_INTERPOLATE_GAP,2,1.0,1.0,1.0,1.0,847,1.0,0.0
Filtering,MAX_MISSING_SHARE,2,1.0,1.0,1.0,1.0,847,1.0,0.0
Representation,TIE_EPS,2,1.0,1.0,1.0,1.0,847,1.0,0.0
