cluster,n_terms,share_of_terms
1,90,0.10625737898465171
2,86,0.10153482880755609
3,58,0.06847697756788666
4,152,0.179456906729634
5,25,0.0295159386068477
6,436,0.5147579693034239
