cluster_index,dowjones,nasdaq100,russell2000,sp500
cluster_0_index,0.08633749515784606,0.0785334068896032,0.07171192419675732,0.10086339393395927
cluster_1_index,0.004940795456906177,0.02078989246299523,0.02162373099812387,0.06250222740769218
cluster_2_index,0.035289578809018174,0.03898178898160587,0.0231277111977235,0.07317579332146062
cluster_3_index,0.008513055142175263,0.017943329650794704,0.021097941310909807,0.05584397027480992
cluster_4_index,0.02046080615304191,0.024875651238807195,0.02313941169295286,0.05167840466229834
cluster_5_index,0.008230651870343775,0.020345119997723815,0.02063852351773432,0.06071123675239254
cluster_6_index,0.004248357617771759,0.022082294603412822,0.022676273295579308,0.06439383455011494
cluster_7_index,-0.0029144829942602257,0.011573244390316706,0.014932248052477393,0.05405027126382378
cluster_8_index,-0.0020890823044652507,0.008938293267535147,0.022669266538865918,0.049334369355697905
