k,silhouette,davies_bouldin,calinski_harabasz,inertia
2,0.31453442573547363,1.1868466459339941,369.6989358596231,14918.8076171875
