k,silhouette,davies_bouldin,calinski_harabasz
2,0.3112730383872986,1.1307311410109808,344.78067576010085
